"../../../Engine/Plugins/Animation/ACLPlugin/Content/ACLAnimCurveCompressionSettings.uasset" 0
"../../../Engine/Plugins/Animation/ACLPlugin/Content/ACLAnimCurveCompressionSettings.uexp" 1
"../../../Engine/Plugins/Animation/ACLPlugin/Content/ACLAnimBoneCompressionSettings.uasset" 2
"../../../Engine/Plugins/Animation/ACLPlugin/Content/ACLAnimBoneCompressionSettings.uexp" 3
"../../../Engine/Plugins/2D/Paper2D/Content/PlaceholderTextures/DummySpriteTexture.ubulk" 4
"../../../Engine/Plugins/2D/Paper2D/Content/PlaceholderTextures/DummySpriteTexture.uasset" 5
"../../../Engine/Plugins/2D/Paper2D/Content/PlaceholderTextures/DummySpriteTexture.uexp" 6
"../../../Engine/Plugins/2D/Paper2D/Content/DummySprite.uasset" 7
"../../../Engine/Plugins/2D/Paper2D/Content/DummySprite.uexp" 8
"../../../Engine/Plugins/2D/Paper2D/Content/DefaultPaperTerrainMaterial.uasset" 9
"../../../Engine/Plugins/2D/Paper2D/Content/DefaultPaperTerrainMaterial.uexp" 10
"../../../Engine/Content/Animation/DefaultVariableFrameStrippingSettings.uasset" 11
"../../../Engine/Content/Animation/DefaultVariableFrameStrippingSettings.uexp" 12
"../../../Engine/Content/Animation/DefaultRecorderBoneCompression.uasset" 13
"../../../Engine/Content/Animation/DefaultRecorderBoneCompression.uexp" 14
"../../../Engine/Content/EngineMaterials/DefaultPhysicalMaterial.uasset" 15
"../../../Engine/Content/EngineMaterials/DefaultPhysicalMaterial.uexp" 16
"../../../Engine/Content/EngineMaterials/DefaultDestructiblePhysicalMaterial.uasset" 17
"../../../Engine/Content/EngineMaterials/DefaultDestructiblePhysicalMaterial.uexp" 18
"../../../Engine/Content/EngineFonts/Faces/DroidSansFallback.uexp" 19
"../../../Engine/Content/EngineFonts/Faces/DroidSansFallback.uasset" 20
"../../../Engine/Content/EngineFonts/Faces/DroidSansFallback.ufont" 21
"../../../Engine/Content/EngineFonts/Faces/RobotoBold.uexp" 22
"../../../Engine/Content/EngineFonts/Faces/RobotoBold.uasset" 23
"../../../Engine/Content/EngineFonts/Faces/RobotoBold.ufont" 24
"../../../Engine/Content/EngineFonts/Faces/RobotoBoldItalic.uexp" 25
"../../../Engine/Content/EngineFonts/Faces/RobotoBoldItalic.uasset" 26
"../../../Engine/Content/EngineFonts/Faces/RobotoBoldItalic.ufont" 27
"../../../Engine/Content/EngineFonts/Faces/RobotoItalic.uexp" 28
"../../../Engine/Content/EngineFonts/Faces/RobotoItalic.uasset" 29
"../../../Engine/Content/EngineFonts/Faces/RobotoItalic.ufont" 30
"../../../Engine/Content/EngineFonts/Faces/RobotoLight.uexp" 31
"../../../Engine/Content/EngineFonts/Faces/RobotoLight.uasset" 32
"../../../Engine/Content/EngineFonts/Faces/RobotoLight.ufont" 33
"../../../Engine/Content/EngineFonts/Faces/RobotoRegular.uexp" 34
"../../../Engine/Content/EngineFonts/Faces/RobotoRegular.uasset" 35
"../../../Engine/Content/EngineFonts/Faces/RobotoRegular.ufont" 36
"../../../Engine/Content/EngineFonts/Roboto.uasset" 37
"../../../Engine/Content/EngineFonts/Roboto.uexp" 38
"../../../Engine/Content/EngineFonts/Faces/DroidSansMono.uexp" 39
"../../../Engine/Content/EngineFonts/Faces/DroidSansMono.uasset" 40
"../../../Engine/Content/EngineFonts/Faces/DroidSansMono.ufont" 41
"../../../Engine/Content/EngineFonts/DroidSansMono.uasset" 42
"../../../Engine/Content/EngineFonts/DroidSansMono.uexp" 43
"../../../Engine/Plugins/Interchange/Runtime/Content/Pipelines/DefaultTexturePipeline.uasset" 44
"../../../Engine/Plugins/Interchange/Runtime/Content/Pipelines/DefaultTexturePipeline.uexp" 45
"../../../Engine/Plugins/Interchange/Runtime/Content/Pipelines/DefaultSceneLevelPipeline.uasset" 46
"../../../Engine/Plugins/Interchange/Runtime/Content/Pipelines/DefaultSceneLevelPipeline.uexp" 47
"../../../Engine/Plugins/Interchange/Runtime/Content/Pipelines/DefaultSceneAssetsPipeline.uasset" 48
"../../../Engine/Plugins/Interchange/Runtime/Content/Pipelines/DefaultSceneAssetsPipeline.uexp" 49
"../../../Engine/Plugins/Interchange/Runtime/Content/Pipelines/DefaultMaterialXPipeline.uasset" 50
"../../../Engine/Plugins/Interchange/Runtime/Content/Pipelines/DefaultMaterialXPipeline.uexp" 51
"../../../Engine/Plugins/Interchange/Runtime/Content/Pipelines/DefaultMaterialPipeline.uasset" 52
"../../../Engine/Plugins/Interchange/Runtime/Content/Pipelines/DefaultMaterialPipeline.uexp" 53
"../../../Engine/Plugins/Interchange/Runtime/Content/Pipelines/DefaultGLTFSceneAssetsPipeline.uasset" 54
"../../../Engine/Plugins/Interchange/Runtime/Content/Pipelines/DefaultGLTFSceneAssetsPipeline.uexp" 55
"../../../Engine/Plugins/Interchange/Runtime/Content/Pipelines/DefaultGLTFPipeline.uasset" 56
"../../../Engine/Plugins/Interchange/Runtime/Content/Pipelines/DefaultGLTFPipeline.uexp" 57
"../../../Engine/Plugins/Interchange/Runtime/Content/Pipelines/DefaultGLTFAssetsPipeline.uasset" 58
"../../../Engine/Plugins/Interchange/Runtime/Content/Pipelines/DefaultGLTFAssetsPipeline.uexp" 59
"../../../Engine/Plugins/Interchange/Runtime/Content/Pipelines/DefaultAssetsPipeline.uasset" 60
"../../../Engine/Plugins/Interchange/Runtime/Content/Pipelines/DefaultAssetsPipeline.uexp" 61
"../../../Engine/Plugins/Animation/ControlRig/Content/Controls/DefaultGizmoLibraryNormalized.uasset" 62
"../../../Engine/Plugins/Animation/ControlRig/Content/Controls/DefaultGizmoLibraryNormalized.uexp" 63
"../../../Engine/Content/EngineSounds/Master.uasset" 64
"../../../Engine/Content/EngineSounds/Master.uexp" 65
"../../../Engine/Content/MobileResources/HUD/VirtualJoystick_Thumb.uasset" 66
"../../../Engine/Content/MobileResources/HUD/VirtualJoystick_Thumb.uexp" 67
"../../../Engine/Content/MobileResources/HUD/VirtualJoystick_Background.uasset" 68
"../../../Engine/Content/MobileResources/HUD/VirtualJoystick_Background.uexp" 69
"../../../Engine/Content/MobileResources/HUD/DefaultVirtualJoysticks.uasset" 70
"../../../Engine/Content/MobileResources/HUD/DefaultVirtualJoysticks.uexp" 71
"../../../Engine/Content/EngineResources/GradientTexture0.uasset" 72
"../../../Engine/Content/EngineResources/GradientTexture0.uexp" 73
"../../../Engine/Content/EngineResources/Black.uasset" 74
"../../../Engine/Content/EngineResources/Black.uexp" 75
"../../../Engine/Content/EditorResources/S_Actor.ubulk" 76
"../../../Engine/Content/EditorResources/S_Actor.uasset" 77
"../../../Engine/Content/EditorResources/S_Actor.uexp" 78
"../../../Engine/Plugins/NNE/NNEDenoiser/Content/NNEDTOM_Output_Default.uasset" 79
"../../../Engine/Plugins/NNE/NNEDenoiser/Content/NNEDTOM_Output_Default.uexp" 80
"../../../Engine/Plugins/NNE/NNEDenoiser/Content/NNEDTOM_Output_Alpha.uasset" 81
"../../../Engine/Plugins/NNE/NNEDenoiser/Content/NNEDTOM_Output_Alpha.uexp" 82
"../../../Engine/Plugins/NNE/NNEDenoiser/Content/NNEDTIM_ColorAlbedoNormal_Default.uasset" 83
"../../../Engine/Plugins/NNE/NNEDenoiser/Content/NNEDTIM_ColorAlbedoNormal_Default.uexp" 84
"../../../Engine/Plugins/NNE/NNEDenoiser/Content/NNEDTIM_ColorAlbedoNormal_Alpha.uasset" 85
"../../../Engine/Plugins/NNE/NNEDenoiser/Content/NNEDTIM_ColorAlbedoNormal_Alpha.uexp" 86
"../../../Engine/Plugins/NNE/NNEDenoiser/Content/NNEDOM_Output_Default.uasset" 87
"../../../Engine/Plugins/NNE/NNEDenoiser/Content/NNEDOM_Output_Default.uexp" 88
"../../../Engine/Plugins/NNE/NNEDenoiser/Content/NNEDOM_Output_Alpha.uasset" 89
"../../../Engine/Plugins/NNE/NNEDenoiser/Content/NNEDOM_Output_Alpha.uexp" 90
"../../../Engine/Plugins/NNE/NNEDenoiser/Content/NNEDIM_HighQuality_Default.uasset" 91
"../../../Engine/Plugins/NNE/NNEDenoiser/Content/NNEDIM_HighQuality_Default.uexp" 92
"../../../Engine/Plugins/NNE/NNEDenoiser/Content/NNEDIM_HighQuality_Alpha.uasset" 93
"../../../Engine/Plugins/NNE/NNEDenoiser/Content/NNEDIM_HighQuality_Alpha.uexp" 94
"../../../Engine/Plugins/NNE/NNEDenoiser/Content/NNEDIM_ColorAlbedoNormal_Default.uasset" 95
"../../../Engine/Plugins/NNE/NNEDenoiser/Content/NNEDIM_ColorAlbedoNormal_Default.uexp" 96
"../../../Engine/Plugins/NNE/NNEDenoiser/Content/NNEDIM_ColorAlbedoNormal_Alpha.uasset" 97
"../../../Engine/Plugins/NNE/NNEDenoiser/Content/NNEDIM_ColorAlbedoNormal_Alpha.uexp" 98
"../../../Engine/Content/Functions/Engine_MaterialFunctions02/WorldPositionOffset/CameraOffset.uasset" 99
"../../../Engine/Content/Functions/Engine_MaterialFunctions02/WorldPositionOffset/CameraOffset.uexp" 100
"../../../Engine/Plugins/Animation/ControlRig/Content/M_Manip.uasset" 101
"../../../Engine/Plugins/Animation/ControlRig/Content/M_Manip.uexp" 102
"../../../Engine/Content/EditorLandscapeResources/WhiteSquareTexture.uasset" 103
"../../../Engine/Content/EditorLandscapeResources/WhiteSquareTexture.uexp" 104
"../../../Engine/Content/EditorLandscapeResources/LayerVisMaterial.uasset" 105
"../../../Engine/Content/EditorLandscapeResources/LayerVisMaterial.uexp" 106
"../../../Engine/Content/Functions/Engine_MaterialFunctions02/Utility/BreakOutFloat2Components.uasset" 107
"../../../Engine/Content/Functions/Engine_MaterialFunctions02/Utility/BreakOutFloat2Components.uexp" 108
"../../../Engine/Content/Functions/Engine_MaterialFunctions01/Texturing/ScaleUVsByCenter.uasset" 109
"../../../Engine/Content/Functions/Engine_MaterialFunctions01/Texturing/ScaleUVsByCenter.uexp" 110
"../../../Engine/Content/Functions/Engine_MaterialFunctions02/WorldPositionOffset/LocalPosition.uasset" 111
"../../../Engine/Content/Functions/Engine_MaterialFunctions02/WorldPositionOffset/LocalPosition.uexp" 112
"../../../Engine/Content/EngineMaterials/DefaultDiffuse.ubulk" 113
"../../../Engine/Content/EngineMaterials/DefaultDiffuse.uasset" 114
"../../../Engine/Content/EngineMaterials/DefaultDiffuse.uexp" 115
"../../../Engine/Content/Functions/Engine_MaterialFunctions01/Texturing/TextureCropping.uasset" 116
"../../../Engine/Content/Functions/Engine_MaterialFunctions01/Texturing/TextureCropping.uexp" 117
"../../../Engine/Content/Functions/Engine_MaterialFunctions02/ExampleContent/DebugNumberStrip.uasset" 118
"../../../Engine/Content/Functions/Engine_MaterialFunctions02/ExampleContent/DebugNumberStrip.uexp" 119
"../../../Engine/Content/Functions/Engine_MaterialFunctions01/Debug/DebugIntValues.uasset" 120
"../../../Engine/Content/Functions/Engine_MaterialFunctions01/Debug/DebugIntValues.uexp" 121
"../../../Engine/Content/EditorLandscapeResources/LandscapeLayerUsageMaterial.uasset" 122
"../../../Engine/Content/EditorLandscapeResources/LandscapeLayerUsageMaterial.uexp" 123
"../../../Engine/Content/EditorLandscapeResources/DefaultAlphaTexture.uasset" 124
"../../../Engine/Content/EditorLandscapeResources/DefaultAlphaTexture.uexp" 125
"../../../Engine/Content/EditorLandscapeResources/LandscapeDirtyMaterial.uasset" 126
"../../../Engine/Content/EditorLandscapeResources/LandscapeDirtyMaterial.uexp" 127
"../../../Engine/Content/EngineMaterials/RemoveSurfaceMaterial.uasset" 128
"../../../Engine/Content/EngineMaterials/RemoveSurfaceMaterial.uexp" 129
"../../../Engine/Content/EngineMaterials/PreintegratedSkinBRDF.uasset" 130
"../../../Engine/Content/EngineMaterials/PreintegratedSkinBRDF.uexp" 131
"../../../Engine/Content/EngineMaterials/DefaultCalibrationGrayscale.uasset" 132
"../../../Engine/Content/EngineMaterials/DefaultCalibrationGrayscale.uexp" 133
"../../../Engine/Content/EngineMaterials/PPM_DefaultCalibrationGrayscale.uasset" 134
"../../../Engine/Content/EngineMaterials/PPM_DefaultCalibrationGrayscale.uexp" 135
"../../../Engine/Content/EngineMaterials/DefaultCalibrationColor.uasset" 136
"../../../Engine/Content/EngineMaterials/DefaultCalibrationColor.uexp" 137
"../../../Engine/Content/EngineMaterials/PPM_DefaultCalibrationColor.uasset" 138
"../../../Engine/Content/EngineMaterials/PPM_DefaultCalibrationColor.uexp" 139
"../../../Engine/Content/EngineMaterials/PhAT_JointLimitMaterial.uasset" 140
"../../../Engine/Content/EngineMaterials/PhAT_JointLimitMaterial.uexp" 141
"../../../Engine/Content/EngineMaterials/NaniteHiddenSectionMaterial.uasset" 142
"../../../Engine/Content/EngineMaterials/NaniteHiddenSectionMaterial.uexp" 143
"../../../Engine/Content/EngineMaterials/InvalidLightmapSettings.ubulk" 144
"../../../Engine/Content/EngineMaterials/InvalidLightmapSettings.uasset" 145
"../../../Engine/Content/EngineMaterials/InvalidLightmapSettings.uexp" 146
"../../../Engine/Content/EngineMaterials/M_InvalidLightmapSettings.uasset" 147
"../../../Engine/Content/EngineMaterials/M_InvalidLightmapSettings.uexp" 148
"../../../Engine/Content/EngineMaterials/MiniFont.uasset" 149
"../../../Engine/Content/EngineMaterials/MiniFont.uexp" 150
"../../../Engine/Content/EngineMaterials/GizmoMaterial.uasset" 151
"../../../Engine/Content/EngineMaterials/GizmoMaterial.uexp" 152
"../../../Engine/Content/EngineMaterials/BaseFlattenNormalMap_VT.ubulk" 153
"../../../Engine/Content/EngineMaterials/BaseFlattenNormalMap_VT.uasset" 154
"../../../Engine/Content/EngineMaterials/BaseFlattenNormalMap_VT.uexp" 155
"../../../Engine/Content/EngineMaterials/BaseFlattenDiffuseMap_VT.ubulk" 156
"../../../Engine/Content/EngineMaterials/BaseFlattenDiffuseMap_VT.uasset" 157
"../../../Engine/Content/EngineMaterials/BaseFlattenDiffuseMap_VT.uexp" 158
"../../../Engine/Content/EngineMaterials/BaseFlattenEmissiveMap_VT.ubulk" 159
"../../../Engine/Content/EngineMaterials/BaseFlattenEmissiveMap_VT.uasset" 160
"../../../Engine/Content/EngineMaterials/BaseFlattenEmissiveMap_VT.uexp" 161
"../../../Engine/Content/EngineMaterials/BaseFlattenLinearColor_VT.ubulk" 162
"../../../Engine/Content/EngineMaterials/BaseFlattenLinearColor_VT.uasset" 163
"../../../Engine/Content/EngineMaterials/BaseFlattenLinearColor_VT.uexp" 164
"../../../Engine/Content/EngineMaterials/BaseFlattenGrayscaleMap_VT.ubulk" 165
"../../../Engine/Content/EngineMaterials/BaseFlattenGrayscaleMap_VT.uasset" 166
"../../../Engine/Content/EngineMaterials/BaseFlattenGrayscaleMap_VT.uexp" 167
"../../../Engine/Content/EngineMaterials/Black_1x1_EXR_Texture_VT.ubulk" 168
"../../../Engine/Content/EngineMaterials/Black_1x1_EXR_Texture_VT.uasset" 169
"../../../Engine/Content/EngineMaterials/Black_1x1_EXR_Texture_VT.uexp" 170
"../../../Engine/Content/EngineMaterials/FlattenMaterial_WS_Normal_VT.uasset" 171
"../../../Engine/Content/EngineMaterials/FlattenMaterial_WS_Normal_VT.uexp" 172
"../../../Engine/Content/EngineMaterials/FlattenMaterial_VT.uasset" 173
"../../../Engine/Content/EngineMaterials/FlattenMaterial_VT.uexp" 174
"../../../Engine/Content/EngineMaterials/BaseFlattenNormalMap.uasset" 175
"../../../Engine/Content/EngineMaterials/BaseFlattenNormalMap.uexp" 176
"../../../Engine/Content/EngineMaterials/BaseFlattenDiffuseMap.uasset" 177
"../../../Engine/Content/EngineMaterials/BaseFlattenDiffuseMap.uexp" 178
"../../../Engine/Content/EngineMaterials/BaseFlattenEmissiveMap.uasset" 179
"../../../Engine/Content/EngineMaterials/BaseFlattenEmissiveMap.uexp" 180
"../../../Engine/Content/EngineMaterials/BaseFlattenGrayscaleMap.uasset" 181
"../../../Engine/Content/EngineMaterials/BaseFlattenGrayscaleMap.uexp" 182
"../../../Engine/Content/EngineMaterials/BaseFlattenLinearColor.uasset" 183
"../../../Engine/Content/EngineMaterials/BaseFlattenLinearColor.uexp" 184
"../../../Engine/Content/Functions/Engine_MaterialFunctions02/PivotPainter2/Black_1x1_EXR_Texture.uasset" 185
"../../../Engine/Content/Functions/Engine_MaterialFunctions02/PivotPainter2/Black_1x1_EXR_Texture.uexp" 186
"../../../Engine/Content/EngineMaterials/FlattenMaterial.uasset" 187
"../../../Engine/Content/EngineMaterials/FlattenMaterial.uexp" 188
"../../../Engine/Content/EngineMaterials/FastBlueNoise_vec2_128x128x64.uasset" 189
"../../../Engine/Content/EngineMaterials/FastBlueNoise_vec2_128x128x64.uexp" 190
"../../../Engine/Content/EngineMaterials/FastBlueNoise_scalar_128x128x8.uasset" 191
"../../../Engine/Content/EngineMaterials/FastBlueNoise_scalar_128x128x8.uexp" 192
"../../../Engine/Content/EngineMaterials/FastBlueNoise_scalar_128x128x64.uasset" 193
"../../../Engine/Content/EngineMaterials/FastBlueNoise_scalar_128x128x64.uexp" 194
"../../../Engine/Content/EngineMaterials/DefaultWhiteGrid_Low.uasset" 195
"../../../Engine/Content/EngineMaterials/DefaultWhiteGrid_Low.uexp" 196
"../../../Engine/Content/EngineMaterials/EmissiveMeshMaterial.uasset" 197
"../../../Engine/Content/EngineMaterials/EmissiveMeshMaterial.uexp" 198
"../../../Engine/Content/EngineMaterials/DefaultWhiteGrid.ubulk" 199
"../../../Engine/Content/EngineMaterials/DefaultWhiteGrid.uasset" 200
"../../../Engine/Content/EngineMaterials/DefaultWhiteGrid.uexp" 201
"../../../Engine/Content/EngineFonts/RobotoDistanceField.uasset" 202
"../../../Engine/Content/EngineFonts/RobotoDistanceField.uexp" 203
"../../../Engine/Content/EngineMaterials/DefaultTextMaterialOpaque.uasset" 204
"../../../Engine/Content/EngineMaterials/DefaultTextMaterialOpaque.uexp" 205
"../../../Engine/Content/EngineMaterials/DefaultPostProcessMaterial.uasset" 206
"../../../Engine/Content/EngineMaterials/DefaultPostProcessMaterial.uexp" 207
"../../../Engine/Content/EngineMaterials/DefaultLightFunctionMaterial.uasset" 208
"../../../Engine/Content/EngineMaterials/DefaultLightFunctionMaterial.uexp" 209
"../../../Engine/Content/EngineMaterials/DefaultDeferredDecalMaterial.uasset" 210
"../../../Engine/Content/EngineMaterials/DefaultDeferredDecalMaterial.uexp" 211
"../../../Engine/Content/EngineMaterials/DefaultBokeh.uasset" 212
"../../../Engine/Content/EngineMaterials/DefaultBokeh.uexp" 213
"../../../Engine/Content/EngineMaterials/DefaultBloomKernel.uasset" 214
"../../../Engine/Content/EngineMaterials/DefaultBloomKernel.uexp" 215
"../../../Engine/Content/Functions/Engine_MaterialFunctions02/Utility/CameraDirectionVector.uasset" 216
"../../../Engine/Content/Functions/Engine_MaterialFunctions02/Utility/CameraDirectionVector.uexp" 217
"../../../Engine/Content/EngineDebugMaterials/VolumeToRender.uasset" 218
"../../../Engine/Content/EngineDebugMaterials/VolumeToRender.uexp" 219
"../../../Engine/Content/EngineDebugMaterials/M_VolumeRenderSphereTracePP.uasset" 220
"../../../Engine/Content/EngineDebugMaterials/M_VolumeRenderSphereTracePP.uexp" 221
"../../../Engine/Content/EngineDebugMaterials/M_SimpleUnlitTranslucent.uasset" 222
"../../../Engine/Content/EngineDebugMaterials/M_SimpleUnlitTranslucent.uexp" 223
"../../../Engine/Content/EngineDebugMaterials/DebugMeshMaterial.uasset" 224
"../../../Engine/Content/EngineDebugMaterials/DebugMeshMaterial.uexp" 225
"../../../Engine/Content/EngineDebugMaterials/DebugEditorMaterial.uasset" 226
"../../../Engine/Content/EngineDebugMaterials/DebugEditorMaterial.uexp" 227
"../../../Engine/Content/EngineDamageTypes/DmgTypeBP_Environmental.uasset" 228
"../../../Engine/Content/EngineDamageTypes/DmgTypeBP_Environmental.uexp" 229
"../../../Engine/Content/EditorResources/S_TriggerSphere.uasset" 230
"../../../Engine/Content/EditorResources/S_TriggerSphere.uexp" 231
"../../../Engine/Content/EditorResources/S_TriggerCapsule.uasset" 232
"../../../Engine/Content/EditorResources/S_TriggerCapsule.uexp" 233
"../../../Engine/Content/EditorResources/S_TriggerBox.uasset" 234
"../../../Engine/Content/EditorResources/S_TriggerBox.uexp" 235
"../../../Engine/Content/EditorResources/S_Trigger.ubulk" 236
"../../../Engine/Content/EditorResources/S_Trigger.uasset" 237
"../../../Engine/Content/EditorResources/S_Trigger.uexp" 238
"../../../Engine/Content/EditorResources/S_Terrain.ubulk" 239
"../../../Engine/Content/EditorResources/S_Terrain.uasset" 240
"../../../Engine/Content/EditorResources/S_Terrain.uexp" 241
"../../../Engine/Content/EditorResources/S_Solver.ubulk" 242
"../../../Engine/Content/EditorResources/S_Solver.uasset" 243
"../../../Engine/Content/EditorResources/S_Solver.uexp" 244
"../../../Engine/Content/EditorResources/S_BoxReflectionCapture.uasset" 245
"../../../Engine/Content/EditorResources/S_BoxReflectionCapture.uexp" 246
"../../../Engine/Content/EditorResources/BSPVertex.uasset" 247
"../../../Engine/Content/EditorResources/BSPVertex.uexp" 248
"../../../Engine/Content/EditorMaterials/PreviewShadowIndicator.ubulk" 249
"../../../Engine/Content/EditorMaterials/PreviewShadowIndicator.uasset" 250
"../../../Engine/Content/EditorMaterials/PreviewShadowIndicator.uexp" 251
"../../../Engine/Content/EditorMaterials/PreviewShadowIndicatorMaterial.uasset" 252
"../../../Engine/Content/EditorMaterials/PreviewShadowIndicatorMaterial.uexp" 253
"../../../Engine/Content/EditorMaterials/PhAT_UnselectedMaterial.uasset" 254
"../../../Engine/Content/EditorMaterials/PhAT_UnselectedMaterial.uexp" 255
"../../../Engine/Content/EditorMaterials/PhAT_NoCollisionMaterial.uasset" 256
"../../../Engine/Content/EditorMaterials/PhAT_NoCollisionMaterial.uexp" 257
"../../../Engine/Plugins/FX/Niagara/Content/DefaultAssets/DefaultSpriteMaterial.uasset" 258
"../../../Engine/Plugins/FX/Niagara/Content/DefaultAssets/DefaultSpriteMaterial.uexp" 259
"C:/Users/EnekoMartinGomez/Desktop/Proyecto III/Casita/Casita/Content/Particles/NS_FissureFlowers.uasset" 260
"C:/Users/EnekoMartinGomez/Desktop/Proyecto III/Casita/Casita/Content/Particles/NS_FissureFlowers.uexp" 261
"../../../Engine/Plugins/Interchange/Assets/Content/Functions/MF_PhongToMetalRoughness.uasset" 262
"../../../Engine/Plugins/Interchange/Assets/Content/Functions/MF_PhongToMetalRoughness.uexp" 263
"C:/Users/EnekoMartinGomez/Desktop/Proyecto III/Casita/Casita/Content/Art/Static/Enviroment_mal/Enviro/Buzon/CK_Wood02.uasset" 264
"C:/Users/EnekoMartinGomez/Desktop/Proyecto III/Casita/Casita/Content/Art/Static/Enviroment_mal/Enviro/Buzon/CK_Wood02.uexp" 265
"C:/Users/EnekoMartinGomez/Desktop/Proyecto III/Casita/Casita/Content/Art/Static/Enviroment_mal/Enviro/Arbol/CK_CopaArbol.uasset" 266
"C:/Users/EnekoMartinGomez/Desktop/Proyecto III/Casita/Casita/Content/Art/Static/Enviroment_mal/Enviro/Arbol/CK_CopaArbol.uexp" 267
"C:/Users/EnekoMartinGomez/Desktop/Proyecto III/Casita/Casita/Content/Art/Static/Enviroment_mal/Enviro/Arbol/arbol_low.ubulk" 268
"C:/Users/EnekoMartinGomez/Desktop/Proyecto III/Casita/Casita/Content/Art/Static/Enviroment_mal/Enviro/Arbol/arbol_low.uasset" 269
"C:/Users/EnekoMartinGomez/Desktop/Proyecto III/Casita/Casita/Content/Art/Static/Enviroment_mal/Enviro/Arbol/arbol_low.uexp" 270
"C:/Users/EnekoMartinGomez/Desktop/Proyecto III/Casita/Casita/Content/Objects/BP_Grieta.uasset" 271
"C:/Users/EnekoMartinGomez/Desktop/Proyecto III/Casita/Casita/Content/Objects/BP_Grieta.uexp" 272
"../../../Engine/Content/EditorMaterials/Cascade/CASC_Normal.uasset" 273
"../../../Engine/Content/EditorMaterials/Cascade/CASC_Normal.uexp" 274
"../../../Engine/Content/EditorMaterials/Cascade/CASC_RenderNormal_MAT.uasset" 275
"../../../Engine/Content/EditorMaterials/Cascade/CASC_RenderNormal_MAT.uexp" 276
"C:/Users/EnekoMartinGomez/Desktop/Proyecto III/Casita/Casita/Content/Particles/NS_Portal.uasset" 277
"C:/Users/EnekoMartinGomez/Desktop/Proyecto III/Casita/Casita/Content/Particles/NS_Portal.uexp" 278
"C:/Users/EnekoMartinGomez/Desktop/Proyecto III/Casita/Casita/Content/Particles/NS_OnPortal.uasset" 279
"C:/Users/EnekoMartinGomez/Desktop/Proyecto III/Casita/Casita/Content/Particles/NS_OnPortal.uexp" 280
"C:/Users/EnekoMartinGomez/Desktop/Proyecto III/Casita/Casita/Content/Nivel/BP_NextPhase.uasset" 281
"C:/Users/EnekoMartinGomez/Desktop/Proyecto III/Casita/Casita/Content/Nivel/BP_NextPhase.uexp" 282
"C:/Users/EnekoMartinGomez/Desktop/Proyecto III/Casita/Casita/Content/Nivel/BP_Guide.uasset" 283
"C:/Users/EnekoMartinGomez/Desktop/Proyecto III/Casita/Casita/Content/Nivel/BP_Guide.uexp" 284
"C:/Users/EnekoMartinGomez/Desktop/Proyecto III/Casita/Casita/Content/Art/Static/Building/Baserri/CK_Wallrockg.uasset" 285
"C:/Users/EnekoMartinGomez/Desktop/Proyecto III/Casita/Casita/Content/Art/Static/Building/Baserri/CK_Wallrockg.uexp" 286
"C:/Users/EnekoMartinGomez/Desktop/Proyecto III/Casita/Casita/Content/Art/Static/Building/Baserri/arcopuerta003.ubulk" 287
"C:/Users/EnekoMartinGomez/Desktop/Proyecto III/Casita/Casita/Content/Art/Static/Building/Baserri/arcopuerta003.uasset" 288
"C:/Users/EnekoMartinGomez/Desktop/Proyecto III/Casita/Casita/Content/Art/Static/Building/Baserri/arcopuerta003.uexp" 289
"C:/Users/EnekoMartinGomez/Desktop/Proyecto III/Casita/Casita/Content/Art/Static/Building/Baserri/base_baserri.ubulk" 290
"C:/Users/EnekoMartinGomez/Desktop/Proyecto III/Casita/Casita/Content/Art/Static/Building/Baserri/base_baserri.uasset" 291
"C:/Users/EnekoMartinGomez/Desktop/Proyecto III/Casita/Casita/Content/Art/Static/Building/Baserri/base_baserri.uexp" 292
"C:/Users/EnekoMartinGomez/Desktop/Proyecto III/Casita/Casita/Content/Art/Static/Building/Baserri/beamxL01.ubulk" 293
"C:/Users/EnekoMartinGomez/Desktop/Proyecto III/Casita/Casita/Content/Art/Static/Building/Baserri/beamxL01.uasset" 294
"C:/Users/EnekoMartinGomez/Desktop/Proyecto III/Casita/Casita/Content/Art/Static/Building/Baserri/beamxL01.uexp" 295
"C:/Users/EnekoMartinGomez/Desktop/Proyecto III/Casita/Casita/Content/Art/Static/Building/Baserri/beamxL02.ubulk" 296
"C:/Users/EnekoMartinGomez/Desktop/Proyecto III/Casita/Casita/Content/Art/Static/Building/Baserri/beamxL02.uasset" 297
"C:/Users/EnekoMartinGomez/Desktop/Proyecto III/Casita/Casita/Content/Art/Static/Building/Baserri/beamxL02.uexp" 298
"C:/Users/EnekoMartinGomez/Desktop/Proyecto III/Casita/Casita/Content/Art/Static/Building/Baserri/beamxR01.ubulk" 299
"C:/Users/EnekoMartinGomez/Desktop/Proyecto III/Casita/Casita/Content/Art/Static/Building/Baserri/beamxR01.uasset" 300
"C:/Users/EnekoMartinGomez/Desktop/Proyecto III/Casita/Casita/Content/Art/Static/Building/Baserri/beamxR01.uexp" 301
"C:/Users/EnekoMartinGomez/Desktop/Proyecto III/Casita/Casita/Content/Art/Static/Building/Baserri/beamxR02.ubulk" 302
"C:/Users/EnekoMartinGomez/Desktop/Proyecto III/Casita/Casita/Content/Art/Static/Building/Baserri/beamxR02.uasset" 303
"C:/Users/EnekoMartinGomez/Desktop/Proyecto III/Casita/Casita/Content/Art/Static/Building/Baserri/beamxR02.uexp" 304
"C:/Users/EnekoMartinGomez/Desktop/Proyecto III/Casita/Casita/Content/Art/Static/Building/Baserri/beamyL01.ubulk" 305
"C:/Users/EnekoMartinGomez/Desktop/Proyecto III/Casita/Casita/Content/Art/Static/Building/Baserri/beamyL01.uasset" 306
"C:/Users/EnekoMartinGomez/Desktop/Proyecto III/Casita/Casita/Content/Art/Static/Building/Baserri/beamyL01.uexp" 307
"C:/Users/EnekoMartinGomez/Desktop/Proyecto III/Casita/Casita/Content/Art/Static/Building/Baserri/beamyL02.ubulk" 308
"C:/Users/EnekoMartinGomez/Desktop/Proyecto III/Casita/Casita/Content/Art/Static/Building/Baserri/beamyL02.uasset" 309
"C:/Users/EnekoMartinGomez/Desktop/Proyecto III/Casita/Casita/Content/Art/Static/Building/Baserri/beamyL02.uexp" 310
"C:/Users/EnekoMartinGomez/Desktop/Proyecto III/Casita/Casita/Content/Art/Static/Building/Baserri/beamyR01.ubulk" 311
"C:/Users/EnekoMartinGomez/Desktop/Proyecto III/Casita/Casita/Content/Art/Static/Building/Baserri/beamyR01.uasset" 312
"C:/Users/EnekoMartinGomez/Desktop/Proyecto III/Casita/Casita/Content/Art/Static/Building/Baserri/beamyR01.uexp" 313
"C:/Users/EnekoMartinGomez/Desktop/Proyecto III/Casita/Casita/Content/Art/Static/Building/Baserri/beamyR02.ubulk" 314
"C:/Users/EnekoMartinGomez/Desktop/Proyecto III/Casita/Casita/Content/Art/Static/Building/Baserri/beamyR02.uasset" 315
"C:/Users/EnekoMartinGomez/Desktop/Proyecto III/Casita/Casita/Content/Art/Static/Building/Baserri/beamyR02.uexp" 316
"C:/Users/EnekoMartinGomez/Desktop/Proyecto III/Casita/Casita/Content/Art/Static/Building/Baserri/columnaL01.ubulk" 317
"C:/Users/EnekoMartinGomez/Desktop/Proyecto III/Casita/Casita/Content/Art/Static/Building/Baserri/columnaL01.uasset" 318
"C:/Users/EnekoMartinGomez/Desktop/Proyecto III/Casita/Casita/Content/Art/Static/Building/Baserri/columnaL01.uexp" 319
"C:/Users/EnekoMartinGomez/Desktop/Proyecto III/Casita/Casita/Content/Art/Static/Building/Baserri/columnaL02.ubulk" 320
"C:/Users/EnekoMartinGomez/Desktop/Proyecto III/Casita/Casita/Content/Art/Static/Building/Baserri/columnaL02.uasset" 321
"C:/Users/EnekoMartinGomez/Desktop/Proyecto III/Casita/Casita/Content/Art/Static/Building/Baserri/columnaL02.uexp" 322
"C:/Users/EnekoMartinGomez/Desktop/Proyecto III/Casita/Casita/Content/Art/Static/Building/Baserri/columnaR01.ubulk" 323
"C:/Users/EnekoMartinGomez/Desktop/Proyecto III/Casita/Casita/Content/Art/Static/Building/Baserri/columnaR01.uasset" 324
"C:/Users/EnekoMartinGomez/Desktop/Proyecto III/Casita/Casita/Content/Art/Static/Building/Baserri/columnaR01.uexp" 325
"C:/Users/EnekoMartinGomez/Desktop/Proyecto III/Casita/Casita/Content/Art/Static/Building/Baserri/columnaR02.ubulk" 326
"C:/Users/EnekoMartinGomez/Desktop/Proyecto III/Casita/Casita/Content/Art/Static/Building/Baserri/columnaR02.uasset" 327
"C:/Users/EnekoMartinGomez/Desktop/Proyecto III/Casita/Casita/Content/Art/Static/Building/Baserri/columnaR02.uexp" 328
"C:/Users/EnekoMartinGomez/Desktop/Proyecto III/Casita/Casita/Content/Art/Static/Building/Baserri/estructuraL.ubulk" 329
"C:/Users/EnekoMartinGomez/Desktop/Proyecto III/Casita/Casita/Content/Art/Static/Building/Baserri/estructuraL.uasset" 330
"C:/Users/EnekoMartinGomez/Desktop/Proyecto III/Casita/Casita/Content/Art/Static/Building/Baserri/estructuraL.uexp" 331
"C:/Users/EnekoMartinGomez/Desktop/Proyecto III/Casita/Casita/Content/Art/Static/Building/Baserri/estructuraR.ubulk" 332
"C:/Users/EnekoMartinGomez/Desktop/Proyecto III/Casita/Casita/Content/Art/Static/Building/Baserri/estructuraR.uasset" 333
"C:/Users/EnekoMartinGomez/Desktop/Proyecto III/Casita/Casita/Content/Art/Static/Building/Baserri/estructuraR.uexp" 334
"C:/Users/EnekoMartinGomez/Desktop/Proyecto III/Casita/Casita/Content/Art/Static/Building/Baserri/pasamanos_escalera.ubulk" 335
"C:/Users/EnekoMartinGomez/Desktop/Proyecto III/Casita/Casita/Content/Art/Static/Building/Baserri/pasamanos_escalera.uasset" 336
"C:/Users/EnekoMartinGomez/Desktop/Proyecto III/Casita/Casita/Content/Art/Static/Building/Baserri/pasamanos_escalera.uexp" 337
"C:/Users/EnekoMartinGomez/Desktop/Proyecto III/Casita/Casita/Content/Art/Static/Building/Baserri/placatechoL01.ubulk" 338
"C:/Users/EnekoMartinGomez/Desktop/Proyecto III/Casita/Casita/Content/Art/Static/Building/Baserri/placatechoL01.uasset" 339
"C:/Users/EnekoMartinGomez/Desktop/Proyecto III/Casita/Casita/Content/Art/Static/Building/Baserri/placatechoL01.uexp" 340
"C:/Users/EnekoMartinGomez/Desktop/Proyecto III/Casita/Casita/Content/Art/Static/Building/Baserri/placatechoL02.ubulk" 341
"C:/Users/EnekoMartinGomez/Desktop/Proyecto III/Casita/Casita/Content/Art/Static/Building/Baserri/placatechoL02.uasset" 342
"C:/Users/EnekoMartinGomez/Desktop/Proyecto III/Casita/Casita/Content/Art/Static/Building/Baserri/placatechoL02.uexp" 343
"C:/Users/EnekoMartinGomez/Desktop/Proyecto III/Casita/Casita/Content/Art/Static/Building/Baserri/placatechoR01.ubulk" 344
"C:/Users/EnekoMartinGomez/Desktop/Proyecto III/Casita/Casita/Content/Art/Static/Building/Baserri/placatechoR01.uasset" 345
"C:/Users/EnekoMartinGomez/Desktop/Proyecto III/Casita/Casita/Content/Art/Static/Building/Baserri/placatechoR01.uexp" 346
"C:/Users/EnekoMartinGomez/Desktop/Proyecto III/Casita/Casita/Content/Art/Static/Building/Baserri/placatechoR02.ubulk" 347
"C:/Users/EnekoMartinGomez/Desktop/Proyecto III/Casita/Casita/Content/Art/Static/Building/Baserri/placatechoR02.uasset" 348
"C:/Users/EnekoMartinGomez/Desktop/Proyecto III/Casita/Casita/Content/Art/Static/Building/Baserri/placatechoR02.uexp" 349
"C:/Users/EnekoMartinGomez/Desktop/Proyecto III/Casita/Casita/Content/Art/Static/Building/Baserri/pomo004.ubulk" 350
"C:/Users/EnekoMartinGomez/Desktop/Proyecto III/Casita/Casita/Content/Art/Static/Building/Baserri/pomo004.uasset" 351
"C:/Users/EnekoMartinGomez/Desktop/Proyecto III/Casita/Casita/Content/Art/Static/Building/Baserri/pomo004.uexp" 352
"C:/Users/EnekoMartinGomez/Desktop/Proyecto III/Casita/Casita/Content/Art/Static/Building/Baserri/Puerta_piedra.ubulk" 353
"C:/Users/EnekoMartinGomez/Desktop/Proyecto III/Casita/Casita/Content/Art/Static/Building/Baserri/Puerta_piedra.uasset" 354
"C:/Users/EnekoMartinGomez/Desktop/Proyecto III/Casita/Casita/Content/Art/Static/Building/Baserri/Puerta_piedra.uexp" 355
"C:/Users/EnekoMartinGomez/Desktop/Proyecto III/Casita/Casita/Content/Art/Static/Building/Baserri/Puerta_terraza.ubulk" 356
"C:/Users/EnekoMartinGomez/Desktop/Proyecto III/Casita/Casita/Content/Art/Static/Building/Baserri/Puerta_terraza.uasset" 357
"C:/Users/EnekoMartinGomez/Desktop/Proyecto III/Casita/Casita/Content/Art/Static/Building/Baserri/Puerta_terraza.uexp" 358
"C:/Users/EnekoMartinGomez/Desktop/Proyecto III/Casita/Casita/Content/Art/Static/Building/Baserri/puertamaderas.ubulk" 359
"C:/Users/EnekoMartinGomez/Desktop/Proyecto III/Casita/Casita/Content/Art/Static/Building/Baserri/puertamaderas.uasset" 360
"C:/Users/EnekoMartinGomez/Desktop/Proyecto III/Casita/Casita/Content/Art/Static/Building/Baserri/puertamaderas.uexp" 361
"../../../Engine/Content/Functions/Engine_MaterialFunctions01/Opacity/CameraDepthFade.uasset" 362
"../../../Engine/Content/Functions/Engine_MaterialFunctions01/Opacity/CameraDepthFade.uexp" 363
"../../../Engine/Content/EngineMaterials/T_Default_Material_Grid_M.ubulk" 364
"../../../Engine/Content/EngineMaterials/T_Default_Material_Grid_M.uasset" 365
"../../../Engine/Content/EngineMaterials/T_Default_Material_Grid_M.uexp" 366
"../../../Engine/Content/EngineMaterials/T_Default_Material_Grid_N.ubulk" 367
"../../../Engine/Content/EngineMaterials/T_Default_Material_Grid_N.uasset" 368
"../../../Engine/Content/EngineMaterials/T_Default_Material_Grid_N.uexp" 369
"../../../Engine/Content/EngineMaterials/WorldGridMaterial.uasset" 370
"../../../Engine/Content/EngineMaterials/WorldGridMaterial.uexp" 371
"C:/Users/EnekoMartinGomez/Desktop/Proyecto III/Casita/Casita/Content/Art/Static/Building/Baserri/puertamaderas001.ubulk" 372
"C:/Users/EnekoMartinGomez/Desktop/Proyecto III/Casita/Casita/Content/Art/Static/Building/Baserri/puertamaderas001.uasset" 373
"C:/Users/EnekoMartinGomez/Desktop/Proyecto III/Casita/Casita/Content/Art/Static/Building/Baserri/puertamaderas001.uexp" 374
"C:/Users/EnekoMartinGomez/Desktop/Proyecto III/Casita/Casita/Content/Art/Static/Building/Baserri/puertamaderas005.ubulk" 375
"C:/Users/EnekoMartinGomez/Desktop/Proyecto III/Casita/Casita/Content/Art/Static/Building/Baserri/puertamaderas005.uasset" 376
"C:/Users/EnekoMartinGomez/Desktop/Proyecto III/Casita/Casita/Content/Art/Static/Building/Baserri/puertamaderas005.uexp" 377
"C:/Users/EnekoMartinGomez/Desktop/Proyecto III/Casita/Casita/Content/Art/Static/Building/Baserri/sobrepuerta.ubulk" 378
"C:/Users/EnekoMartinGomez/Desktop/Proyecto III/Casita/Casita/Content/Art/Static/Building/Baserri/sobrepuerta.uasset" 379
"C:/Users/EnekoMartinGomez/Desktop/Proyecto III/Casita/Casita/Content/Art/Static/Building/Baserri/sobrepuerta.uexp" 380
"C:/Users/EnekoMartinGomez/Desktop/Proyecto III/Casita/Casita/Content/Art/Static/Building/Baserri/StraightStair001.ubulk" 381
"C:/Users/EnekoMartinGomez/Desktop/Proyecto III/Casita/Casita/Content/Art/Static/Building/Baserri/StraightStair001.uasset" 382
"C:/Users/EnekoMartinGomez/Desktop/Proyecto III/Casita/Casita/Content/Art/Static/Building/Baserri/StraightStair001.uexp" 383
"C:/Users/EnekoMartinGomez/Desktop/Proyecto III/Casita/Casita/Content/Art/Static/Building/Baserri/tejacentral.ubulk" 384
"C:/Users/EnekoMartinGomez/Desktop/Proyecto III/Casita/Casita/Content/Art/Static/Building/Baserri/tejacentral.uasset" 385
"C:/Users/EnekoMartinGomez/Desktop/Proyecto III/Casita/Casita/Content/Art/Static/Building/Baserri/tejacentral.uexp" 386
"C:/Users/EnekoMartinGomez/Desktop/Proyecto III/Casita/Casita/Content/Art/Static/Building/Baserri/tejaL01.ubulk" 387
"C:/Users/EnekoMartinGomez/Desktop/Proyecto III/Casita/Casita/Content/Art/Static/Building/Baserri/tejaL01.uasset" 388
"C:/Users/EnekoMartinGomez/Desktop/Proyecto III/Casita/Casita/Content/Art/Static/Building/Baserri/tejaL01.uexp" 389
"C:/Users/EnekoMartinGomez/Desktop/Proyecto III/Casita/Casita/Content/Art/Static/Building/Baserri/tejaL02.ubulk" 390
"C:/Users/EnekoMartinGomez/Desktop/Proyecto III/Casita/Casita/Content/Art/Static/Building/Baserri/tejaL02.uasset" 391
"C:/Users/EnekoMartinGomez/Desktop/Proyecto III/Casita/Casita/Content/Art/Static/Building/Baserri/tejaL02.uexp" 392
"C:/Users/EnekoMartinGomez/Desktop/Proyecto III/Casita/Casita/Content/Art/Static/Building/Baserri/tejaR01.ubulk" 393
"C:/Users/EnekoMartinGomez/Desktop/Proyecto III/Casita/Casita/Content/Art/Static/Building/Baserri/tejaR01.uasset" 394
"C:/Users/EnekoMartinGomez/Desktop/Proyecto III/Casita/Casita/Content/Art/Static/Building/Baserri/tejaR01.uexp" 395
"C:/Users/EnekoMartinGomez/Desktop/Proyecto III/Casita/Casita/Content/Art/Static/Building/Baserri/tejaR02.ubulk" 396
"C:/Users/EnekoMartinGomez/Desktop/Proyecto III/Casita/Casita/Content/Art/Static/Building/Baserri/tejaR02.uasset" 397
"C:/Users/EnekoMartinGomez/Desktop/Proyecto III/Casita/Casita/Content/Art/Static/Building/Baserri/tejaR02.uexp" 398
"C:/Users/EnekoMartinGomez/Desktop/Proyecto III/Casita/Casita/Content/Art/Static/Building/Baserri/terraza02.ubulk" 399
"C:/Users/EnekoMartinGomez/Desktop/Proyecto III/Casita/Casita/Content/Art/Static/Building/Baserri/terraza02.uasset" 400
"C:/Users/EnekoMartinGomez/Desktop/Proyecto III/Casita/Casita/Content/Art/Static/Building/Baserri/terraza02.uexp" 401
"C:/Users/EnekoMartinGomez/Desktop/Proyecto III/Casita/Casita/Content/Art/Static/Building/Baserri/Ventana_estructura.ubulk" 402
"C:/Users/EnekoMartinGomez/Desktop/Proyecto III/Casita/Casita/Content/Art/Static/Building/Baserri/Ventana_estructura.uasset" 403
"C:/Users/EnekoMartinGomez/Desktop/Proyecto III/Casita/Casita/Content/Art/Static/Building/Baserri/Ventana_estructura.uexp" 404
"C:/Users/EnekoMartinGomez/Desktop/Proyecto III/Casita/Casita/Content/Art/Static/Building/Baserri/ventana_peq.ubulk" 405
"C:/Users/EnekoMartinGomez/Desktop/Proyecto III/Casita/Casita/Content/Art/Static/Building/Baserri/ventana_peq.uasset" 406
"C:/Users/EnekoMartinGomez/Desktop/Proyecto III/Casita/Casita/Content/Art/Static/Building/Baserri/ventana_peq.uexp" 407
"C:/Users/EnekoMartinGomez/Desktop/Proyecto III/Casita/Casita/Content/Art/Static/Building/Baserri/ventana_puertecilla.ubulk" 408
"C:/Users/EnekoMartinGomez/Desktop/Proyecto III/Casita/Casita/Content/Art/Static/Building/Baserri/ventana_puertecilla.uasset" 409
"C:/Users/EnekoMartinGomez/Desktop/Proyecto III/Casita/Casita/Content/Art/Static/Building/Baserri/ventana_puertecilla.uexp" 410
"C:/Users/EnekoMartinGomez/Desktop/Proyecto III/Casita/Casita/Content/Art/Static/Building/Baserri/vigacasa004.ubulk" 411
"C:/Users/EnekoMartinGomez/Desktop/Proyecto III/Casita/Casita/Content/Art/Static/Building/Baserri/vigacasa004.uasset" 412
"C:/Users/EnekoMartinGomez/Desktop/Proyecto III/Casita/Casita/Content/Art/Static/Building/Baserri/vigacasa004.uexp" 413
"C:/Users/EnekoMartinGomez/Desktop/Proyecto III/Casita/Casita/Content/Art/Static/Building/Baserri/vigatechocentro.ubulk" 414
"C:/Users/EnekoMartinGomez/Desktop/Proyecto III/Casita/Casita/Content/Art/Static/Building/Baserri/vigatechocentro.uasset" 415
"C:/Users/EnekoMartinGomez/Desktop/Proyecto III/Casita/Casita/Content/Art/Static/Building/Baserri/vigatechocentro.uexp" 416
"C:/Users/EnekoMartinGomez/Desktop/Proyecto III/Casita/Casita/Content/House/BP_House.uasset" 417
"C:/Users/EnekoMartinGomez/Desktop/Proyecto III/Casita/Casita/Content/House/BP_House.uexp" 418
"../../../Engine/Plugins/VirtualProduction/CameraCalibrationCore/Content/Materials/M_DefaultOddSquare.uasset" 419
"../../../Engine/Plugins/VirtualProduction/CameraCalibrationCore/Content/Materials/M_DefaultOddSquare.uexp" 420
"../../../Engine/Plugins/VirtualProduction/CameraCalibrationCore/Content/Materials/M_DefaultEvenSquare.uasset" 421
"../../../Engine/Plugins/VirtualProduction/CameraCalibrationCore/Content/Materials/M_DefaultEvenSquare.uexp" 422
"C:/Users/EnekoMartinGomez/Desktop/Proyecto III/Casita/Casita/Content/Art/Static/CK_Enviro/Mesa/CK_Wood02.uasset" 423
"C:/Users/EnekoMartinGomez/Desktop/Proyecto III/Casita/Casita/Content/Art/Static/CK_Enviro/Mesa/CK_Wood02.uexp" 424
"C:/Users/EnekoMartinGomez/Desktop/Proyecto III/Casita/Casita/Content/Art/Static/CK_Enviro/Mesa/CK_Wood01.uasset" 425
"C:/Users/EnekoMartinGomez/Desktop/Proyecto III/Casita/Casita/Content/Art/Static/CK_Enviro/Mesa/CK_Wood01.uexp" 426
"C:/Users/EnekoMartinGomez/Desktop/Proyecto III/Casita/Casita/Content/Art/Static/CK_Enviro/Mesa/Mesa_Low.ubulk" 427
"C:/Users/EnekoMartinGomez/Desktop/Proyecto III/Casita/Casita/Content/Art/Static/CK_Enviro/Mesa/Mesa_Low.uasset" 428
"C:/Users/EnekoMartinGomez/Desktop/Proyecto III/Casita/Casita/Content/Art/Static/CK_Enviro/Mesa/Mesa_Low.uexp" 429
"C:/Users/EnekoMartinGomez/Desktop/Proyecto III/Casita/Casita/Content/HardWaterStream/BP_Valve.uasset" 430
"C:/Users/EnekoMartinGomez/Desktop/Proyecto III/Casita/Casita/Content/HardWaterStream/BP_Valve.uexp" 431
"C:/Users/EnekoMartinGomez/Desktop/Proyecto III/Casita/Casita/Content/Materials/Water.uasset" 432
"C:/Users/EnekoMartinGomez/Desktop/Proyecto III/Casita/Casita/Content/Materials/Water.uexp" 433
"C:/Users/EnekoMartinGomez/Desktop/Proyecto III/Casita/Casita/Content/Particles/NS_HardWaterSystem.uasset" 434
"C:/Users/EnekoMartinGomez/Desktop/Proyecto III/Casita/Casita/Content/Particles/NS_HardWaterSystem.uexp" 435
"C:/Users/EnekoMartinGomez/Desktop/Proyecto III/Casita/Casita/Content/HardWaterStream/BP_HardWaterStream.uasset" 436
"C:/Users/EnekoMartinGomez/Desktop/Proyecto III/Casita/Casita/Content/HardWaterStream/BP_HardWaterStream.uexp" 437
"../../../Engine/Plugins/Runtime/HairStrands/Content/Materials/HairMeshesDefaultMaterial.uasset" 438
"../../../Engine/Plugins/Runtime/HairStrands/Content/Materials/HairMeshesDefaultMaterial.uexp" 439
"../../../Engine/Plugins/Runtime/HairStrands/Content/Materials/HairDefaultMaterial.uasset" 440
"../../../Engine/Plugins/Runtime/HairStrands/Content/Materials/HairDefaultMaterial.uexp" 441
"../../../Engine/Content/Functions/Engine_MaterialFunctions02/Utility/MakeFloat2.uasset" 442
"../../../Engine/Content/Functions/Engine_MaterialFunctions02/Utility/MakeFloat2.uexp" 443
"../../../Engine/Content/Functions/Engine_MaterialFunctions02/Utility/MakeFloat3.uasset" 444
"../../../Engine/Content/Functions/Engine_MaterialFunctions02/Utility/MakeFloat3.uexp" 445
"../../../Engine/Content/EngineMaterials/HairDebugColor.uasset" 446
"../../../Engine/Content/EngineMaterials/HairDebugColor.uexp" 447
"../../../Engine/Content/EngineMaterials/HairColorMap.uasset" 448
"../../../Engine/Content/EngineMaterials/HairColorMap.uexp" 449
"../../../Engine/Plugins/Runtime/HairStrands/Content/Materials/HairGroupColors.uasset" 450
"../../../Engine/Plugins/Runtime/HairStrands/Content/Materials/HairGroupColors.uexp" 451
"../../../Engine/Plugins/Runtime/HairStrands/Content/Materials/HairDebugMaterial.uasset" 452
"../../../Engine/Plugins/Runtime/HairStrands/Content/Materials/HairDebugMaterial.uexp" 453
"../../../Engine/Plugins/Runtime/HairStrands/Content/Materials/HairCardsDefaultMaterial.uasset" 454
"../../../Engine/Plugins/Runtime/HairStrands/Content/Materials/HairCardsDefaultMaterial.uexp" 455
"../../../Engine/Plugins/Runtime/AudioWidgets/Content/Resources/ScrubHandleDown_Clamped.uasset" 456
"../../../Engine/Plugins/Runtime/AudioWidgets/Content/Resources/ScrubHandleDown_Clamped.uexp" 457
"../../../Engine/Plugins/Interchange/Assets/Content/Functions/MX_UsdPreviewSurface.uasset" 458
"../../../Engine/Plugins/Interchange/Assets/Content/Functions/MX_UsdPreviewSurface.uexp" 459
"../../../Engine/Plugins/Interchange/Assets/Content/Functions/MX_UniformEDF.uasset" 460
"../../../Engine/Plugins/Interchange/Assets/Content/Functions/MX_UniformEDF.uexp" 461
"../../../Engine/Plugins/Interchange/Assets/Content/Functions/MX_TranslucentBSDF.uasset" 462
"../../../Engine/Plugins/Interchange/Assets/Content/Functions/MX_TranslucentBSDF.uexp" 463
"../../../Engine/Plugins/Interchange/Assets/Content/Functions/MX_ThinFilmBSDF.uasset" 464
"../../../Engine/Plugins/Interchange/Assets/Content/Functions/MX_ThinFilmBSDF.uexp" 465
"../../../Engine/Plugins/Interchange/Assets/Content/Functions/MX_SurfaceUnlit.uasset" 466
"../../../Engine/Plugins/Interchange/Assets/Content/Functions/MX_SurfaceUnlit.uexp" 467
"../../../Engine/Plugins/Interchange/Assets/Content/Functions/MX_Surface.uasset" 468
"../../../Engine/Plugins/Interchange/Assets/Content/Functions/MX_Surface.uexp" 469
"../../../Engine/Plugins/Interchange/Assets/Content/Functions/MX_SubsurfaceBSDF.uasset" 470
"../../../Engine/Plugins/Interchange/Assets/Content/Functions/MX_SubsurfaceBSDF.uexp" 471
"../../../Engine/Plugins/Interchange/Assets/Content/Functions/MX_SheenBSDF.uasset" 472
"../../../Engine/Plugins/Interchange/Assets/Content/Functions/MX_SheenBSDF.uexp" 473
"../../../Engine/Plugins/Interchange/Assets/Content/Functions/MX_OrenNayarBSDF.uasset" 474
"../../../Engine/Plugins/Interchange/Assets/Content/Functions/MX_OrenNayarBSDF.uexp" 475
"../../../Engine/Plugins/Interchange/Assets/Content/Functions/MF_IridescenceNoLUT.uasset" 476
"../../../Engine/Plugins/Interchange/Assets/Content/Functions/MF_IridescenceNoLUT.uexp" 477
"../../../Engine/Plugins/Interchange/Assets/Content/Functions/MX_StandardSurface.uasset" 478
"../../../Engine/Plugins/Interchange/Assets/Content/Functions/MX_StandardSurface.uexp" 479
"../../../Engine/Plugins/Interchange/Assets/Content/Functions/MX_TransmissionSurface.uasset" 480
"../../../Engine/Plugins/Interchange/Assets/Content/Functions/MX_TransmissionSurface.uexp" 481
"../../../Engine/Plugins/Interchange/Assets/Content/Functions/MX_OpenPBR_Translucent.uasset" 482
"../../../Engine/Plugins/Interchange/Assets/Content/Functions/MX_OpenPBR_Translucent.uexp" 483
"../../../Engine/Plugins/Interchange/Assets/Content/Functions/MX_OpenPBR_Opaque.uasset" 484
"../../../Engine/Plugins/Interchange/Assets/Content/Functions/MX_OpenPBR_Opaque.uexp" 485
"../../../Engine/Plugins/Interchange/Assets/Content/Functions/MX_MeasuredEDF.uasset" 486
"../../../Engine/Plugins/Interchange/Assets/Content/Functions/MX_MeasuredEDF.uexp" 487
"../../../Engine/Plugins/Interchange/Assets/Content/Functions/MX_GeneralizedSchlickBSDF.uasset" 488
"../../../Engine/Plugins/Interchange/Assets/Content/Functions/MX_GeneralizedSchlickBSDF.uexp" 489
"../../../Engine/Plugins/Interchange/Assets/Content/Functions/MX_Displacement.uasset" 490
"../../../Engine/Plugins/Interchange/Assets/Content/Functions/MX_Displacement.uexp" 491
"../../../Engine/Plugins/Interchange/Assets/Content/Functions/MX_DielectricBSDF.uasset" 492
"../../../Engine/Plugins/Interchange/Assets/Content/Functions/MX_DielectricBSDF.uexp" 493
"../../../Engine/Plugins/Interchange/Assets/Content/Functions/MX_ConicalEDF.uasset" 494
"../../../Engine/Plugins/Interchange/Assets/Content/Functions/MX_ConicalEDF.uexp" 495
"../../../Engine/Plugins/Interchange/Assets/Content/Functions/MX_ConductorBSDF.uasset" 496
"../../../Engine/Plugins/Interchange/Assets/Content/Functions/MX_ConductorBSDF.uexp" 497
"../../../Engine/Plugins/Interchange/Assets/Content/Functions/MX_BurleyDiffuseBSDF.uasset" 498
"../../../Engine/Plugins/Interchange/Assets/Content/Functions/MX_BurleyDiffuseBSDF.uexp" 499
"../../../Engine/Plugins/Interchange/Assets/Content/Functions/MX_AnisotropicVDF.uasset" 500
"../../../Engine/Plugins/Interchange/Assets/Content/Functions/MX_AnisotropicVDF.uexp" 501
"../../../Engine/Plugins/Interchange/Assets/Content/Functions/MX_AbsorptionVDF.uasset" 502
"../../../Engine/Plugins/Interchange/Assets/Content/Functions/MX_AbsorptionVDF.uexp" 503
"../../../Engine/Content/Functions/Engine_MaterialFunctions02/Utility/BreakOutFloat3Components.uasset" 504
"../../../Engine/Content/Functions/Engine_MaterialFunctions02/Utility/BreakOutFloat3Components.uexp" 505
"../../../Engine/Content/Functions/Engine_MaterialFunctions02/Utility/VectorLength.uasset" 506
"../../../Engine/Content/Functions/Engine_MaterialFunctions02/Utility/VectorLength.uexp" 507
"../../../Engine/Content/Functions/Engine_MaterialFunctions02/WorldPositionOffset/ObjectScale.uasset" 508
"../../../Engine/Content/Functions/Engine_MaterialFunctions02/WorldPositionOffset/ObjectScale.uexp" 509
"../../../Engine/Content/Functions/Engine_MaterialFunctions02/SafeNormalize.uasset" 510
"../../../Engine/Content/Functions/Engine_MaterialFunctions02/SafeNormalize.uexp" 511
"../../../Engine/Plugins/Editor/SpeedTreeImporter/Content/SpeedTree9/UnpackInteger3.uasset" 512
"../../../Engine/Plugins/Editor/SpeedTreeImporter/Content/SpeedTree9/UnpackInteger3.uexp" 513
"../../../Engine/Plugins/Editor/SpeedTreeImporter/Content/SpeedTree9/UnpackDirection.uasset" 514
"../../../Engine/Plugins/Editor/SpeedTreeImporter/Content/SpeedTree9/UnpackDirection.uexp" 515
"../../../Engine/Plugins/Editor/SpeedTreeImporter/Content/SpeedTree9/game_wind_noise.ubulk" 516
"../../../Engine/Plugins/Editor/SpeedTreeImporter/Content/SpeedTree9/game_wind_noise.uasset" 517
"../../../Engine/Plugins/Editor/SpeedTreeImporter/Content/SpeedTree9/game_wind_noise.uexp" 518
"../../../Engine/Plugins/Editor/SpeedTreeImporter/Content/SpeedTree9/SpeedTreeWindMotion.uasset" 519
"../../../Engine/Plugins/Editor/SpeedTreeImporter/Content/SpeedTree9/SpeedTreeWindMotion.uexp" 520
"../../../Engine/Plugins/Editor/SpeedTreeImporter/Content/SpeedTree9/SpeedTreeBranchMotion.uasset" 521
"../../../Engine/Plugins/Editor/SpeedTreeImporter/Content/SpeedTree9/SpeedTreeBranchMotion.uexp" 522
"../../../Engine/Content/Functions/Engine_MaterialFunctions02/ObjectLocalBounds.uasset" 523
"../../../Engine/Content/Functions/Engine_MaterialFunctions02/ObjectLocalBounds.uexp" 524
"../../../Engine/Content/Functions/Engine_MaterialFunctions02/UVs/BoundingBoxBased_0-1_UVW.uasset" 525
"../../../Engine/Content/Functions/Engine_MaterialFunctions02/UVs/BoundingBoxBased_0-1_UVW.uexp" 526
"../../../Engine/Plugins/Editor/SpeedTreeImporter/Content/SpeedTree9/SpeedTreeWind.uasset" 527
"../../../Engine/Plugins/Editor/SpeedTreeImporter/Content/SpeedTree9/SpeedTreeWind.uexp" 528
"../../../Engine/Plugins/Editor/SpeedTreeImporter/Content/SpeedTree9/SpeedTreeCameraFacing.uasset" 529
"../../../Engine/Plugins/Editor/SpeedTreeImporter/Content/SpeedTree9/SpeedTreeCameraFacing.uexp" 530
"../../../Engine/Plugins/Editor/SpeedTreeImporter/Content/SpeedTree9/EmptyNormal.uasset" 531
"../../../Engine/Plugins/Editor/SpeedTreeImporter/Content/SpeedTree9/EmptyNormal.uexp" 532
"../../../Engine/Plugins/Editor/SpeedTreeImporter/Content/SpeedTree9/Empty.uasset" 533
"../../../Engine/Plugins/Editor/SpeedTreeImporter/Content/SpeedTree9/Empty.uexp" 534
"../../../Engine/Plugins/Editor/SpeedTreeImporter/Content/SpeedTree9/SpeedTreeMaster.uasset" 535
"../../../Engine/Plugins/Editor/SpeedTreeImporter/Content/SpeedTree9/SpeedTreeMaster.uexp" 536
"../../../Engine/Plugins/Editor/SpeedTreeImporter/Content/SpeedTree9/SpeedTreeBillboard.uasset" 537
"../../../Engine/Plugins/Editor/SpeedTreeImporter/Content/SpeedTree9/SpeedTreeBillboard.uexp" 538
"../../../Engine/Plugins/Editor/SpeedTreeImporter/Content/SpeedTree9/SpeedTreeBillboardMaster.uasset" 539
"../../../Engine/Plugins/Editor/SpeedTreeImporter/Content/SpeedTree9/SpeedTreeBillboardMaster.uexp" 540
"../../../Engine/Plugins/Animation/ControlRig/Content/Controls/ControlRigXRayMaterial.uasset" 541
"../../../Engine/Plugins/Animation/ControlRig/Content/Controls/ControlRigXRayMaterial.uexp" 542
"../../../Engine/Plugins/Animation/ControlRig/Content/Controls/ControlRigGizmoMaterial.uasset" 543
"../../../Engine/Plugins/Animation/ControlRig/Content/Controls/ControlRigGizmoMaterial.uexp" 544
"../../../Engine/Content/EngineSky/M_SimpleSkyDome.uasset" 545
"../../../Engine/Content/EngineSky/M_SimpleSkyDome.uexp" 546
"../../../Engine/Content/EngineResources/DefaultTexture.ubulk" 547
"../../../Engine/Content/EngineResources/DefaultTexture.uasset" 548
"../../../Engine/Content/EngineResources/DefaultTexture.uexp" 549
"../../../Engine/Content/EditorMaterials/ParticleSystems/PSysThumbnail_OOD.ubulk" 550
"../../../Engine/Content/EditorMaterials/ParticleSystems/PSysThumbnail_OOD.uasset" 551
"../../../Engine/Content/EditorMaterials/ParticleSystems/PSysThumbnail_OOD.uexp" 552
"../../../Engine/Content/EditorMaterials/ParticleSystems/PSysThumbnail_NoImage.ubulk" 553
"../../../Engine/Content/EditorMaterials/ParticleSystems/PSysThumbnail_NoImage.uasset" 554
"../../../Engine/Content/EditorMaterials/ParticleSystems/PSysThumbnail_NoImage.uexp" 555
"../../../Engine/Content/EditorMaterials/Dataflow/DataflowVertexMaterial.uasset" 556
"../../../Engine/Content/EditorMaterials/Dataflow/DataflowVertexMaterial.uexp" 557
"../../../Engine/Content/EditorMaterials/Dataflow/DataflowTwoSidedVertexMaterial.uasset" 558
"../../../Engine/Content/EditorMaterials/Dataflow/DataflowTwoSidedVertexMaterial.uexp" 559
"../../../Engine/Content/EngineResources/FilmGrains/Marcie_Grain_v3_128_M2_000.uasset" 560
"../../../Engine/Content/EngineResources/FilmGrains/Marcie_Grain_v3_128_M2_000.uexp" 561
"../../../Engine/Content/EngineResources/Development/ZenLogo_64.uasset" 562
"../../../Engine/Content/EngineResources/Development/ZenLogo_64.uexp" 563
"../../../Engine/Content/EngineMaterials/LTC/Sheen_LTC.uasset" 564
"../../../Engine/Content/EngineMaterials/LTC/Sheen_LTC.uexp" 565
"../../../Engine/Content/EngineMaterials/LTC/GGX_LTCMat.uasset" 566
"../../../Engine/Content/EngineMaterials/LTC/GGX_LTCMat.uexp" 567
"../../../Engine/Content/EngineMaterials/LTC/GGX_LTCAmp.uasset" 568
"../../../Engine/Content/EngineMaterials/LTC/GGX_LTCAmp.uexp" 569
"../../../Engine/Content/EngineMaterials/EnergyConservation/Sheen_Energy.uasset" 570
"../../../Engine/Content/EngineMaterials/EnergyConservation/Sheen_Energy.uexp" 571
"../../../Engine/Content/EngineMaterials/EnergyConservation/SheenLegacy_Energy.uasset" 572
"../../../Engine/Content/EngineMaterials/EnergyConservation/SheenLegacy_Energy.uexp" 573
"../../../Engine/Content/EngineMaterials/EnergyConservation/GGX_TransmissionEnergyArray.uasset" 574
"../../../Engine/Content/EngineMaterials/EnergyConservation/GGX_TransmissionEnergyArray.uexp" 575
"../../../Engine/Content/EngineMaterials/EnergyConservation/GGX_ReflectionEnergy.uasset" 576
"../../../Engine/Content/EngineMaterials/EnergyConservation/GGX_ReflectionEnergy.uexp" 577
"../../../Engine/Content/EngineMaterials/EnergyConservation/Diffuse_Energy.uasset" 578
"../../../Engine/Content/EngineMaterials/EnergyConservation/Diffuse_Energy.uexp" 579
"../../../Engine/Content/EditorResources/SequenceRecorder/RecordingIndicator.uasset" 580
"../../../Engine/Content/EditorResources/SequenceRecorder/RecordingIndicator.uexp" 581
"../../../Engine/Content/EditorResources/SequenceRecorder/Countdown.uasset" 582
"../../../Engine/Content/EditorResources/SequenceRecorder/Countdown.uexp" 583
"../../../Engine/Content/EngineMaterials/BlendFunc_DefBlend.uasset" 584
"../../../Engine/Content/EngineMaterials/BlendFunc_DefBlend.uexp" 585
"../../../Engine/Content/EngineMaterials/BlendFunc_DefBase.uasset" 586
"../../../Engine/Content/EngineMaterials/BlendFunc_DefBase.uexp" 587
"../../../Engine/Content/Functions/Engine_MaterialFunctions03/Blends/Blend_Overlay.uasset" 588
"../../../Engine/Content/Functions/Engine_MaterialFunctions03/Blends/Blend_Overlay.uexp" 589
"../../../Engine/Content/Functions/Engine_MaterialFunctions01/Gradient/LinearGradient.uasset" 590
"../../../Engine/Content/Functions/Engine_MaterialFunctions01/Gradient/LinearGradient.uexp" 591
"../../../Engine/Content/Functions/Engine_MaterialFunctions01/ImageAdjustment/CheapContrast.uasset" 592
"../../../Engine/Content/Functions/Engine_MaterialFunctions01/ImageAdjustment/CheapContrast.uexp" 593
"../../../Engine/Content/OpenWorldTemplate/LandscapeMaterial/T_GridChecker_A.ubulk" 594
"../../../Engine/Content/OpenWorldTemplate/LandscapeMaterial/T_GridChecker_A.uasset" 595
"../../../Engine/Content/OpenWorldTemplate/LandscapeMaterial/T_GridChecker_A.uexp" 596
"../../../Engine/Content/OpenWorldTemplate/LandscapeMaterial/MF_ProcGrid.uasset" 597
"../../../Engine/Content/OpenWorldTemplate/LandscapeMaterial/MF_ProcGrid.uexp" 598
"../../../Engine/Content/OpenWorldTemplate/LandscapeMaterial/M_ProcGrid.uasset" 599
"../../../Engine/Content/OpenWorldTemplate/LandscapeMaterial/M_ProcGrid.uexp" 600
"../../../Engine/Content/Functions/Engine_MaterialFunctions01/Shading/PowerToRoughness.uasset" 601
"../../../Engine/Content/Functions/Engine_MaterialFunctions01/Shading/PowerToRoughness.uexp" 602
"../../../Engine/Content/Functions/Engine_MaterialFunctions01/Shading/ConvertFromDiffSpec.uasset" 603
"../../../Engine/Content/Functions/Engine_MaterialFunctions01/Shading/ConvertFromDiffSpec.uexp" 604
"../../../Engine/Content/EngineMeshes/Sphere.ubulk" 605
"../../../Engine/Content/EngineMeshes/Sphere.uasset" 606
"../../../Engine/Content/EngineMeshes/Sphere.uexp" 607
"../../../Engine/Content/EngineResources/DefaultTextureCube.uasset" 608
"../../../Engine/Content/EngineResources/DefaultTextureCube.uexp" 609
"../../../Engine/Content/EngineMaterials/Substrate/GLints/AGlintTex2dArray.uasset" 610
"../../../Engine/Content/EngineMaterials/Substrate/GLints/AGlintTex2dArray.uexp" 611
"../../../Engine/Content/EngineMaterials/Substrate/Glints2/AGlintTex2dArray2.uasset" 612
"../../../Engine/Content/EngineMaterials/Substrate/Glints2/AGlintTex2dArray2.uexp" 613
"../../../Engine/Content/EngineMaterials/Substrate/Volume/SubstrateSimpleVolumeEnvLUT3D.uasset" 614
"../../../Engine/Content/EngineMaterials/Substrate/Volume/SubstrateSimpleVolumeEnvLUT3D.uexp" 615
"../../../Engine/Content/EngineMaterials/Substrate/Volume/SubstrateSimpleVolumeLUT3D.uasset" 616
"../../../Engine/Content/EngineMaterials/Substrate/Volume/SubstrateSimpleVolumeLUT3D.uexp" 617
"../../../Engine/Content/ArtTools/RenderToTexture/Meshes/S_1_Unit_Plane.ubulk" 618
"../../../Engine/Content/ArtTools/RenderToTexture/Meshes/S_1_Unit_Plane.uasset" 619
"../../../Engine/Content/ArtTools/RenderToTexture/Meshes/S_1_Unit_Plane.uexp" 620
"../../../Engine/Content/Functions/Engine_MaterialFunctions02/Math/Transform3x3Matrix.uasset" 621
"../../../Engine/Content/Functions/Engine_MaterialFunctions02/Math/Transform3x3Matrix.uexp" 622
"../../../Engine/Plugins/Interchange/Assets/Content/Utilities/New_LUT.uasset" 623
"../../../Engine/Plugins/Interchange/Assets/Content/Utilities/New_LUT.uexp" 624
"../../../Engine/Content/Functions/Engine_MaterialFunctions03/Math/RemapValueRange.uasset" 625
"../../../Engine/Content/Functions/Engine_MaterialFunctions03/Math/RemapValueRange.uexp" 626
"../../../Engine/Plugins/Interchange/Assets/Content/Functions/MF_Iridescence.uasset" 627
"../../../Engine/Plugins/Interchange/Assets/Content/Functions/MF_Iridescence.uexp" 628
"../../../Engine/Plugins/Interchange/Assets/Content/gltf/Textures/T_White_srgb.uasset" 629
"../../../Engine/Plugins/Interchange/Assets/Content/gltf/Textures/T_White_srgb.uexp" 630
"../../../Engine/Plugins/Interchange/Assets/Content/gltf/MaterialFunctions/MF_BaseColor.uasset" 631
"../../../Engine/Plugins/Interchange/Assets/Content/gltf/MaterialFunctions/MF_BaseColor.uexp" 632
"../../../Engine/Plugins/Interchange/Assets/Content/gltf/MaterialFunctions/MF_RotateV2.uasset" 633
"../../../Engine/Plugins/Interchange/Assets/Content/gltf/MaterialFunctions/MF_RotateV2.uexp" 634
"../../../Engine/Plugins/Interchange/Assets/Content/gltf/MaterialFunctions/MF_TransformUVs.uasset" 635
"../../../Engine/Plugins/Interchange/Assets/Content/gltf/MaterialFunctions/MF_TransformUVs.uexp" 636
"../../../Engine/Plugins/Interchange/Assets/Content/gltf/MaterialFunctions/MF_IOR.uasset" 637
"../../../Engine/Plugins/Interchange/Assets/Content/gltf/MaterialFunctions/MF_IOR.uexp" 638
"../../../Engine/Plugins/Interchange/Assets/Content/gltf/MaterialFunctions/MF_Iridescence.uasset" 639
"../../../Engine/Plugins/Interchange/Assets/Content/gltf/MaterialFunctions/MF_Iridescence.uexp" 640
"../../../Engine/Plugins/Interchange/Assets/Content/gltf/Textures/T_White_Linear.uasset" 641
"../../../Engine/Plugins/Interchange/Assets/Content/gltf/Textures/T_White_Linear.uexp" 642
"../../../Engine/Plugins/Interchange/Assets/Content/gltf/MaterialFunctions/MF_MetallicRoughness.uasset" 643
"../../../Engine/Plugins/Interchange/Assets/Content/gltf/MaterialFunctions/MF_MetallicRoughness.uexp" 644
"../../../Engine/Plugins/Interchange/Assets/Content/gltf/MaterialFunctions/MF_RotateNormals_TS.uasset" 645
"../../../Engine/Plugins/Interchange/Assets/Content/gltf/MaterialFunctions/MF_RotateNormals_TS.uexp" 646
"../../../Engine/Plugins/Interchange/Assets/Content/gltf/MaterialFunctions/MF_ScaleNormal.uasset" 647
"../../../Engine/Plugins/Interchange/Assets/Content/gltf/MaterialFunctions/MF_ScaleNormal.uexp" 648
"../../../Engine/Plugins/Interchange/Assets/Content/gltf/Textures/T_Generic_N.uasset" 649
"../../../Engine/Plugins/Interchange/Assets/Content/gltf/Textures/T_Generic_N.uexp" 650
"../../../Engine/Plugins/Interchange/Assets/Content/gltf/MaterialFunctions/MF_Normals.uasset" 651
"../../../Engine/Plugins/Interchange/Assets/Content/gltf/MaterialFunctions/MF_Normals.uexp" 652
"../../../Engine/Plugins/Interchange/Assets/Content/gltf/MaterialFunctions/MF_Occlusion.uasset" 653
"../../../Engine/Plugins/Interchange/Assets/Content/gltf/MaterialFunctions/MF_Occlusion.uexp" 654
"../../../Engine/Plugins/Interchange/Assets/Content/gltf/MaterialFunctions/MF_Specular.uasset" 655
"../../../Engine/Plugins/Interchange/Assets/Content/gltf/MaterialFunctions/MF_Specular.uexp" 656
"../../../Engine/Plugins/Interchange/Assets/Content/gltf/Textures/T_Anisotropy_Direction_Linear.uasset" 657
"../../../Engine/Plugins/Interchange/Assets/Content/gltf/Textures/T_Anisotropy_Direction_Linear.uexp" 658
"../../../Engine/Plugins/Interchange/Assets/Content/gltf/MaterialFunctions/MF_SpecularAnisotropy.uasset" 659
"../../../Engine/Plugins/Interchange/Assets/Content/gltf/MaterialFunctions/MF_SpecularAnisotropy.uexp" 660
"../../../Engine/Plugins/Interchange/Assets/Content/gltf/MaterialFunctions/MF_Emissive.uasset" 661
"../../../Engine/Plugins/Interchange/Assets/Content/gltf/MaterialFunctions/MF_Emissive.uexp" 662
"../../../Engine/Content/Functions/Engine_MaterialFunctions01/Texturing/FlattenNormal.uasset" 663
"../../../Engine/Content/Functions/Engine_MaterialFunctions01/Texturing/FlattenNormal.uexp" 664
"../../../Engine/Plugins/Interchange/Assets/Content/gltf/MaterialFunctions/MF_Clearcoat.uasset" 665
"../../../Engine/Plugins/Interchange/Assets/Content/gltf/MaterialFunctions/MF_Clearcoat.uexp" 666
"../../../Engine/Plugins/Interchange/Assets/Content/gltf/MaterialBodies/MF_ClearCoat_Body.uasset" 667
"../../../Engine/Plugins/Interchange/Assets/Content/gltf/MaterialBodies/MF_ClearCoat_Body.uexp" 668
"../../../Engine/Plugins/Interchange/Assets/Content/gltf/M_ClearCoat.uasset" 669
"../../../Engine/Plugins/Interchange/Assets/Content/gltf/M_ClearCoat.uexp" 670
"../../../Engine/Plugins/Interchange/Assets/Content/gltf/MaterialInstances/MI_ClearCoat_Blend.uasset" 671
"../../../Engine/Plugins/Interchange/Assets/Content/gltf/MaterialInstances/MI_ClearCoat_Blend.uexp" 672
"../../../Engine/Plugins/Interchange/Assets/Content/gltf/MaterialInstances/MI_ClearCoat_Blend_DS.uasset" 673
"../../../Engine/Plugins/Interchange/Assets/Content/gltf/MaterialInstances/MI_ClearCoat_Blend_DS.uexp" 674
"../../../Engine/Plugins/Interchange/Assets/Content/gltf/MaterialInstances/MI_ClearCoat_Mask.uasset" 675
"../../../Engine/Plugins/Interchange/Assets/Content/gltf/MaterialInstances/MI_ClearCoat_Mask.uexp" 676
"../../../Engine/Plugins/Interchange/Assets/Content/gltf/MaterialInstances/MI_ClearCoat_Mask_DS.uasset" 677
"../../../Engine/Plugins/Interchange/Assets/Content/gltf/MaterialInstances/MI_ClearCoat_Mask_DS.uexp" 678
"../../../Engine/Plugins/Interchange/Assets/Content/gltf/MaterialInstances/MI_ClearCoat_Opaque.uasset" 679
"../../../Engine/Plugins/Interchange/Assets/Content/gltf/MaterialInstances/MI_ClearCoat_Opaque.uexp" 680
"../../../Engine/Plugins/Interchange/Assets/Content/gltf/MaterialInstances/MI_ClearCoat_Opaque_DS.uasset" 681
"../../../Engine/Plugins/Interchange/Assets/Content/gltf/MaterialInstances/MI_ClearCoat_Opaque_DS.uexp" 682
"../../../Engine/Plugins/Interchange/Assets/Content/gltf/MaterialBodies/MF_Default_Body.uasset" 683
"../../../Engine/Plugins/Interchange/Assets/Content/gltf/MaterialBodies/MF_Default_Body.uexp" 684
"../../../Engine/Plugins/Interchange/Assets/Content/gltf/M_Default.uasset" 685
"../../../Engine/Plugins/Interchange/Assets/Content/gltf/M_Default.uexp" 686
"../../../Engine/Plugins/Interchange/Assets/Content/gltf/MaterialInstances/MI_Default_Blend.uasset" 687
"../../../Engine/Plugins/Interchange/Assets/Content/gltf/MaterialInstances/MI_Default_Blend.uexp" 688
"../../../Engine/Plugins/Interchange/Assets/Content/gltf/MaterialInstances/MI_Default_Blend_DS.uasset" 689
"../../../Engine/Plugins/Interchange/Assets/Content/gltf/MaterialInstances/MI_Default_Blend_DS.uexp" 690
"../../../Engine/Plugins/Interchange/Assets/Content/gltf/MaterialInstances/MI_Default_Mask.uasset" 691
"../../../Engine/Plugins/Interchange/Assets/Content/gltf/MaterialInstances/MI_Default_Mask.uexp" 692
"../../../Engine/Plugins/Interchange/Assets/Content/gltf/MaterialInstances/MI_Default_Mask_DS.uasset" 693
"../../../Engine/Plugins/Interchange/Assets/Content/gltf/MaterialInstances/MI_Default_Mask_DS.uexp" 694
"../../../Engine/Plugins/Interchange/Assets/Content/gltf/MaterialInstances/MI_Default_Opaque.uasset" 695
"../../../Engine/Plugins/Interchange/Assets/Content/gltf/MaterialInstances/MI_Default_Opaque.uexp" 696
"../../../Engine/Plugins/Interchange/Assets/Content/gltf/MaterialInstances/MI_Default_Opaque_DS.uasset" 697
"../../../Engine/Plugins/Interchange/Assets/Content/gltf/MaterialInstances/MI_Default_Opaque_DS.uexp" 698
"../../../Engine/Plugins/Interchange/Assets/Content/gltf/MaterialFunctions/MF_Sheen.uasset" 699
"../../../Engine/Plugins/Interchange/Assets/Content/gltf/MaterialFunctions/MF_Sheen.uexp" 700
"../../../Engine/Plugins/Interchange/Assets/Content/gltf/MaterialBodies/MF_Sheen_Body.uasset" 701
"../../../Engine/Plugins/Interchange/Assets/Content/gltf/MaterialBodies/MF_Sheen_Body.uexp" 702
"../../../Engine/Plugins/Interchange/Assets/Content/gltf/M_Sheen.uasset" 703
"../../../Engine/Plugins/Interchange/Assets/Content/gltf/M_Sheen.uexp" 704
"../../../Engine/Plugins/Interchange/Assets/Content/gltf/MaterialInstances/MI_Sheen_Blend.uasset" 705
"../../../Engine/Plugins/Interchange/Assets/Content/gltf/MaterialInstances/MI_Sheen_Blend.uexp" 706
"../../../Engine/Plugins/Interchange/Assets/Content/gltf/MaterialInstances/MI_Sheen_Blend_DS.uasset" 707
"../../../Engine/Plugins/Interchange/Assets/Content/gltf/MaterialInstances/MI_Sheen_Blend_DS.uexp" 708
"../../../Engine/Plugins/Interchange/Assets/Content/gltf/MaterialInstances/MI_Sheen_Mask.uasset" 709
"../../../Engine/Plugins/Interchange/Assets/Content/gltf/MaterialInstances/MI_Sheen_Mask.uexp" 710
"../../../Engine/Plugins/Interchange/Assets/Content/gltf/MaterialInstances/MI_Sheen_Mask_DS.uasset" 711
"../../../Engine/Plugins/Interchange/Assets/Content/gltf/MaterialInstances/MI_Sheen_Mask_DS.uexp" 712
"../../../Engine/Plugins/Interchange/Assets/Content/gltf/MaterialInstances/MI_Sheen_Opaque.uasset" 713
"../../../Engine/Plugins/Interchange/Assets/Content/gltf/MaterialInstances/MI_Sheen_Opaque.uexp" 714
"../../../Engine/Plugins/Interchange/Assets/Content/gltf/MaterialInstances/MI_Sheen_Opaque_DS.uasset" 715
"../../../Engine/Plugins/Interchange/Assets/Content/gltf/MaterialInstances/MI_Sheen_Opaque_DS.uexp" 716
"../../../Engine/Content/Functions/Engine_MaterialFunctions02/Math/AddComponents.uasset" 717
"../../../Engine/Content/Functions/Engine_MaterialFunctions02/Math/AddComponents.uexp" 718
"../../../Engine/Plugins/Interchange/Assets/Content/gltf/MaterialFunctions/MF_DiffuseSpecGloss.uasset" 719
"../../../Engine/Plugins/Interchange/Assets/Content/gltf/MaterialFunctions/MF_DiffuseSpecGloss.uexp" 720
"../../../Engine/Plugins/Interchange/Assets/Content/gltf/MaterialFunctions/MF_MaxComponentValue.uasset" 721
"../../../Engine/Plugins/Interchange/Assets/Content/gltf/MaterialFunctions/MF_MaxComponentValue.uexp" 722
"../../../Engine/Plugins/Interchange/Assets/Content/gltf/MaterialFunctions/MF_PerceivedBrightness.uasset" 723
"../../../Engine/Plugins/Interchange/Assets/Content/gltf/MaterialFunctions/MF_PerceivedBrightness.uexp" 724
"../../../Engine/Plugins/Interchange/Assets/Content/gltf/MaterialFunctions/MF_SpecGlossToMetalRoughness.uasset" 725
"../../../Engine/Plugins/Interchange/Assets/Content/gltf/MaterialFunctions/MF_SpecGlossToMetalRoughness.uexp" 726
"../../../Engine/Plugins/Interchange/Assets/Content/gltf/MaterialBodies/MF_SpecularGlossiness_Body.uasset" 727
"../../../Engine/Plugins/Interchange/Assets/Content/gltf/MaterialBodies/MF_SpecularGlossiness_Body.uexp" 728
"../../../Engine/Plugins/Interchange/Assets/Content/gltf/M_SpecularGlossiness.uasset" 729
"../../../Engine/Plugins/Interchange/Assets/Content/gltf/M_SpecularGlossiness.uexp" 730
"../../../Engine/Plugins/Interchange/Assets/Content/gltf/MaterialInstances/MI_SpecularGlossiness_Blend.uasset" 731
"../../../Engine/Plugins/Interchange/Assets/Content/gltf/MaterialInstances/MI_SpecularGlossiness_Blend.uexp" 732
"../../../Engine/Plugins/Interchange/Assets/Content/gltf/MaterialInstances/MI_SpecularGlossiness_Blend_DS.uasset" 733
"../../../Engine/Plugins/Interchange/Assets/Content/gltf/MaterialInstances/MI_SpecularGlossiness_Blend_DS.uexp" 734
"../../../Engine/Plugins/Interchange/Assets/Content/gltf/MaterialInstances/MI_SpecularGlossiness_Mask.uasset" 735
"../../../Engine/Plugins/Interchange/Assets/Content/gltf/MaterialInstances/MI_SpecularGlossiness_Mask.uexp" 736
"../../../Engine/Plugins/Interchange/Assets/Content/gltf/MaterialInstances/MI_SpecularGlossiness_Mask_DS.uasset" 737
"../../../Engine/Plugins/Interchange/Assets/Content/gltf/MaterialInstances/MI_SpecularGlossiness_Mask_DS.uexp" 738
"../../../Engine/Plugins/Interchange/Assets/Content/gltf/MaterialInstances/MI_SpecularGlossiness_Opaque.uasset" 739
"../../../Engine/Plugins/Interchange/Assets/Content/gltf/MaterialInstances/MI_SpecularGlossiness_Opaque.uexp" 740
"../../../Engine/Plugins/Interchange/Assets/Content/gltf/MaterialInstances/MI_SpecularGlossiness_Opaque_DS.uasset" 741
"../../../Engine/Plugins/Interchange/Assets/Content/gltf/MaterialInstances/MI_SpecularGlossiness_Opaque_DS.uexp" 742
"../../../Engine/Content/EngineMaterials/Good64x64TilingNoiseHighFreq.uasset" 743
"../../../Engine/Content/EngineMaterials/Good64x64TilingNoiseHighFreq.uexp" 744
"../../../Engine/Content/Functions/Engine_MaterialFunctions02/Texturing/ScreenAlignedPixelToPixelUVs.uasset" 745
"../../../Engine/Content/Functions/Engine_MaterialFunctions02/Texturing/ScreenAlignedPixelToPixelUVs.uexp" 746
"../../../Engine/Plugins/Interchange/Assets/Content/gltf/MaterialFunctions/MF_Fresnel_DS.uasset" 747
"../../../Engine/Plugins/Interchange/Assets/Content/gltf/MaterialFunctions/MF_Fresnel_DS.uexp" 748
"../../../Engine/Plugins/Interchange/Assets/Content/gltf/MaterialFunctions/MF_Temporal_Blur.uasset" 749
"../../../Engine/Plugins/Interchange/Assets/Content/gltf/MaterialFunctions/MF_Temporal_Blur.uexp" 750
"../../../Engine/Plugins/Interchange/Assets/Content/gltf/MaterialFunctions/MF_Transmission.uasset" 751
"../../../Engine/Plugins/Interchange/Assets/Content/gltf/MaterialFunctions/MF_Transmission.uexp" 752
"../../../Engine/Plugins/Interchange/Assets/Content/gltf/MaterialBodies/MF_Transmission_Body.uasset" 753
"../../../Engine/Plugins/Interchange/Assets/Content/gltf/MaterialBodies/MF_Transmission_Body.uexp" 754
"../../../Engine/Plugins/Interchange/Assets/Content/gltf/M_Transmission.uasset" 755
"../../../Engine/Plugins/Interchange/Assets/Content/gltf/M_Transmission.uexp" 756
"../../../Engine/Plugins/Interchange/Assets/Content/gltf/MaterialInstances/MI_Transmission.uasset" 757
"../../../Engine/Plugins/Interchange/Assets/Content/gltf/MaterialInstances/MI_Transmission.uexp" 758
"../../../Engine/Plugins/Interchange/Assets/Content/gltf/MaterialInstances/MI_Transmission_DS.uasset" 759
"../../../Engine/Plugins/Interchange/Assets/Content/gltf/MaterialInstances/MI_Transmission_DS.uexp" 760
"../../../Engine/Plugins/Interchange/Assets/Content/gltf/MaterialBodies/MF_Unlit_Body.uasset" 761
"../../../Engine/Plugins/Interchange/Assets/Content/gltf/MaterialBodies/MF_Unlit_Body.uexp" 762
"../../../Engine/Plugins/Interchange/Assets/Content/gltf/M_Unlit.uasset" 763
"../../../Engine/Plugins/Interchange/Assets/Content/gltf/M_Unlit.uexp" 764
"../../../Engine/Plugins/Interchange/Assets/Content/gltf/MaterialInstances/MI_Unlit_Blend.uasset" 765
"../../../Engine/Plugins/Interchange/Assets/Content/gltf/MaterialInstances/MI_Unlit_Blend.uexp" 766
"../../../Engine/Plugins/Interchange/Assets/Content/gltf/MaterialInstances/MI_Unlit_Blend_DS.uasset" 767
"../../../Engine/Plugins/Interchange/Assets/Content/gltf/MaterialInstances/MI_Unlit_Blend_DS.uexp" 768
"../../../Engine/Plugins/Interchange/Assets/Content/gltf/MaterialInstances/MI_Unlit_Mask.uasset" 769
"../../../Engine/Plugins/Interchange/Assets/Content/gltf/MaterialInstances/MI_Unlit_Mask.uexp" 770
"../../../Engine/Plugins/Interchange/Assets/Content/gltf/MaterialInstances/MI_Unlit_Mask_DS.uasset" 771
"../../../Engine/Plugins/Interchange/Assets/Content/gltf/MaterialInstances/MI_Unlit_Mask_DS.uexp" 772
"../../../Engine/Plugins/Interchange/Assets/Content/gltf/MaterialInstances/MI_Unlit_Opaque.uasset" 773
"../../../Engine/Plugins/Interchange/Assets/Content/gltf/MaterialInstances/MI_Unlit_Opaque.uexp" 774
"../../../Engine/Plugins/Interchange/Assets/Content/gltf/MaterialInstances/MI_Unlit_Opaque_DS.uasset" 775
"../../../Engine/Plugins/Interchange/Assets/Content/gltf/MaterialInstances/MI_Unlit_Opaque_DS.uexp" 776
"../../../Engine/Content/VREditor/TransformGizmo/TranslucentTransformGizmoMaterial.uasset" 777
"../../../Engine/Content/VREditor/TransformGizmo/TranslucentTransformGizmoMaterial.uexp" 778
"../../../Engine/Content/VREditor/LaserPointer/VR_LaserPower_01.ubulk" 779
"../../../Engine/Content/VREditor/LaserPointer/VR_LaserPower_01.uasset" 780
"../../../Engine/Content/VREditor/LaserPointer/VR_LaserPower_01.uexp" 781
"../../../Engine/Content/VREditor/TransformGizmo/TransformGizmoMaterial.uasset" 782
"../../../Engine/Content/VREditor/TransformGizmo/TransformGizmoMaterial.uexp" 783
"../../../Engine/Content/VREditor/TransformGizmo/BoundingBoxCorner.ubulk" 784
"../../../Engine/Content/VREditor/TransformGizmo/BoundingBoxCorner.uasset" 785
"../../../Engine/Content/VREditor/TransformGizmo/BoundingBoxCorner.uexp" 786
"../../../Engine/Content/VREditor/TransformGizmo/BoundingBoxEdge.ubulk" 787
"../../../Engine/Content/VREditor/TransformGizmo/BoundingBoxEdge.uasset" 788
"../../../Engine/Content/VREditor/TransformGizmo/BoundingBoxEdge.uexp" 789
"../../../Engine/Content/VREditor/TransformGizmo/Xray.uasset" 790
"../../../Engine/Content/VREditor/TransformGizmo/Xray.uexp" 791
"../../../Engine/Content/VREditor/TransformGizmo/Main.uasset" 792
"../../../Engine/Content/VREditor/TransformGizmo/Main.uexp" 793
"../../../Engine/Content/VREditor/TransformGizmo/SM_Sequencer_Node.ubulk" 794
"../../../Engine/Content/VREditor/TransformGizmo/SM_Sequencer_Node.uasset" 795
"../../../Engine/Content/VREditor/TransformGizmo/SM_Sequencer_Node.uexp" 796
"../../../Engine/Content/EditorMaterials/Camera/CineMat.uasset" 797
"../../../Engine/Content/EditorMaterials/Camera/CineMat.uexp" 798
"../../../Engine/Content/EditorMaterials/Camera/MI_CineMat_Rig.uasset" 799
"../../../Engine/Content/EditorMaterials/Camera/MI_CineMat_Rig.uexp" 800
"../../../Engine/Content/EditorMeshes/Camera/SM_CraneRig_Arm.ubulk" 801
"../../../Engine/Content/EditorMeshes/Camera/SM_CraneRig_Arm.uasset" 802
"../../../Engine/Content/EditorMeshes/Camera/SM_CraneRig_Arm.uexp" 803
"../../../Engine/Content/EditorMeshes/Camera/SM_CraneRig_Base.ubulk" 804
"../../../Engine/Content/EditorMeshes/Camera/SM_CraneRig_Base.uasset" 805
"../../../Engine/Content/EditorMeshes/Camera/SM_CraneRig_Base.uexp" 806
"../../../Engine/Content/EditorMeshes/Camera/SM_CraneRig_Body.ubulk" 807
"../../../Engine/Content/EditorMeshes/Camera/SM_CraneRig_Body.uasset" 808
"../../../Engine/Content/EditorMeshes/Camera/SM_CraneRig_Body.uexp" 809
"../../../Engine/Content/EditorMeshes/Camera/SM_CraneRig_Mount.ubulk" 810
"../../../Engine/Content/EditorMeshes/Camera/SM_CraneRig_Mount.uasset" 811
"../../../Engine/Content/EditorMeshes/Camera/SM_CraneRig_Mount.uexp" 812
"../../../Engine/Content/EditorMeshes/Camera/SM_RailRig_Mount.ubulk" 813
"../../../Engine/Content/EditorMeshes/Camera/SM_RailRig_Mount.uasset" 814
"../../../Engine/Content/EditorMeshes/Camera/SM_RailRig_Mount.uexp" 815
"../../../Engine/Content/EditorMeshes/Camera/SM_RailRig_Track.ubulk" 816
"../../../Engine/Content/EditorMeshes/Camera/SM_RailRig_Track.uasset" 817
"../../../Engine/Content/EditorMeshes/Camera/SM_RailRig_Track.uexp" 818
"../../../Engine/Content/EngineResources/DefaultVolumeTexture2D.uasset" 819
"../../../Engine/Content/EngineResources/DefaultVolumeTexture2D.uexp" 820
"../../../Engine/Content/EngineResources/DefaultVolumeTexture.uasset" 821
"../../../Engine/Content/EngineResources/DefaultVolumeTexture.uexp" 822
"../../../Engine/Content/EngineSky/T_Sky_Stars.ubulk" 823
"../../../Engine/Content/EngineSky/T_Sky_Stars.uasset" 824
"../../../Engine/Content/EngineSky/T_Sky_Stars.uexp" 825
"../../../Engine/Content/EngineSky/T_Sky_Clouds_M.ubulk" 826
"../../../Engine/Content/EngineSky/T_Sky_Clouds_M.uasset" 827
"../../../Engine/Content/EngineSky/T_Sky_Clouds_M.uexp" 828
"../../../Engine/Content/EngineSky/T_Sky_Blue.ubulk" 829
"../../../Engine/Content/EngineSky/T_Sky_Blue.uasset" 830
"../../../Engine/Content/EngineSky/T_Sky_Blue.uexp" 831
"../../../Engine/Content/EngineSky/M_Sky_Panning_Clouds2.uasset" 832
"../../../Engine/Content/EngineSky/M_Sky_Panning_Clouds2.uexp" 833
"../../../Engine/Content/EngineSky/SM_SkySphere.ubulk" 834
"../../../Engine/Content/EngineSky/SM_SkySphere.uasset" 835
"../../../Engine/Content/EngineSky/SM_SkySphere.uexp" 836
"../../../Engine/Plugins/Animation/ControlRig/Content/Controls/ControlRig_Arrow2_1mm.ubulk" 837
"../../../Engine/Plugins/Animation/ControlRig/Content/Controls/ControlRig_Arrow2_1mm.uasset" 838
"../../../Engine/Plugins/Animation/ControlRig/Content/Controls/ControlRig_Arrow2_1mm.uexp" 839
"../../../Engine/Plugins/Animation/ControlRig/Content/Controls/ControlRig_Arrow2_3mm.ubulk" 840
"../../../Engine/Plugins/Animation/ControlRig/Content/Controls/ControlRig_Arrow2_3mm.uasset" 841
"../../../Engine/Plugins/Animation/ControlRig/Content/Controls/ControlRig_Arrow2_3mm.uexp" 842
"../../../Engine/Plugins/Animation/ControlRig/Content/Controls/ControlRig_Arrow2_solid.ubulk" 843
"../../../Engine/Plugins/Animation/ControlRig/Content/Controls/ControlRig_Arrow2_solid.uasset" 844
"../../../Engine/Plugins/Animation/ControlRig/Content/Controls/ControlRig_Arrow2_solid.uexp" 845
"../../../Engine/Plugins/Animation/ControlRig/Content/Controls/ControlRig_Arrow4_1mm.ubulk" 846
"../../../Engine/Plugins/Animation/ControlRig/Content/Controls/ControlRig_Arrow4_1mm.uasset" 847
"../../../Engine/Plugins/Animation/ControlRig/Content/Controls/ControlRig_Arrow4_1mm.uexp" 848
"../../../Engine/Plugins/Animation/ControlRig/Content/Controls/ControlRig_Arrow4_3mm.ubulk" 849
"../../../Engine/Plugins/Animation/ControlRig/Content/Controls/ControlRig_Arrow4_3mm.uasset" 850
"../../../Engine/Plugins/Animation/ControlRig/Content/Controls/ControlRig_Arrow4_3mm.uexp" 851
"../../../Engine/Plugins/Animation/ControlRig/Content/Controls/ControlRig_Arrow4_solid.ubulk" 852
"../../../Engine/Plugins/Animation/ControlRig/Content/Controls/ControlRig_Arrow4_solid.uasset" 853
"../../../Engine/Plugins/Animation/ControlRig/Content/Controls/ControlRig_Arrow4_solid.uexp" 854
"../../../Engine/Plugins/Animation/ControlRig/Content/Controls/ControlRig_Arrow_1mm.ubulk" 855
"../../../Engine/Plugins/Animation/ControlRig/Content/Controls/ControlRig_Arrow_1mm.uasset" 856
"../../../Engine/Plugins/Animation/ControlRig/Content/Controls/ControlRig_Arrow_1mm.uexp" 857
"../../../Engine/Plugins/Animation/ControlRig/Content/Controls/ControlRig_Arrow_3mm.ubulk" 858
"../../../Engine/Plugins/Animation/ControlRig/Content/Controls/ControlRig_Arrow_3mm.uasset" 859
"../../../Engine/Plugins/Animation/ControlRig/Content/Controls/ControlRig_Arrow_3mm.uexp" 860
"../../../Engine/Plugins/Animation/ControlRig/Content/Controls/ControlRig_Arrow_solid.ubulk" 861
"../../../Engine/Plugins/Animation/ControlRig/Content/Controls/ControlRig_Arrow_solid.uasset" 862
"../../../Engine/Plugins/Animation/ControlRig/Content/Controls/ControlRig_Arrow_solid.uexp" 863
"../../../Engine/Plugins/Animation/ControlRig/Content/Controls/ControlRig_Box_1mm.ubulk" 864
"../../../Engine/Plugins/Animation/ControlRig/Content/Controls/ControlRig_Box_1mm.uasset" 865
"../../../Engine/Plugins/Animation/ControlRig/Content/Controls/ControlRig_Box_1mm.uexp" 866
"../../../Engine/Plugins/Animation/ControlRig/Content/Controls/ControlRig_Box_3mm.ubulk" 867
"../../../Engine/Plugins/Animation/ControlRig/Content/Controls/ControlRig_Box_3mm.uasset" 868
"../../../Engine/Plugins/Animation/ControlRig/Content/Controls/ControlRig_Box_3mm.uexp" 869
"../../../Engine/Plugins/Animation/ControlRig/Content/Controls/ControlRig_Box_solid.ubulk" 870
"../../../Engine/Plugins/Animation/ControlRig/Content/Controls/ControlRig_Box_solid.uasset" 871
"../../../Engine/Plugins/Animation/ControlRig/Content/Controls/ControlRig_Box_solid.uexp" 872
"../../../Engine/Plugins/Animation/ControlRig/Content/Controls/ControlRig_Circle_1mm.ubulk" 873
"../../../Engine/Plugins/Animation/ControlRig/Content/Controls/ControlRig_Circle_1mm.uasset" 874
"../../../Engine/Plugins/Animation/ControlRig/Content/Controls/ControlRig_Circle_1mm.uexp" 875
"../../../Engine/Plugins/Animation/ControlRig/Content/Controls/ControlRig_Circle_3mm.ubulk" 876
"../../../Engine/Plugins/Animation/ControlRig/Content/Controls/ControlRig_Circle_3mm.uasset" 877
"../../../Engine/Plugins/Animation/ControlRig/Content/Controls/ControlRig_Circle_3mm.uexp" 878
"../../../Engine/Plugins/Animation/ControlRig/Content/Controls/ControlRig_Circle_solid.ubulk" 879
"../../../Engine/Plugins/Animation/ControlRig/Content/Controls/ControlRig_Circle_solid.uasset" 880
"../../../Engine/Plugins/Animation/ControlRig/Content/Controls/ControlRig_Circle_solid.uexp" 881
"../../../Engine/Plugins/Animation/ControlRig/Content/Controls/ControlRig_Diamond_1mm.ubulk" 882
"../../../Engine/Plugins/Animation/ControlRig/Content/Controls/ControlRig_Diamond_1mm.uasset" 883
"../../../Engine/Plugins/Animation/ControlRig/Content/Controls/ControlRig_Diamond_1mm.uexp" 884
"../../../Engine/Plugins/Animation/ControlRig/Content/Controls/ControlRig_Diamond_3mm.ubulk" 885
"../../../Engine/Plugins/Animation/ControlRig/Content/Controls/ControlRig_Diamond_3mm.uasset" 886
"../../../Engine/Plugins/Animation/ControlRig/Content/Controls/ControlRig_Diamond_3mm.uexp" 887
"../../../Engine/Plugins/Animation/ControlRig/Content/Controls/ControlRig_Diamond_solid.ubulk" 888
"../../../Engine/Plugins/Animation/ControlRig/Content/Controls/ControlRig_Diamond_solid.uasset" 889
"../../../Engine/Plugins/Animation/ControlRig/Content/Controls/ControlRig_Diamond_solid.uexp" 890
"../../../Engine/Plugins/Animation/ControlRig/Content/Controls/ControlRig_HalfCircle_1mm.ubulk" 891
"../../../Engine/Plugins/Animation/ControlRig/Content/Controls/ControlRig_HalfCircle_1mm.uasset" 892
"../../../Engine/Plugins/Animation/ControlRig/Content/Controls/ControlRig_HalfCircle_1mm.uexp" 893
"../../../Engine/Plugins/Animation/ControlRig/Content/Controls/ControlRig_HalfCircle_3mm.ubulk" 894
"../../../Engine/Plugins/Animation/ControlRig/Content/Controls/ControlRig_HalfCircle_3mm.uasset" 895
"../../../Engine/Plugins/Animation/ControlRig/Content/Controls/ControlRig_HalfCircle_3mm.uexp" 896
"../../../Engine/Plugins/Animation/ControlRig/Content/Controls/ControlRig_HalfCircle_solid.ubulk" 897
"../../../Engine/Plugins/Animation/ControlRig/Content/Controls/ControlRig_HalfCircle_solid.uasset" 898
"../../../Engine/Plugins/Animation/ControlRig/Content/Controls/ControlRig_HalfCircle_solid.uexp" 899
"../../../Engine/Plugins/Animation/ControlRig/Content/Controls/ControlRig_Hexagon_1mm.ubulk" 900
"../../../Engine/Plugins/Animation/ControlRig/Content/Controls/ControlRig_Hexagon_1mm.uasset" 901
"../../../Engine/Plugins/Animation/ControlRig/Content/Controls/ControlRig_Hexagon_1mm.uexp" 902
"../../../Engine/Plugins/Animation/ControlRig/Content/Controls/ControlRig_Hexagon_3mm.ubulk" 903
"../../../Engine/Plugins/Animation/ControlRig/Content/Controls/ControlRig_Hexagon_3mm.uasset" 904
"../../../Engine/Plugins/Animation/ControlRig/Content/Controls/ControlRig_Hexagon_3mm.uexp" 905
"../../../Engine/Plugins/Animation/ControlRig/Content/Controls/ControlRig_Hexagon_solid.ubulk" 906
"../../../Engine/Plugins/Animation/ControlRig/Content/Controls/ControlRig_Hexagon_solid.uasset" 907
"../../../Engine/Plugins/Animation/ControlRig/Content/Controls/ControlRig_Hexagon_solid.uexp" 908
"../../../Engine/Plugins/Animation/ControlRig/Content/Controls/ControlRig_Octagon_1mm.ubulk" 909
"../../../Engine/Plugins/Animation/ControlRig/Content/Controls/ControlRig_Octagon_1mm.uasset" 910
"../../../Engine/Plugins/Animation/ControlRig/Content/Controls/ControlRig_Octagon_1mm.uexp" 911
"../../../Engine/Plugins/Animation/ControlRig/Content/Controls/ControlRig_Octagon_3mm.ubulk" 912
"../../../Engine/Plugins/Animation/ControlRig/Content/Controls/ControlRig_Octagon_3mm.uasset" 913
"../../../Engine/Plugins/Animation/ControlRig/Content/Controls/ControlRig_Octagon_3mm.uexp" 914
"../../../Engine/Plugins/Animation/ControlRig/Content/Controls/ControlRig_Octagon_solid.ubulk" 915
"../../../Engine/Plugins/Animation/ControlRig/Content/Controls/ControlRig_Octagon_solid.uasset" 916
"../../../Engine/Plugins/Animation/ControlRig/Content/Controls/ControlRig_Octagon_solid.uexp" 917
"../../../Engine/Plugins/Animation/ControlRig/Content/Controls/ControlRig_Pyramid_1mm.ubulk" 918
"../../../Engine/Plugins/Animation/ControlRig/Content/Controls/ControlRig_Pyramid_1mm.uasset" 919
"../../../Engine/Plugins/Animation/ControlRig/Content/Controls/ControlRig_Pyramid_1mm.uexp" 920
"../../../Engine/Plugins/Animation/ControlRig/Content/Controls/ControlRig_Pyramid_3mm.ubulk" 921
"../../../Engine/Plugins/Animation/ControlRig/Content/Controls/ControlRig_Pyramid_3mm.uasset" 922
"../../../Engine/Plugins/Animation/ControlRig/Content/Controls/ControlRig_Pyramid_3mm.uexp" 923
"../../../Engine/Plugins/Animation/ControlRig/Content/Controls/ControlRig_Pyramid_solid.ubulk" 924
"../../../Engine/Plugins/Animation/ControlRig/Content/Controls/ControlRig_Pyramid_solid.uasset" 925
"../../../Engine/Plugins/Animation/ControlRig/Content/Controls/ControlRig_Pyramid_solid.uexp" 926
"../../../Engine/Plugins/Animation/ControlRig/Content/Controls/ControlRig_QuarterCircle_1mm.ubulk" 927
"../../../Engine/Plugins/Animation/ControlRig/Content/Controls/ControlRig_QuarterCircle_1mm.uasset" 928
"../../../Engine/Plugins/Animation/ControlRig/Content/Controls/ControlRig_QuarterCircle_1mm.uexp" 929
"../../../Engine/Plugins/Animation/ControlRig/Content/Controls/ControlRig_QuarterCircle_3mm.ubulk" 930
"../../../Engine/Plugins/Animation/ControlRig/Content/Controls/ControlRig_QuarterCircle_3mm.uasset" 931
"../../../Engine/Plugins/Animation/ControlRig/Content/Controls/ControlRig_QuarterCircle_3mm.uexp" 932
"../../../Engine/Plugins/Animation/ControlRig/Content/Controls/ControlRig_QuarterCircle_solid.ubulk" 933
"../../../Engine/Plugins/Animation/ControlRig/Content/Controls/ControlRig_QuarterCircle_solid.uasset" 934
"../../../Engine/Plugins/Animation/ControlRig/Content/Controls/ControlRig_QuarterCircle_solid.uexp" 935
"../../../Engine/Plugins/Animation/ControlRig/Content/Controls/ControlRig_RoundedSquare_1mm.ubulk" 936
"../../../Engine/Plugins/Animation/ControlRig/Content/Controls/ControlRig_RoundedSquare_1mm.uasset" 937
"../../../Engine/Plugins/Animation/ControlRig/Content/Controls/ControlRig_RoundedSquare_1mm.uexp" 938
"../../../Engine/Plugins/Animation/ControlRig/Content/Controls/ControlRig_RoundedSquare_3mm.ubulk" 939
"../../../Engine/Plugins/Animation/ControlRig/Content/Controls/ControlRig_RoundedSquare_3mm.uasset" 940
"../../../Engine/Plugins/Animation/ControlRig/Content/Controls/ControlRig_RoundedSquare_3mm.uexp" 941
"../../../Engine/Plugins/Animation/ControlRig/Content/Controls/ControlRig_RoundedSquare_solid.ubulk" 942
"../../../Engine/Plugins/Animation/ControlRig/Content/Controls/ControlRig_RoundedSquare_solid.uasset" 943
"../../../Engine/Plugins/Animation/ControlRig/Content/Controls/ControlRig_RoundedSquare_solid.uexp" 944
"../../../Engine/Plugins/Animation/ControlRig/Content/Controls/ControlRig_RoundedTriangle_1mm.ubulk" 945
"../../../Engine/Plugins/Animation/ControlRig/Content/Controls/ControlRig_RoundedTriangle_1mm.uasset" 946
"../../../Engine/Plugins/Animation/ControlRig/Content/Controls/ControlRig_RoundedTriangle_1mm.uexp" 947
"../../../Engine/Plugins/Animation/ControlRig/Content/Controls/ControlRig_RoundedTriangle_3mm.ubulk" 948
"../../../Engine/Plugins/Animation/ControlRig/Content/Controls/ControlRig_RoundedTriangle_3mm.uasset" 949
"../../../Engine/Plugins/Animation/ControlRig/Content/Controls/ControlRig_RoundedTriangle_3mm.uexp" 950
"../../../Engine/Plugins/Animation/ControlRig/Content/Controls/ControlRig_RoundedTriangle_solid.ubulk" 951
"../../../Engine/Plugins/Animation/ControlRig/Content/Controls/ControlRig_RoundedTriangle_solid.uasset" 952
"../../../Engine/Plugins/Animation/ControlRig/Content/Controls/ControlRig_RoundedTriangle_solid.uexp" 953
"../../../Engine/Plugins/Animation/ControlRig/Content/Controls/ControlRig_Sphere_1mm.ubulk" 954
"../../../Engine/Plugins/Animation/ControlRig/Content/Controls/ControlRig_Sphere_1mm.uasset" 955
"../../../Engine/Plugins/Animation/ControlRig/Content/Controls/ControlRig_Sphere_1mm.uexp" 956
"../../../Engine/Plugins/Animation/ControlRig/Content/Controls/ControlRig_Sphere_3mm.ubulk" 957
"../../../Engine/Plugins/Animation/ControlRig/Content/Controls/ControlRig_Sphere_3mm.uasset" 958
"../../../Engine/Plugins/Animation/ControlRig/Content/Controls/ControlRig_Sphere_3mm.uexp" 959
"../../../Engine/Plugins/Animation/ControlRig/Content/Controls/ControlRig_Sphere_solid.ubulk" 960
"../../../Engine/Plugins/Animation/ControlRig/Content/Controls/ControlRig_Sphere_solid.uasset" 961
"../../../Engine/Plugins/Animation/ControlRig/Content/Controls/ControlRig_Sphere_solid.uexp" 962
"../../../Engine/Plugins/Animation/ControlRig/Content/Controls/ControlRig_Square_1mm.ubulk" 963
"../../../Engine/Plugins/Animation/ControlRig/Content/Controls/ControlRig_Square_1mm.uasset" 964
"../../../Engine/Plugins/Animation/ControlRig/Content/Controls/ControlRig_Square_1mm.uexp" 965
"../../../Engine/Plugins/Animation/ControlRig/Content/Controls/ControlRig_Square_3mm.ubulk" 966
"../../../Engine/Plugins/Animation/ControlRig/Content/Controls/ControlRig_Square_3mm.uasset" 967
"../../../Engine/Plugins/Animation/ControlRig/Content/Controls/ControlRig_Square_3mm.uexp" 968
"../../../Engine/Plugins/Animation/ControlRig/Content/Controls/ControlRig_Square_solid.ubulk" 969
"../../../Engine/Plugins/Animation/ControlRig/Content/Controls/ControlRig_Square_solid.uasset" 970
"../../../Engine/Plugins/Animation/ControlRig/Content/Controls/ControlRig_Square_solid.uexp" 971
"../../../Engine/Plugins/Animation/ControlRig/Content/Controls/ControlRig_Star4_1mm.ubulk" 972
"../../../Engine/Plugins/Animation/ControlRig/Content/Controls/ControlRig_Star4_1mm.uasset" 973
"../../../Engine/Plugins/Animation/ControlRig/Content/Controls/ControlRig_Star4_1mm.uexp" 974
"../../../Engine/Plugins/Animation/ControlRig/Content/Controls/ControlRig_Star4_3mm.ubulk" 975
"../../../Engine/Plugins/Animation/ControlRig/Content/Controls/ControlRig_Star4_3mm.uasset" 976
"../../../Engine/Plugins/Animation/ControlRig/Content/Controls/ControlRig_Star4_3mm.uexp" 977
"../../../Engine/Plugins/Animation/ControlRig/Content/Controls/ControlRig_Star4_solid.ubulk" 978
"../../../Engine/Plugins/Animation/ControlRig/Content/Controls/ControlRig_Star4_solid.uasset" 979
"../../../Engine/Plugins/Animation/ControlRig/Content/Controls/ControlRig_Star4_solid.uexp" 980
"../../../Engine/Plugins/Animation/ControlRig/Content/Controls/ControlRig_Triangle_1mm.ubulk" 981
"../../../Engine/Plugins/Animation/ControlRig/Content/Controls/ControlRig_Triangle_1mm.uasset" 982
"../../../Engine/Plugins/Animation/ControlRig/Content/Controls/ControlRig_Triangle_1mm.uexp" 983
"../../../Engine/Plugins/Animation/ControlRig/Content/Controls/ControlRig_Triangle_3mm.ubulk" 984
"../../../Engine/Plugins/Animation/ControlRig/Content/Controls/ControlRig_Triangle_3mm.uasset" 985
"../../../Engine/Plugins/Animation/ControlRig/Content/Controls/ControlRig_Triangle_3mm.uexp" 986
"../../../Engine/Plugins/Animation/ControlRig/Content/Controls/ControlRig_Triangle_solid.ubulk" 987
"../../../Engine/Plugins/Animation/ControlRig/Content/Controls/ControlRig_Triangle_solid.uasset" 988
"../../../Engine/Plugins/Animation/ControlRig/Content/Controls/ControlRig_Triangle_solid.uexp" 989
"../../../Engine/Plugins/Animation/ControlRig/Content/Controls/ControlRig_Wedge_1mm.ubulk" 990
"../../../Engine/Plugins/Animation/ControlRig/Content/Controls/ControlRig_Wedge_1mm.uasset" 991
"../../../Engine/Plugins/Animation/ControlRig/Content/Controls/ControlRig_Wedge_1mm.uexp" 992
"../../../Engine/Plugins/Animation/ControlRig/Content/Controls/ControlRig_Wedge_3mm.ubulk" 993
"../../../Engine/Plugins/Animation/ControlRig/Content/Controls/ControlRig_Wedge_3mm.uasset" 994
"../../../Engine/Plugins/Animation/ControlRig/Content/Controls/ControlRig_Wedge_3mm.uexp" 995
"../../../Engine/Plugins/Animation/ControlRig/Content/Controls/ControlRig_Wedge_solid.ubulk" 996
"../../../Engine/Plugins/Animation/ControlRig/Content/Controls/ControlRig_Wedge_solid.uasset" 997
"../../../Engine/Plugins/Animation/ControlRig/Content/Controls/ControlRig_Wedge_solid.uexp" 998
"../../../Engine/Content/EngineMaterials/WeightMapPlaceholderTexture.uasset" 999
"../../../Engine/Content/EngineMaterials/WeightMapPlaceholderTexture.uexp" 1000
"../../../Engine/Content/EngineMaterials/WeightMapArrayPlaceholderTexture.uasset" 1001
"../../../Engine/Content/EngineMaterials/WeightMapArrayPlaceholderTexture.uexp" 1002
"../../../Engine/Content/EngineResources/WhiteSquareTexture.uasset" 1003
"../../../Engine/Content/EngineResources/WhiteSquareTexture.uexp" 1004
"../../../Engine/Content/EngineMaterials/Widget3DPassThrough.uasset" 1005
"../../../Engine/Content/EngineMaterials/Widget3DPassThrough.uexp" 1006
"../../../Engine/Content/EngineMaterials/Widget3DPassThrough_Masked.uasset" 1007
"../../../Engine/Content/EngineMaterials/Widget3DPassThrough_Masked.uexp" 1008
"../../../Engine/Content/EngineMaterials/Widget3DPassThrough_Opaque.uasset" 1009
"../../../Engine/Content/EngineMaterials/Widget3DPassThrough_Opaque.uexp" 1010
"../../../Engine/Content/EngineMaterials/Widget3DPassThrough_Masked_OneSided.uasset" 1011
"../../../Engine/Content/EngineMaterials/Widget3DPassThrough_Masked_OneSided.uexp" 1012
"../../../Engine/Content/EngineMaterials/Widget3DPassThrough_Opaque_OneSided.uasset" 1013
"../../../Engine/Content/EngineMaterials/Widget3DPassThrough_Opaque_OneSided.uexp" 1014
"../../../Engine/Content/EngineMaterials/Widget3DPassThrough_Translucent.uasset" 1015
"../../../Engine/Content/EngineMaterials/Widget3DPassThrough_Translucent.uexp" 1016
"../../../Engine/Content/EngineMaterials/Widget3DPassThrough_Translucent_OneSided.uasset" 1017
"../../../Engine/Content/EngineMaterials/Widget3DPassThrough_Translucent_OneSided.uexp" 1018
"../../../Engine/Content/EngineMaterials/DefaultMaterial.uasset" 1019
"../../../Engine/Content/EngineMaterials/DefaultMaterial.uexp" 1020
"../../../Engine/Content/BasicShapes/Cone.ubulk" 1021
"../../../Engine/Content/BasicShapes/Cone.uasset" 1022
"../../../Engine/Content/BasicShapes/Cone.uexp" 1023
"../../../Engine/Content/BasicShapes/Cylinder.ubulk" 1024
"../../../Engine/Content/BasicShapes/Cylinder.uasset" 1025
"../../../Engine/Content/BasicShapes/Cylinder.uexp" 1026
"../../../Engine/Content/BasicShapes/Plane.ubulk" 1027
"../../../Engine/Content/BasicShapes/Plane.uasset" 1028
"../../../Engine/Content/BasicShapes/Plane.uexp" 1029
"../../../Engine/Content/BasicShapes/Sphere.ubulk" 1030
"../../../Engine/Content/BasicShapes/Sphere.uasset" 1031
"../../../Engine/Content/BasicShapes/Sphere.uexp" 1032
"../../../Engine/Content/EditorLandscapeResources/ColorMaskBrushMaterial.uasset" 1033
"../../../Engine/Content/EditorLandscapeResources/ColorMaskBrushMaterial.uexp" 1034
"../../../Engine/Content/EditorLandscapeResources/ColorMaskBrushMaterial_MaskedRegion.uasset" 1035
"../../../Engine/Content/EditorLandscapeResources/ColorMaskBrushMaterial_MaskedRegion.uexp" 1036
"../../../Engine/Content/Functions/Engine_MaterialFunctions03/Math/WithinRangeFloat2.uasset" 1037
"../../../Engine/Content/Functions/Engine_MaterialFunctions03/Math/WithinRangeFloat2.uexp" 1038
"../../../Engine/Content/EditorLandscapeResources/MaskBrushMaterial.uasset" 1039
"../../../Engine/Content/EditorLandscapeResources/MaskBrushMaterial.uexp" 1040
"../../../Engine/Content/EditorLandscapeResources/MaskBrushMaterial_MaskedRegion.uasset" 1041
"../../../Engine/Content/EditorLandscapeResources/MaskBrushMaterial_MaskedRegion.uexp" 1042
"../../../Engine/Content/EditorLandscapeResources/SelectBrushMaterial.uasset" 1043
"../../../Engine/Content/EditorLandscapeResources/SelectBrushMaterial.uexp" 1044
"../../../Engine/Content/EditorLandscapeResources/SelectBrushMaterial_Selected.uasset" 1045
"../../../Engine/Content/EditorLandscapeResources/SelectBrushMaterial_Selected.uexp" 1046
"../../../Engine/Content/EditorLandscapeResources/SelectBrushMaterial_SelectedRegion.uasset" 1047
"../../../Engine/Content/EditorLandscapeResources/SelectBrushMaterial_SelectedRegion.uexp" 1048
"../../../Engine/Content/EditorLandscapeResources/SplineEditorMeshMat.uasset" 1049
"../../../Engine/Content/EditorLandscapeResources/SplineEditorMeshMat.uexp" 1050
"../../../Engine/Content/EditorLandscapeResources/SplineEditorMesh.ubulk" 1051
"../../../Engine/Content/EditorLandscapeResources/SplineEditorMesh.uasset" 1052
"../../../Engine/Content/EditorLandscapeResources/SplineEditorMesh.uexp" 1053
"../../../Engine/Plugins/Media/MediaPlate/Content/SM_MediaPlateScreen.ubulk" 1054
"../../../Engine/Plugins/Media/MediaPlate/Content/SM_MediaPlateScreen.uasset" 1055
"../../../Engine/Plugins/Media/MediaPlate/Content/SM_MediaPlateScreen.uexp" 1056
"../../../Engine/Plugins/2D/Paper2D/Content/DefaultSpriteMaterial.uasset" 1057
"../../../Engine/Plugins/2D/Paper2D/Content/DefaultSpriteMaterial.uexp" 1058
"../../../Engine/Plugins/2D/Paper2D/Content/MaskedUnlitSpriteMaterial.uasset" 1059
"../../../Engine/Plugins/2D/Paper2D/Content/MaskedUnlitSpriteMaterial.uexp" 1060
"../../../Engine/Plugins/2D/Paper2D/Content/OpaqueUnlitSpriteMaterial.uasset" 1061
"../../../Engine/Plugins/2D/Paper2D/Content/OpaqueUnlitSpriteMaterial.uexp" 1062
"../../../Engine/Content/EngineResources/LandscapeVisibilityLayerInfo.uasset" 1063
"../../../Engine/Content/EngineResources/LandscapeVisibilityLayerInfo.uexp" 1064
"../../../Engine/Content/VREditor/Sounds/UI/Drop_Item_From_ContentBrowser.ubulk" 1065
"../../../Engine/Content/VREditor/Sounds/UI/Drop_Item_From_ContentBrowser.uasset" 1066
"../../../Engine/Content/VREditor/Sounds/UI/Drop_Item_From_ContentBrowser.uexp" 1067
"../../../Engine/Content/VREditor/TransformGizmo/TransformGizmoMaterial_Inst.uasset" 1068
"../../../Engine/Content/VREditor/TransformGizmo/TransformGizmoMaterial_Inst.uexp" 1069
"../../../Engine/Content/VREditor/TransformGizmo/TranslucentTransformGizmoMaterial_Inst.uasset" 1070
"../../../Engine/Content/VREditor/TransformGizmo/TranslucentTransformGizmoMaterial_Inst.uexp" 1071
"../../../Engine/Content/Functions/Engine_MaterialFunctions02/SplitComponents.uasset" 1072
"../../../Engine/Content/Functions/Engine_MaterialFunctions02/SplitComponents.uexp" 1073
"../../../Engine/Content/VREditor/SnapGrid/SnapGridMaterial.uasset" 1074
"../../../Engine/Content/VREditor/SnapGrid/SnapGridMaterial.uexp" 1075
"../../../Engine/Content/VREditor/SnapGrid/SnapGridPlaneMesh.ubulk" 1076
"../../../Engine/Content/VREditor/SnapGrid/SnapGridPlaneMesh.uasset" 1077
"../../../Engine/Content/VREditor/SnapGrid/SnapGridPlaneMesh.uexp" 1078
"../../../Engine/Content/VREditor/Sounds/UI/Gizmo_Handle_Clicked.ubulk" 1079
"../../../Engine/Content/VREditor/Sounds/UI/Gizmo_Handle_Clicked.uasset" 1080
"../../../Engine/Content/VREditor/Sounds/UI/Gizmo_Handle_Clicked.uexp" 1081
"../../../Engine/Content/VREditor/Sounds/UI/Object_PickUp.ubulk" 1082
"../../../Engine/Content/VREditor/Sounds/UI/Object_PickUp.uasset" 1083
"../../../Engine/Content/VREditor/Sounds/UI/Object_PickUp.uexp" 1084
"../../../Engine/Content/VREditor/Sounds/UI/Object_Snaps_To_Another_Actor.ubulk" 1085
"../../../Engine/Content/VREditor/Sounds/UI/Object_Snaps_To_Another_Actor.uasset" 1086
"../../../Engine/Content/VREditor/Sounds/UI/Object_Snaps_To_Another_Actor.uexp" 1087
"../../../Engine/Content/VREditor/Sounds/UI/Object_Snaps_To_Grid.ubulk" 1088
"../../../Engine/Content/VREditor/Sounds/UI/Object_Snaps_To_Grid.uasset" 1089
"../../../Engine/Content/VREditor/Sounds/UI/Object_Snaps_To_Grid.uexp" 1090
"../../../Engine/Content/VREditor/Sounds/UI/Scaling_Down.ubulk" 1091
"../../../Engine/Content/VREditor/Sounds/UI/Scaling_Down.uasset" 1092
"../../../Engine/Content/VREditor/Sounds/UI/Scaling_Down.uexp" 1093
"../../../Engine/Content/VREditor/Sounds/UI/Scaling_Up.ubulk" 1094
"../../../Engine/Content/VREditor/Sounds/UI/Scaling_Up.uasset" 1095
"../../../Engine/Content/VREditor/Sounds/UI/Scaling_Up.uexp" 1096
"../../../Engine/Content/VREditor/Sounds/UI/Selection_Changes.ubulk" 1097
"../../../Engine/Content/VREditor/Sounds/UI/Selection_Changes.uasset" 1098
"../../../Engine/Content/VREditor/Sounds/UI/Selection_Changes.uexp" 1099
"../../../Engine/Content/VREditor/TransformGizmo/PlaneTranslationHandle.ubulk" 1100
"../../../Engine/Content/VREditor/TransformGizmo/PlaneTranslationHandle.uasset" 1101
"../../../Engine/Content/VREditor/TransformGizmo/PlaneTranslationHandle.uexp" 1102
"../../../Engine/Content/VREditor/TransformGizmo/RotationHandleFull.ubulk" 1103
"../../../Engine/Content/VREditor/TransformGizmo/RotationHandleFull.uasset" 1104
"../../../Engine/Content/VREditor/TransformGizmo/RotationHandleFull.uexp" 1105
"../../../Engine/Content/VREditor/TransformGizmo/RotationHandleIndicator.ubulk" 1106
"../../../Engine/Content/VREditor/TransformGizmo/RotationHandleIndicator.uasset" 1107
"../../../Engine/Content/VREditor/TransformGizmo/RotationHandleIndicator.uexp" 1108
"../../../Engine/Content/VREditor/TransformGizmo/RotationHandleQuarter.ubulk" 1109
"../../../Engine/Content/VREditor/TransformGizmo/RotationHandleQuarter.uasset" 1110
"../../../Engine/Content/VREditor/TransformGizmo/RotationHandleQuarter.uexp" 1111
"../../../Engine/Content/VREditor/TransformGizmo/StartRotationHandleIndicator.ubulk" 1112
"../../../Engine/Content/VREditor/TransformGizmo/StartRotationHandleIndicator.uasset" 1113
"../../../Engine/Content/VREditor/TransformGizmo/StartRotationHandleIndicator.uexp" 1114
"../../../Engine/Content/VREditor/TransformGizmo/TransformGizmoFreeRotation.ubulk" 1115
"../../../Engine/Content/VREditor/TransformGizmo/TransformGizmoFreeRotation.uasset" 1116
"../../../Engine/Content/VREditor/TransformGizmo/TransformGizmoFreeRotation.uexp" 1117
"../../../Engine/Content/VREditor/TransformGizmo/TranslateArrowHandle.ubulk" 1118
"../../../Engine/Content/VREditor/TransformGizmo/TranslateArrowHandle.uasset" 1119
"../../../Engine/Content/VREditor/TransformGizmo/TranslateArrowHandle.uexp" 1120
"../../../Engine/Content/VREditor/TransformGizmo/UniformScaleHandle.ubulk" 1121
"../../../Engine/Content/VREditor/TransformGizmo/UniformScaleHandle.uasset" 1122
"../../../Engine/Content/VREditor/TransformGizmo/UniformScaleHandle.uexp" 1123
"../../../Engine/Plugins/Animation/DeformerGraph/Content/DeformerFunctions/DG_Function_LinearBlendSkin_Morph_Cloth.uasset" 1124
"../../../Engine/Plugins/Animation/DeformerGraph/Content/DeformerFunctions/DG_Function_LinearBlendSkin_Morph_Cloth.uexp" 1125
"../../../Engine/Plugins/Animation/DeformerGraph/Content/Deformers/DG_LinearBlendSkin_Morph_Cloth.uasset" 1126
"../../../Engine/Plugins/Animation/DeformerGraph/Content/Deformers/DG_LinearBlendSkin_Morph_Cloth.uexp" 1127
"../../../Engine/Plugins/Animation/DeformerGraph/Content/DeformerFunctions/DG_Function_LinearBlendSkin_Morph_Cloth_PositionOnly.uasset" 1128
"../../../Engine/Plugins/Animation/DeformerGraph/Content/DeformerFunctions/DG_Function_LinearBlendSkin_Morph_Cloth_PositionOnly.uexp" 1129
"../../../Engine/Plugins/Animation/DeformerGraph/Content/DeformerFunctions/DG_Function_ComputeNormalsTangents.uasset" 1130
"../../../Engine/Plugins/Animation/DeformerGraph/Content/DeformerFunctions/DG_Function_ComputeNormalsTangents.uexp" 1131
"../../../Engine/Plugins/Animation/DeformerGraph/Content/Deformers/DG_LinearBlendSkin_Morph_Cloth_RecomputeNormals.uasset" 1132
"../../../Engine/Plugins/Animation/DeformerGraph/Content/Deformers/DG_LinearBlendSkin_Morph_Cloth_RecomputeNormals.uexp" 1133
"../../../Engine/Plugins/NNE/NNEDenoiser/Content/NNEDT_Oidn2-3_Balanced.uasset" 1134
"../../../Engine/Plugins/NNE/NNEDenoiser/Content/NNEDT_Oidn2-3_Balanced.uexp" 1135
"../../../Engine/Plugins/NNE/NNEDenoiser/Content/NNEDT_Oidn2-3_Balanced_Alpha.uasset" 1136
"../../../Engine/Plugins/NNE/NNEDenoiser/Content/NNEDT_Oidn2-3_Balanced_Alpha.uexp" 1137
"../../../Engine/Plugins/NNE/NNEDenoiser/Content/NNED_Oidn2-3_Balanced.uasset" 1138
"../../../Engine/Plugins/NNE/NNEDenoiser/Content/NNED_Oidn2-3_Balanced.uexp" 1139
"../../../Engine/Plugins/NNE/NNEDenoiser/Content/NNED_Oidn2-3_Balanced_Alpha.uasset" 1140
"../../../Engine/Plugins/NNE/NNEDenoiser/Content/NNED_Oidn2-3_Balanced_Alpha.uexp" 1141
"../../../Engine/Plugins/NNE/NNEDenoiser/Content/NNED_Oidn2-3_Fast.uasset" 1142
"../../../Engine/Plugins/NNE/NNEDenoiser/Content/NNED_Oidn2-3_Fast.uexp" 1143
"../../../Engine/Plugins/NNE/NNEDenoiser/Content/NNED_Oidn2-3_Fast_Alpha.uasset" 1144
"../../../Engine/Plugins/NNE/NNEDenoiser/Content/NNED_Oidn2-3_Fast_Alpha.uexp" 1145
"../../../Engine/Plugins/NNE/NNEDenoiser/Content/NNED_Oidn2-3_HighQuality.uasset" 1146
"../../../Engine/Plugins/NNE/NNEDenoiser/Content/NNED_Oidn2-3_HighQuality.uexp" 1147
"../../../Engine/Plugins/NNE/NNEDenoiser/Content/NNED_Oidn2-3_HighQuality_Alpha.uasset" 1148
"../../../Engine/Plugins/NNE/NNEDenoiser/Content/NNED_Oidn2-3_HighQuality_Alpha.uexp" 1149
"../../../Engine/Plugins/NNE/NNEDenoiser/Content/NNE_oidn2-3-0_rt_hdr_alb_nrm_small__dyn__fp16_opset11_DenoiseAlpha.uasset" 1150
"../../../Engine/Plugins/NNE/NNEDenoiser/Content/NNE_oidn2-3-0_rt_hdr_alb_nrm_small__dyn__fp16_opset11_DenoiseAlpha.uexp" 1151
"../../../Engine/Plugins/NNE/NNEDenoiser/Content/NNE_oidn2-3-0_rt_hdr_alb_nrm_small__dyn__fp16_opset11_ForwardAlpha.uasset" 1152
"../../../Engine/Plugins/NNE/NNEDenoiser/Content/NNE_oidn2-3-0_rt_hdr_alb_nrm_small__dyn__fp16_opset11_ForwardAlpha.uexp" 1153
"../../../Engine/Plugins/NNE/NNEDenoiser/Content/NNE_oidn2-3-0_rt_hdr_alb_nrm__dyn__fp16_opset11_DenoiseAlpha.uasset" 1154
"../../../Engine/Plugins/NNE/NNEDenoiser/Content/NNE_oidn2-3-0_rt_hdr_alb_nrm__dyn__fp16_opset11_DenoiseAlpha.uexp" 1155
"../../../Engine/Plugins/NNE/NNEDenoiser/Content/NNE_oidn2-3-0_rt_hdr_alb_nrm__dyn__fp16_opset11_ForwardAlpha.uasset" 1156
"../../../Engine/Plugins/NNE/NNEDenoiser/Content/NNE_oidn2-3-0_rt_hdr_alb_nrm__dyn__fp16_opset11_ForwardAlpha.uexp" 1157
"../../../Engine/Plugins/NNE/NNEDenoiser/Content/NNE_oidn2-3-0_rt_hdr_calb_cnrm_large__dyn__fp16_opset11_DenoiseAlpha.uasset" 1158
"../../../Engine/Plugins/NNE/NNEDenoiser/Content/NNE_oidn2-3-0_rt_hdr_calb_cnrm_large__dyn__fp16_opset11_DenoiseAlpha.uexp" 1159
"../../../Engine/Plugins/NNE/NNEDenoiser/Content/NNE_oidn2-3-0_rt_hdr_calb_cnrm_large__dyn__fp16_opset11_ForwardAlpha.uasset" 1160
"../../../Engine/Plugins/NNE/NNEDenoiser/Content/NNE_oidn2-3-0_rt_hdr_calb_cnrm_large__dyn__fp16_opset11_ForwardAlpha.uexp" 1161
"C:/Users/EnekoMartinGomez/Desktop/Proyecto III/Casita/Casita/Content/Art/Fonts/Yourpal.uexp" 1162
"C:/Users/EnekoMartinGomez/Desktop/Proyecto III/Casita/Casita/Content/Art/Fonts/Yourpal.uasset" 1163
"C:/Users/EnekoMartinGomez/Desktop/Proyecto III/Casita/Casita/Content/Art/Fonts/Yourpal.ufont" 1164
"C:/Users/EnekoMartinGomez/Desktop/Proyecto III/Casita/Casita/Content/Art/Fonts/Yourpal_Font.uasset" 1165
"C:/Users/EnekoMartinGomez/Desktop/Proyecto III/Casita/Casita/Content/Art/Fonts/Yourpal_Font.uexp" 1166
"C:/Users/EnekoMartinGomez/Desktop/Proyecto III/Casita/Casita/Content/Menu/W_MainMenu.uasset" 1167
"C:/Users/EnekoMartinGomez/Desktop/Proyecto III/Casita/Casita/Content/Menu/W_MainMenu.uexp" 1168
"C:/Users/EnekoMartinGomez/Desktop/Proyecto III/Casita/Casita/Content/Levels/MainMenu.uexp" 1169
"C:/Users/EnekoMartinGomez/Desktop/Proyecto III/Casita/Casita/Content/Levels/MainMenu.umap" 1170
"../../../Engine/Content/BasicShapes/Cube.ubulk" 1171
"../../../Engine/Content/BasicShapes/Cube.uasset" 1172
"../../../Engine/Content/BasicShapes/Cube.uexp" 1173
"../../../Engine/Content/BasicShapes/BasicShapeMaterial.uasset" 1174
"../../../Engine/Content/BasicShapes/BasicShapeMaterial.uexp" 1175
"C:/Users/EnekoMartinGomez/Desktop/Proyecto III/Casita/Casita/Content/Particles/Flowers.uasset" 1176
"C:/Users/EnekoMartinGomez/Desktop/Proyecto III/Casita/Casita/Content/Particles/Flowers.uexp" 1177
"C:/Users/EnekoMartinGomez/Desktop/Proyecto III/Casita/Casita/Content/Art/Static/Enviroment/Enviro/Arbol/CK_CopaArbol.uasset" 1178
"C:/Users/EnekoMartinGomez/Desktop/Proyecto III/Casita/Casita/Content/Art/Static/Enviroment/Enviro/Arbol/CK_CopaArbol.uexp" 1179
"C:/Users/EnekoMartinGomez/Desktop/Proyecto III/Casita/Casita/Content/Art/Static/Enviroment/Enviro/Arbusto/Arbusto_low.ubulk" 1180
"C:/Users/EnekoMartinGomez/Desktop/Proyecto III/Casita/Casita/Content/Art/Static/Enviroment/Enviro/Arbusto/Arbusto_low.uasset" 1181
"C:/Users/EnekoMartinGomez/Desktop/Proyecto III/Casita/Casita/Content/Art/Static/Enviroment/Enviro/Arbusto/Arbusto_low.uexp" 1182
"C:/Users/EnekoMartinGomez/Desktop/Proyecto III/Casita/Casita/Content/Player/BP_MainPlayer.uasset" 1183
"C:/Users/EnekoMartinGomez/Desktop/Proyecto III/Casita/Casita/Content/Player/BP_MainPlayer.uexp" 1184
"C:/Users/EnekoMartinGomez/Desktop/Proyecto III/Casita/Casita/Content/GameMode/BP_CasitaGameMode.uasset" 1185
"C:/Users/EnekoMartinGomez/Desktop/Proyecto III/Casita/Casita/Content/GameMode/BP_CasitaGameMode.uexp" 1186
"C:/Users/EnekoMartinGomez/Desktop/Proyecto III/Casita/Casita/Content/Levels/Baserri.uexp" 1187
"C:/Users/EnekoMartinGomez/Desktop/Proyecto III/Casita/Casita/Content/Levels/Baserri.ubulk" 1188
"C:/Users/EnekoMartinGomez/Desktop/Proyecto III/Casita/Casita/Content/Levels/Baserri.umap" 1189
"../../../Engine/Content/Maps/Entry_BuiltData.uasset" 1190
"../../../Engine/Content/Maps/Entry_BuiltData.uexp" 1191
"../../../Engine/Content/Maps/Entry.uexp" 1192
"../../../Engine/Content/Maps/Entry.umap" 1193
"C:/Users/EnekoMartinGomez/Desktop/Proyecto III/Casita/Casita/Content/Levels/Baserri/_Generated_/EUQUPQ3UWVDOSD8IGVY7PTP45.uexp" 1194
"C:/Users/EnekoMartinGomez/Desktop/Proyecto III/Casita/Casita/Content/Levels/Baserri/_Generated_/EUQUPQ3UWVDOSD8IGVY7PTP45.ubulk" 1195
"C:/Users/EnekoMartinGomez/Desktop/Proyecto III/Casita/Casita/Content/Levels/Baserri/_Generated_/EUQUPQ3UWVDOSD8IGVY7PTP45.umap" 1196
"C:/Users/EnekoMartinGomez/Desktop/Proyecto III/Casita/Casita/Content/Levels/Baserri/_Generated_/B6B4GX4STPT71HBIVWEJM6GXR.uexp" 1197
"C:/Users/EnekoMartinGomez/Desktop/Proyecto III/Casita/Casita/Content/Levels/Baserri/_Generated_/B6B4GX4STPT71HBIVWEJM6GXR.ubulk" 1198
"C:/Users/EnekoMartinGomez/Desktop/Proyecto III/Casita/Casita/Content/Levels/Baserri/_Generated_/B6B4GX4STPT71HBIVWEJM6GXR.umap" 1199
"C:/Users/EnekoMartinGomez/Desktop/Proyecto III/Casita/Casita/Content/Levels/Baserri/_Generated_/D8XVTZCVFJT8XWIDSX33WZEY9.uexp" 1200
"C:/Users/EnekoMartinGomez/Desktop/Proyecto III/Casita/Casita/Content/Levels/Baserri/_Generated_/D8XVTZCVFJT8XWIDSX33WZEY9.ubulk" 1201
"C:/Users/EnekoMartinGomez/Desktop/Proyecto III/Casita/Casita/Content/Levels/Baserri/_Generated_/D8XVTZCVFJT8XWIDSX33WZEY9.umap" 1202
"C:/Users/EnekoMartinGomez/Desktop/Proyecto III/Casita/Casita/Content/Levels/Baserri/_Generated_/7PH44B4H94Y5QZ1JQ24Z6QBM5.uexp" 1203
"C:/Users/EnekoMartinGomez/Desktop/Proyecto III/Casita/Casita/Content/Levels/Baserri/_Generated_/7PH44B4H94Y5QZ1JQ24Z6QBM5.ubulk" 1204
"C:/Users/EnekoMartinGomez/Desktop/Proyecto III/Casita/Casita/Content/Levels/Baserri/_Generated_/7PH44B4H94Y5QZ1JQ24Z6QBM5.umap" 1205
"C:/Users/EnekoMartinGomez/Desktop/Proyecto III/Casita/Casita/Content/Levels/Baserri/_Generated_/8TSBQ1A3XYO0X9BGY6TJKZA6D.uexp" 1206
"C:/Users/EnekoMartinGomez/Desktop/Proyecto III/Casita/Casita/Content/Levels/Baserri/_Generated_/8TSBQ1A3XYO0X9BGY6TJKZA6D.ubulk" 1207
"C:/Users/EnekoMartinGomez/Desktop/Proyecto III/Casita/Casita/Content/Levels/Baserri/_Generated_/8TSBQ1A3XYO0X9BGY6TJKZA6D.umap" 1208
"C:/Users/EnekoMartinGomez/Desktop/Proyecto III/Casita/Casita/Content/Levels/Baserri/_Generated_/72HSFD8IMY3GUNJE9Z16RAKBI.uexp" 1209
"C:/Users/EnekoMartinGomez/Desktop/Proyecto III/Casita/Casita/Content/Levels/Baserri/_Generated_/72HSFD8IMY3GUNJE9Z16RAKBI.ubulk" 1210
"C:/Users/EnekoMartinGomez/Desktop/Proyecto III/Casita/Casita/Content/Levels/Baserri/_Generated_/72HSFD8IMY3GUNJE9Z16RAKBI.umap" 1211
"C:/Users/EnekoMartinGomez/Desktop/Proyecto III/Casita/Casita/Content/Levels/Baserri/_Generated_/17NTOALXZIBG0592F1L5Z8K5H.uexp" 1212
"C:/Users/EnekoMartinGomez/Desktop/Proyecto III/Casita/Casita/Content/Levels/Baserri/_Generated_/17NTOALXZIBG0592F1L5Z8K5H.ubulk" 1213
"C:/Users/EnekoMartinGomez/Desktop/Proyecto III/Casita/Casita/Content/Levels/Baserri/_Generated_/17NTOALXZIBG0592F1L5Z8K5H.umap" 1214
"C:/Users/EnekoMartinGomez/Desktop/Proyecto III/Casita/Casita/Content/Levels/Baserri/_Generated_/0VAW6RBKML4TRBOZC4DSAK0FV.uexp" 1215
"C:/Users/EnekoMartinGomez/Desktop/Proyecto III/Casita/Casita/Content/Levels/Baserri/_Generated_/0VAW6RBKML4TRBOZC4DSAK0FV.ubulk" 1216
"C:/Users/EnekoMartinGomez/Desktop/Proyecto III/Casita/Casita/Content/Levels/Baserri/_Generated_/0VAW6RBKML4TRBOZC4DSAK0FV.umap" 1217
"C:/Users/EnekoMartinGomez/Desktop/Proyecto III/Casita/Casita/Content/Levels/Baserri/_Generated_/9TPQ9Y52RPJO6IW519KLJ4CZD.uexp" 1218
"C:/Users/EnekoMartinGomez/Desktop/Proyecto III/Casita/Casita/Content/Levels/Baserri/_Generated_/9TPQ9Y52RPJO6IW519KLJ4CZD.ubulk" 1219
"C:/Users/EnekoMartinGomez/Desktop/Proyecto III/Casita/Casita/Content/Levels/Baserri/_Generated_/9TPQ9Y52RPJO6IW519KLJ4CZD.umap" 1220
"C:/Users/EnekoMartinGomez/Desktop/Proyecto III/Casita/Casita/Content/Levels/Baserri/_Generated_/3VSQQ7ZEFSRGUYDIB6692ENSB.uexp" 1221
"C:/Users/EnekoMartinGomez/Desktop/Proyecto III/Casita/Casita/Content/Levels/Baserri/_Generated_/3VSQQ7ZEFSRGUYDIB6692ENSB.ubulk" 1222
"C:/Users/EnekoMartinGomez/Desktop/Proyecto III/Casita/Casita/Content/Levels/Baserri/_Generated_/3VSQQ7ZEFSRGUYDIB6692ENSB.umap" 1223
"C:/Users/EnekoMartinGomez/Desktop/Proyecto III/Casita/Casita/Content/Levels/Baserri/_Generated_/8ZYMNMIZ7U61GA0WQCXDWOAF8.uexp" 1224
"C:/Users/EnekoMartinGomez/Desktop/Proyecto III/Casita/Casita/Content/Levels/Baserri/_Generated_/8ZYMNMIZ7U61GA0WQCXDWOAF8.ubulk" 1225
"C:/Users/EnekoMartinGomez/Desktop/Proyecto III/Casita/Casita/Content/Levels/Baserri/_Generated_/8ZYMNMIZ7U61GA0WQCXDWOAF8.umap" 1226
"C:/Users/EnekoMartinGomez/Desktop/Proyecto III/Casita/Casita/Content/Levels/Baserri/_Generated_/BEOO02084GSTNY2B8CGWHG6EJ.uexp" 1227
"C:/Users/EnekoMartinGomez/Desktop/Proyecto III/Casita/Casita/Content/Levels/Baserri/_Generated_/BEOO02084GSTNY2B8CGWHG6EJ.ubulk" 1228
"C:/Users/EnekoMartinGomez/Desktop/Proyecto III/Casita/Casita/Content/Levels/Baserri/_Generated_/BEOO02084GSTNY2B8CGWHG6EJ.umap" 1229
"C:/Users/EnekoMartinGomez/Desktop/Proyecto III/Casita/Casita/Content/Levels/Baserri/_Generated_/7GTM6Z7G9Y4HABSK8AJKK6XHW.uexp" 1230
"C:/Users/EnekoMartinGomez/Desktop/Proyecto III/Casita/Casita/Content/Levels/Baserri/_Generated_/7GTM6Z7G9Y4HABSK8AJKK6XHW.ubulk" 1231
"C:/Users/EnekoMartinGomez/Desktop/Proyecto III/Casita/Casita/Content/Levels/Baserri/_Generated_/7GTM6Z7G9Y4HABSK8AJKK6XHW.umap" 1232
"C:/Users/EnekoMartinGomez/Desktop/Proyecto III/Casita/Casita/Content/Levels/Baserri/_Generated_/1GNX0HCT9HKQHK04BCTTCRYY0.uexp" 1233
"C:/Users/EnekoMartinGomez/Desktop/Proyecto III/Casita/Casita/Content/Levels/Baserri/_Generated_/1GNX0HCT9HKQHK04BCTTCRYY0.ubulk" 1234
"C:/Users/EnekoMartinGomez/Desktop/Proyecto III/Casita/Casita/Content/Levels/Baserri/_Generated_/1GNX0HCT9HKQHK04BCTTCRYY0.umap" 1235
"C:/Users/EnekoMartinGomez/Desktop/Proyecto III/Casita/Casita/Content/Levels/Baserri/_Generated_/4NZIEQ8B3DPSV043QFQPBYAQX.uexp" 1236
"C:/Users/EnekoMartinGomez/Desktop/Proyecto III/Casita/Casita/Content/Levels/Baserri/_Generated_/4NZIEQ8B3DPSV043QFQPBYAQX.ubulk" 1237
"C:/Users/EnekoMartinGomez/Desktop/Proyecto III/Casita/Casita/Content/Levels/Baserri/_Generated_/4NZIEQ8B3DPSV043QFQPBYAQX.umap" 1238
"C:/Users/EnekoMartinGomez/Desktop/Proyecto III/Casita/Casita/Content/Levels/Baserri/_Generated_/4KMLBBIXCDS44SDKXIA8QRQSH.uexp" 1239
"C:/Users/EnekoMartinGomez/Desktop/Proyecto III/Casita/Casita/Content/Levels/Baserri/_Generated_/4KMLBBIXCDS44SDKXIA8QRQSH.ubulk" 1240
"C:/Users/EnekoMartinGomez/Desktop/Proyecto III/Casita/Casita/Content/Levels/Baserri/_Generated_/4KMLBBIXCDS44SDKXIA8QRQSH.umap" 1241
"C:/Users/EnekoMartinGomez/Desktop/Proyecto III/Casita/Casita/Content/Levels/Baserri/_Generated_/7I8IQH426SB02EGV5OYESLYQM.uexp" 1242
"C:/Users/EnekoMartinGomez/Desktop/Proyecto III/Casita/Casita/Content/Levels/Baserri/_Generated_/7I8IQH426SB02EGV5OYESLYQM.ubulk" 1243
"C:/Users/EnekoMartinGomez/Desktop/Proyecto III/Casita/Casita/Content/Levels/Baserri/_Generated_/7I8IQH426SB02EGV5OYESLYQM.umap" 1244
"C:/Users/EnekoMartinGomez/Desktop/Proyecto III/Casita/Casita/Content/Levels/Baserri/_Generated_/AF1IZN8NB8LQDQYAIY9TKAZRN.uexp" 1245
"C:/Users/EnekoMartinGomez/Desktop/Proyecto III/Casita/Casita/Content/Levels/Baserri/_Generated_/AF1IZN8NB8LQDQYAIY9TKAZRN.ubulk" 1246
"C:/Users/EnekoMartinGomez/Desktop/Proyecto III/Casita/Casita/Content/Levels/Baserri/_Generated_/AF1IZN8NB8LQDQYAIY9TKAZRN.umap" 1247
"C:/Users/EnekoMartinGomez/Desktop/Proyecto III/Casita/Casita/Content/Levels/Baserri/_Generated_/935H5OGUGAGNOCOQA83FID7PK.uexp" 1248
"C:/Users/EnekoMartinGomez/Desktop/Proyecto III/Casita/Casita/Content/Levels/Baserri/_Generated_/935H5OGUGAGNOCOQA83FID7PK.ubulk" 1249
"C:/Users/EnekoMartinGomez/Desktop/Proyecto III/Casita/Casita/Content/Levels/Baserri/_Generated_/935H5OGUGAGNOCOQA83FID7PK.umap" 1250
"C:/Users/EnekoMartinGomez/Desktop/Proyecto III/Casita/Casita/Content/Levels/Baserri/_Generated_/D6K0SJ4RUD17MS8Z4WIUWB7AR.uexp" 1251
"C:/Users/EnekoMartinGomez/Desktop/Proyecto III/Casita/Casita/Content/Levels/Baserri/_Generated_/D6K0SJ4RUD17MS8Z4WIUWB7AR.ubulk" 1252
"C:/Users/EnekoMartinGomez/Desktop/Proyecto III/Casita/Casita/Content/Levels/Baserri/_Generated_/D6K0SJ4RUD17MS8Z4WIUWB7AR.umap" 1253
"C:/Users/EnekoMartinGomez/Desktop/Proyecto III/Casita/Casita/Content/Levels/Baserri/_Generated_/5IZT8H0QJU2D8VA8AK1T9CEFA.uexp" 1254
"C:/Users/EnekoMartinGomez/Desktop/Proyecto III/Casita/Casita/Content/Levels/Baserri/_Generated_/5IZT8H0QJU2D8VA8AK1T9CEFA.ubulk" 1255
"C:/Users/EnekoMartinGomez/Desktop/Proyecto III/Casita/Casita/Content/Levels/Baserri/_Generated_/5IZT8H0QJU2D8VA8AK1T9CEFA.umap" 1256
"C:/Users/EnekoMartinGomez/Desktop/Proyecto III/Casita/Casita/Content/Levels/Baserri/_Generated_/6XHGVZ94SUESB5UF2UAJFHAII.uexp" 1257
"C:/Users/EnekoMartinGomez/Desktop/Proyecto III/Casita/Casita/Content/Levels/Baserri/_Generated_/6XHGVZ94SUESB5UF2UAJFHAII.ubulk" 1258
"C:/Users/EnekoMartinGomez/Desktop/Proyecto III/Casita/Casita/Content/Levels/Baserri/_Generated_/6XHGVZ94SUESB5UF2UAJFHAII.umap" 1259
"C:/Users/EnekoMartinGomez/Desktop/Proyecto III/Casita/Casita/Content/Levels/Baserri/_Generated_/2VWOXY58LLWYLXPKT9JN82SR7.uexp" 1260
"C:/Users/EnekoMartinGomez/Desktop/Proyecto III/Casita/Casita/Content/Levels/Baserri/_Generated_/2VWOXY58LLWYLXPKT9JN82SR7.ubulk" 1261
"C:/Users/EnekoMartinGomez/Desktop/Proyecto III/Casita/Casita/Content/Levels/Baserri/_Generated_/2VWOXY58LLWYLXPKT9JN82SR7.umap" 1262
"C:/Users/EnekoMartinGomez/Desktop/Proyecto III/Casita/Casita/Content/Levels/Baserri/_Generated_/EGA4R20VYR76LM76MHIN4JA6D.uexp" 1263
"C:/Users/EnekoMartinGomez/Desktop/Proyecto III/Casita/Casita/Content/Levels/Baserri/_Generated_/EGA4R20VYR76LM76MHIN4JA6D.ubulk" 1264
"C:/Users/EnekoMartinGomez/Desktop/Proyecto III/Casita/Casita/Content/Levels/Baserri/_Generated_/EGA4R20VYR76LM76MHIN4JA6D.umap" 1265
"C:/Users/EnekoMartinGomez/Desktop/Proyecto III/Casita/Casita/Content/Levels/Baserri/_Generated_/2C284AEKVUWL5NOE4OWTEUFBF.uexp" 1266
"C:/Users/EnekoMartinGomez/Desktop/Proyecto III/Casita/Casita/Content/Levels/Baserri/_Generated_/2C284AEKVUWL5NOE4OWTEUFBF.ubulk" 1267
"C:/Users/EnekoMartinGomez/Desktop/Proyecto III/Casita/Casita/Content/Levels/Baserri/_Generated_/2C284AEKVUWL5NOE4OWTEUFBF.umap" 1268
"C:/Users/EnekoMartinGomez/Desktop/Proyecto III/Casita/Casita/Content/Levels/Baserri/_Generated_/5OFVQ83TG7MQQXKFH7ZV1ETNF.uexp" 1269
"C:/Users/EnekoMartinGomez/Desktop/Proyecto III/Casita/Casita/Content/Levels/Baserri/_Generated_/5OFVQ83TG7MQQXKFH7ZV1ETNF.ubulk" 1270
"C:/Users/EnekoMartinGomez/Desktop/Proyecto III/Casita/Casita/Content/Levels/Baserri/_Generated_/5OFVQ83TG7MQQXKFH7ZV1ETNF.umap" 1271
"C:/Users/EnekoMartinGomez/Desktop/Proyecto III/Casita/Casita/Content/Levels/Baserri/_Generated_/6KI7TDBJ1F4SBRXS9HOO6M07C.uexp" 1272
"C:/Users/EnekoMartinGomez/Desktop/Proyecto III/Casita/Casita/Content/Levels/Baserri/_Generated_/6KI7TDBJ1F4SBRXS9HOO6M07C.ubulk" 1273
"C:/Users/EnekoMartinGomez/Desktop/Proyecto III/Casita/Casita/Content/Levels/Baserri/_Generated_/6KI7TDBJ1F4SBRXS9HOO6M07C.umap" 1274
"C:/Users/EnekoMartinGomez/Desktop/Proyecto III/Casita/Casita/Content/Levels/Baserri/_Generated_/DTP2AYA0J5KJXF9BMLJ1CMU3C.uexp" 1275
"C:/Users/EnekoMartinGomez/Desktop/Proyecto III/Casita/Casita/Content/Levels/Baserri/_Generated_/DTP2AYA0J5KJXF9BMLJ1CMU3C.ubulk" 1276
"C:/Users/EnekoMartinGomez/Desktop/Proyecto III/Casita/Casita/Content/Levels/Baserri/_Generated_/DTP2AYA0J5KJXF9BMLJ1CMU3C.umap" 1277
"C:/Users/EnekoMartinGomez/Desktop/Proyecto III/Casita/Casita/Content/Levels/Baserri/_Generated_/40SGAOT6Q0NGUDZ8TS9QSNUJ4.uexp" 1278
"C:/Users/EnekoMartinGomez/Desktop/Proyecto III/Casita/Casita/Content/Levels/Baserri/_Generated_/40SGAOT6Q0NGUDZ8TS9QSNUJ4.ubulk" 1279
"C:/Users/EnekoMartinGomez/Desktop/Proyecto III/Casita/Casita/Content/Levels/Baserri/_Generated_/40SGAOT6Q0NGUDZ8TS9QSNUJ4.umap" 1280
"C:/Users/EnekoMartinGomez/Desktop/Proyecto III/Casita/Casita/Content/Levels/Baserri/_Generated_/B7ZTOUG3BPUO5F60BLF73C4XW.uexp" 1281
"C:/Users/EnekoMartinGomez/Desktop/Proyecto III/Casita/Casita/Content/Levels/Baserri/_Generated_/B7ZTOUG3BPUO5F60BLF73C4XW.ubulk" 1282
"C:/Users/EnekoMartinGomez/Desktop/Proyecto III/Casita/Casita/Content/Levels/Baserri/_Generated_/B7ZTOUG3BPUO5F60BLF73C4XW.umap" 1283
"C:/Users/EnekoMartinGomez/Desktop/Proyecto III/Casita/Casita/Content/Levels/Baserri/_Generated_/6WYAPTTA9E6M3SCWIJGNKIU5F.uexp" 1284
"C:/Users/EnekoMartinGomez/Desktop/Proyecto III/Casita/Casita/Content/Levels/Baserri/_Generated_/6WYAPTTA9E6M3SCWIJGNKIU5F.ubulk" 1285
"C:/Users/EnekoMartinGomez/Desktop/Proyecto III/Casita/Casita/Content/Levels/Baserri/_Generated_/6WYAPTTA9E6M3SCWIJGNKIU5F.umap" 1286
"C:/Users/EnekoMartinGomez/Desktop/Proyecto III/Casita/Casita/Content/Levels/Baserri/_Generated_/6NV3GCWJ6OIG6EOIEUF6UKEA2.uexp" 1287
"C:/Users/EnekoMartinGomez/Desktop/Proyecto III/Casita/Casita/Content/Levels/Baserri/_Generated_/6NV3GCWJ6OIG6EOIEUF6UKEA2.ubulk" 1288
"C:/Users/EnekoMartinGomez/Desktop/Proyecto III/Casita/Casita/Content/Levels/Baserri/_Generated_/6NV3GCWJ6OIG6EOIEUF6UKEA2.umap" 1289
"C:/Users/EnekoMartinGomez/Desktop/Proyecto III/Casita/Casita/Content/Levels/Baserri/_Generated_/3WEKJ6UVYON73P5V0B9SG4J7W.uexp" 1290
"C:/Users/EnekoMartinGomez/Desktop/Proyecto III/Casita/Casita/Content/Levels/Baserri/_Generated_/3WEKJ6UVYON73P5V0B9SG4J7W.ubulk" 1291
"C:/Users/EnekoMartinGomez/Desktop/Proyecto III/Casita/Casita/Content/Levels/Baserri/_Generated_/3WEKJ6UVYON73P5V0B9SG4J7W.umap" 1292
"C:/Users/EnekoMartinGomez/Desktop/Proyecto III/Casita/Casita/Content/Levels/Baserri/_Generated_/7W2WD1GRPVK70LKRA02P3PVUE.uexp" 1293
"C:/Users/EnekoMartinGomez/Desktop/Proyecto III/Casita/Casita/Content/Levels/Baserri/_Generated_/7W2WD1GRPVK70LKRA02P3PVUE.ubulk" 1294
"C:/Users/EnekoMartinGomez/Desktop/Proyecto III/Casita/Casita/Content/Levels/Baserri/_Generated_/7W2WD1GRPVK70LKRA02P3PVUE.umap" 1295
"C:/Users/EnekoMartinGomez/Desktop/Proyecto III/Casita/Casita/Content/Levels/Baserri/_Generated_/828N76J6XXU1986RTYI7NZVIR.uexp" 1296
"C:/Users/EnekoMartinGomez/Desktop/Proyecto III/Casita/Casita/Content/Levels/Baserri/_Generated_/828N76J6XXU1986RTYI7NZVIR.ubulk" 1297
"C:/Users/EnekoMartinGomez/Desktop/Proyecto III/Casita/Casita/Content/Levels/Baserri/_Generated_/828N76J6XXU1986RTYI7NZVIR.umap" 1298
"C:/Users/EnekoMartinGomez/Desktop/Proyecto III/Casita/Casita/Content/Levels/Baserri/_Generated_/COZM0XNT7CXO3QTVRX4LJAN11.uexp" 1299
"C:/Users/EnekoMartinGomez/Desktop/Proyecto III/Casita/Casita/Content/Levels/Baserri/_Generated_/COZM0XNT7CXO3QTVRX4LJAN11.ubulk" 1300
"C:/Users/EnekoMartinGomez/Desktop/Proyecto III/Casita/Casita/Content/Levels/Baserri/_Generated_/COZM0XNT7CXO3QTVRX4LJAN11.umap" 1301
"C:/Users/EnekoMartinGomez/Desktop/Proyecto III/Casita/Casita/Content/Levels/Baserri/_Generated_/9QUZ7W16BMNPF6XWM2L1GDVOG.uexp" 1302
"C:/Users/EnekoMartinGomez/Desktop/Proyecto III/Casita/Casita/Content/Levels/Baserri/_Generated_/9QUZ7W16BMNPF6XWM2L1GDVOG.ubulk" 1303
"C:/Users/EnekoMartinGomez/Desktop/Proyecto III/Casita/Casita/Content/Levels/Baserri/_Generated_/9QUZ7W16BMNPF6XWM2L1GDVOG.umap" 1304
"C:/Users/EnekoMartinGomez/Desktop/Proyecto III/Casita/Casita/Content/Levels/Baserri/_Generated_/AS6HYSU47KP652ZVFPOI64AUG.uexp" 1305
"C:/Users/EnekoMartinGomez/Desktop/Proyecto III/Casita/Casita/Content/Levels/Baserri/_Generated_/AS6HYSU47KP652ZVFPOI64AUG.ubulk" 1306
"C:/Users/EnekoMartinGomez/Desktop/Proyecto III/Casita/Casita/Content/Levels/Baserri/_Generated_/AS6HYSU47KP652ZVFPOI64AUG.umap" 1307
"C:/Users/EnekoMartinGomez/Desktop/Proyecto III/Casita/Casita/Content/Levels/Baserri/_Generated_/8RZ7994GLRECYWGT2VTQVWSWO.uexp" 1308
"C:/Users/EnekoMartinGomez/Desktop/Proyecto III/Casita/Casita/Content/Levels/Baserri/_Generated_/8RZ7994GLRECYWGT2VTQVWSWO.ubulk" 1309
"C:/Users/EnekoMartinGomez/Desktop/Proyecto III/Casita/Casita/Content/Levels/Baserri/_Generated_/8RZ7994GLRECYWGT2VTQVWSWO.umap" 1310
"C:/Users/EnekoMartinGomez/Desktop/Proyecto III/Casita/Casita/Content/Levels/Baserri/_Generated_/DJQ8YXDRD04KN6SOB965RQF64.uexp" 1311
"C:/Users/EnekoMartinGomez/Desktop/Proyecto III/Casita/Casita/Content/Levels/Baserri/_Generated_/DJQ8YXDRD04KN6SOB965RQF64.ubulk" 1312
"C:/Users/EnekoMartinGomez/Desktop/Proyecto III/Casita/Casita/Content/Levels/Baserri/_Generated_/DJQ8YXDRD04KN6SOB965RQF64.umap" 1313
"C:/Users/EnekoMartinGomez/Desktop/Proyecto III/Casita/Casita/Content/Levels/Baserri/_Generated_/7BCG9519R1ZBL7ZGM8OC6OQT3.uexp" 1314
"C:/Users/EnekoMartinGomez/Desktop/Proyecto III/Casita/Casita/Content/Levels/Baserri/_Generated_/7BCG9519R1ZBL7ZGM8OC6OQT3.ubulk" 1315
"C:/Users/EnekoMartinGomez/Desktop/Proyecto III/Casita/Casita/Content/Levels/Baserri/_Generated_/7BCG9519R1ZBL7ZGM8OC6OQT3.umap" 1316
"C:/Users/EnekoMartinGomez/Desktop/Proyecto III/Casita/Casita/Content/Levels/Baserri/_Generated_/BHVAC7WFUHXRMNA0FZ6HM90WU.uexp" 1317
"C:/Users/EnekoMartinGomez/Desktop/Proyecto III/Casita/Casita/Content/Levels/Baserri/_Generated_/BHVAC7WFUHXRMNA0FZ6HM90WU.ubulk" 1318
"C:/Users/EnekoMartinGomez/Desktop/Proyecto III/Casita/Casita/Content/Levels/Baserri/_Generated_/BHVAC7WFUHXRMNA0FZ6HM90WU.umap" 1319
"C:/Users/EnekoMartinGomez/Desktop/Proyecto III/Casita/Casita/Content/Levels/Baserri/_Generated_/49GLN5L6O743L9YNN6LPH6XJL.uexp" 1320
"C:/Users/EnekoMartinGomez/Desktop/Proyecto III/Casita/Casita/Content/Levels/Baserri/_Generated_/49GLN5L6O743L9YNN6LPH6XJL.ubulk" 1321
"C:/Users/EnekoMartinGomez/Desktop/Proyecto III/Casita/Casita/Content/Levels/Baserri/_Generated_/49GLN5L6O743L9YNN6LPH6XJL.umap" 1322
"C:/Users/EnekoMartinGomez/Desktop/Proyecto III/Casita/Casita/Content/Levels/Baserri/_Generated_/3SV8TXL5DSA6M7R6DIAQ6CUA1.uexp" 1323
"C:/Users/EnekoMartinGomez/Desktop/Proyecto III/Casita/Casita/Content/Levels/Baserri/_Generated_/3SV8TXL5DSA6M7R6DIAQ6CUA1.ubulk" 1324
"C:/Users/EnekoMartinGomez/Desktop/Proyecto III/Casita/Casita/Content/Levels/Baserri/_Generated_/3SV8TXL5DSA6M7R6DIAQ6CUA1.umap" 1325
"C:/Users/EnekoMartinGomez/Desktop/Proyecto III/Casita/Casita/Content/Levels/Baserri/_Generated_/3SFA0GYGIL9OL95KETHBYVXEE.uexp" 1326
"C:/Users/EnekoMartinGomez/Desktop/Proyecto III/Casita/Casita/Content/Levels/Baserri/_Generated_/3SFA0GYGIL9OL95KETHBYVXEE.ubulk" 1327
"C:/Users/EnekoMartinGomez/Desktop/Proyecto III/Casita/Casita/Content/Levels/Baserri/_Generated_/3SFA0GYGIL9OL95KETHBYVXEE.umap" 1328
"C:/Users/EnekoMartinGomez/Desktop/Proyecto III/Casita/Casita/Content/Levels/Baserri/_Generated_/3Y4ALPHQO9J4ZW1ZK593D67D1.uexp" 1329
"C:/Users/EnekoMartinGomez/Desktop/Proyecto III/Casita/Casita/Content/Levels/Baserri/_Generated_/3Y4ALPHQO9J4ZW1ZK593D67D1.ubulk" 1330
"C:/Users/EnekoMartinGomez/Desktop/Proyecto III/Casita/Casita/Content/Levels/Baserri/_Generated_/3Y4ALPHQO9J4ZW1ZK593D67D1.umap" 1331
"C:/Users/EnekoMartinGomez/Desktop/Proyecto III/Casita/Casita/Content/Levels/Baserri/_Generated_/2EC3OXSFEGLHHLC3ENZWDJDNK.uexp" 1332
"C:/Users/EnekoMartinGomez/Desktop/Proyecto III/Casita/Casita/Content/Levels/Baserri/_Generated_/2EC3OXSFEGLHHLC3ENZWDJDNK.ubulk" 1333
"C:/Users/EnekoMartinGomez/Desktop/Proyecto III/Casita/Casita/Content/Levels/Baserri/_Generated_/2EC3OXSFEGLHHLC3ENZWDJDNK.umap" 1334
"C:/Users/EnekoMartinGomez/Desktop/Proyecto III/Casita/Casita/Content/Levels/Baserri/_Generated_/9XARH1JD6YY09BYADQR25A5H4.uexp" 1335
"C:/Users/EnekoMartinGomez/Desktop/Proyecto III/Casita/Casita/Content/Levels/Baserri/_Generated_/9XARH1JD6YY09BYADQR25A5H4.ubulk" 1336
"C:/Users/EnekoMartinGomez/Desktop/Proyecto III/Casita/Casita/Content/Levels/Baserri/_Generated_/9XARH1JD6YY09BYADQR25A5H4.umap" 1337
"C:/Users/EnekoMartinGomez/Desktop/Proyecto III/Casita/Casita/Content/Levels/Baserri/_Generated_/84PV6WC3ZM9R3HPS1HMBMM3E7.uexp" 1338
"C:/Users/EnekoMartinGomez/Desktop/Proyecto III/Casita/Casita/Content/Levels/Baserri/_Generated_/84PV6WC3ZM9R3HPS1HMBMM3E7.ubulk" 1339
"C:/Users/EnekoMartinGomez/Desktop/Proyecto III/Casita/Casita/Content/Levels/Baserri/_Generated_/84PV6WC3ZM9R3HPS1HMBMM3E7.umap" 1340
"C:/Users/EnekoMartinGomez/Desktop/Proyecto III/Casita/Casita/Content/Levels/Baserri/_Generated_/D7KOD9LYXLKI8O0Q3X4ZWIOPL.uexp" 1341
"C:/Users/EnekoMartinGomez/Desktop/Proyecto III/Casita/Casita/Content/Levels/Baserri/_Generated_/D7KOD9LYXLKI8O0Q3X4ZWIOPL.ubulk" 1342
"C:/Users/EnekoMartinGomez/Desktop/Proyecto III/Casita/Casita/Content/Levels/Baserri/_Generated_/D7KOD9LYXLKI8O0Q3X4ZWIOPL.umap" 1343
"C:/Users/EnekoMartinGomez/Desktop/Proyecto III/Casita/Casita/Content/Levels/Baserri/_Generated_/9WW9A0C445QW0N47MD5ZHTGGT.uexp" 1344
"C:/Users/EnekoMartinGomez/Desktop/Proyecto III/Casita/Casita/Content/Levels/Baserri/_Generated_/9WW9A0C445QW0N47MD5ZHTGGT.ubulk" 1345
"C:/Users/EnekoMartinGomez/Desktop/Proyecto III/Casita/Casita/Content/Levels/Baserri/_Generated_/9WW9A0C445QW0N47MD5ZHTGGT.umap" 1346
"C:/Users/EnekoMartinGomez/Desktop/Proyecto III/Casita/Casita/Content/Levels/Baserri/_Generated_/3J1UXDM5WVNNWC6E3EHLV7UCH.uexp" 1347
"C:/Users/EnekoMartinGomez/Desktop/Proyecto III/Casita/Casita/Content/Levels/Baserri/_Generated_/3J1UXDM5WVNNWC6E3EHLV7UCH.ubulk" 1348
"C:/Users/EnekoMartinGomez/Desktop/Proyecto III/Casita/Casita/Content/Levels/Baserri/_Generated_/3J1UXDM5WVNNWC6E3EHLV7UCH.umap" 1349
"C:/Users/EnekoMartinGomez/Desktop/Proyecto III/Casita/Casita/Content/Levels/Baserri/_Generated_/03LUATHA10SVQBK3LSHS0QRUQ.uexp" 1350
"C:/Users/EnekoMartinGomez/Desktop/Proyecto III/Casita/Casita/Content/Levels/Baserri/_Generated_/03LUATHA10SVQBK3LSHS0QRUQ.ubulk" 1351
"C:/Users/EnekoMartinGomez/Desktop/Proyecto III/Casita/Casita/Content/Levels/Baserri/_Generated_/03LUATHA10SVQBK3LSHS0QRUQ.umap" 1352
"C:/Users/EnekoMartinGomez/Desktop/Proyecto III/Casita/Casita/Content/Levels/Baserri/_Generated_/CZZ4TGZP789ZJSMLIS4IFK1GR.uexp" 1353
"C:/Users/EnekoMartinGomez/Desktop/Proyecto III/Casita/Casita/Content/Levels/Baserri/_Generated_/CZZ4TGZP789ZJSMLIS4IFK1GR.ubulk" 1354
"C:/Users/EnekoMartinGomez/Desktop/Proyecto III/Casita/Casita/Content/Levels/Baserri/_Generated_/CZZ4TGZP789ZJSMLIS4IFK1GR.umap" 1355
"C:/Users/EnekoMartinGomez/Desktop/Proyecto III/Casita/Casita/Content/Levels/Baserri/_Generated_/AXTLR8EFH4FCTYQFOU5J5I2TV.uexp" 1356
"C:/Users/EnekoMartinGomez/Desktop/Proyecto III/Casita/Casita/Content/Levels/Baserri/_Generated_/AXTLR8EFH4FCTYQFOU5J5I2TV.ubulk" 1357
"C:/Users/EnekoMartinGomez/Desktop/Proyecto III/Casita/Casita/Content/Levels/Baserri/_Generated_/AXTLR8EFH4FCTYQFOU5J5I2TV.umap" 1358
"C:/Users/EnekoMartinGomez/Desktop/Proyecto III/Casita/Casita/Content/Levels/Baserri/_Generated_/BEFV2BCQCE7SINXDZGTUQ2RCC.uexp" 1359
"C:/Users/EnekoMartinGomez/Desktop/Proyecto III/Casita/Casita/Content/Levels/Baserri/_Generated_/BEFV2BCQCE7SINXDZGTUQ2RCC.ubulk" 1360
"C:/Users/EnekoMartinGomez/Desktop/Proyecto III/Casita/Casita/Content/Levels/Baserri/_Generated_/BEFV2BCQCE7SINXDZGTUQ2RCC.umap" 1361
"C:/Users/EnekoMartinGomez/Desktop/Proyecto III/Casita/Casita/Content/Levels/Baserri/_Generated_/DIG5TV5JK5S41KJ1UBVEXCB1Y.uexp" 1362
"C:/Users/EnekoMartinGomez/Desktop/Proyecto III/Casita/Casita/Content/Levels/Baserri/_Generated_/DIG5TV5JK5S41KJ1UBVEXCB1Y.ubulk" 1363
"C:/Users/EnekoMartinGomez/Desktop/Proyecto III/Casita/Casita/Content/Levels/Baserri/_Generated_/DIG5TV5JK5S41KJ1UBVEXCB1Y.umap" 1364
"C:/Users/EnekoMartinGomez/Desktop/Proyecto III/Casita/Casita/Content/Levels/Baserri/_Generated_/BI4ZQIWUQZWGSAE26XBG9D9U2.uexp" 1365
"C:/Users/EnekoMartinGomez/Desktop/Proyecto III/Casita/Casita/Content/Levels/Baserri/_Generated_/BI4ZQIWUQZWGSAE26XBG9D9U2.ubulk" 1366
"C:/Users/EnekoMartinGomez/Desktop/Proyecto III/Casita/Casita/Content/Levels/Baserri/_Generated_/BI4ZQIWUQZWGSAE26XBG9D9U2.umap" 1367
"C:/Users/EnekoMartinGomez/Desktop/Proyecto III/Casita/Casita/Content/Levels/Baserri/_Generated_/01ZCSYZ4DKCEQPTLK2N5QN19Y.uexp" 1368
"C:/Users/EnekoMartinGomez/Desktop/Proyecto III/Casita/Casita/Content/Levels/Baserri/_Generated_/01ZCSYZ4DKCEQPTLK2N5QN19Y.ubulk" 1369
"C:/Users/EnekoMartinGomez/Desktop/Proyecto III/Casita/Casita/Content/Levels/Baserri/_Generated_/01ZCSYZ4DKCEQPTLK2N5QN19Y.umap" 1370
"C:/Users/EnekoMartinGomez/Desktop/Proyecto III/Casita/Casita/Content/Levels/Baserri/_Generated_/EIFO0ZXWUU55IU86746JXLLOR.uexp" 1371
"C:/Users/EnekoMartinGomez/Desktop/Proyecto III/Casita/Casita/Content/Levels/Baserri/_Generated_/EIFO0ZXWUU55IU86746JXLLOR.ubulk" 1372
"C:/Users/EnekoMartinGomez/Desktop/Proyecto III/Casita/Casita/Content/Levels/Baserri/_Generated_/EIFO0ZXWUU55IU86746JXLLOR.umap" 1373
"C:/Users/EnekoMartinGomez/Desktop/Proyecto III/Casita/Casita/Content/Levels/Baserri/_Generated_/1IBA7QFJPY39K6K1S7KCSSX1J.uexp" 1374
"C:/Users/EnekoMartinGomez/Desktop/Proyecto III/Casita/Casita/Content/Levels/Baserri/_Generated_/1IBA7QFJPY39K6K1S7KCSSX1J.ubulk" 1375
"C:/Users/EnekoMartinGomez/Desktop/Proyecto III/Casita/Casita/Content/Levels/Baserri/_Generated_/1IBA7QFJPY39K6K1S7KCSSX1J.umap" 1376
"C:/Users/EnekoMartinGomez/Desktop/Proyecto III/Casita/Casita/Content/Levels/Baserri/_Generated_/EN9LBFSQ7X99MF906ODMGZTAS.uexp" 1377
"C:/Users/EnekoMartinGomez/Desktop/Proyecto III/Casita/Casita/Content/Levels/Baserri/_Generated_/EN9LBFSQ7X99MF906ODMGZTAS.ubulk" 1378
"C:/Users/EnekoMartinGomez/Desktop/Proyecto III/Casita/Casita/Content/Levels/Baserri/_Generated_/EN9LBFSQ7X99MF906ODMGZTAS.umap" 1379
"C:/Users/EnekoMartinGomez/Desktop/Proyecto III/Casita/Casita/Content/Levels/Baserri/_Generated_/78G6NP1O6A63FA3EJ3RF4EM1F.uexp" 1380
"C:/Users/EnekoMartinGomez/Desktop/Proyecto III/Casita/Casita/Content/Levels/Baserri/_Generated_/78G6NP1O6A63FA3EJ3RF4EM1F.ubulk" 1381
"C:/Users/EnekoMartinGomez/Desktop/Proyecto III/Casita/Casita/Content/Levels/Baserri/_Generated_/78G6NP1O6A63FA3EJ3RF4EM1F.umap" 1382
"C:/Users/EnekoMartinGomez/Desktop/Proyecto III/Casita/Casita/Content/Levels/Baserri/_Generated_/CW489XPC2OSSNSHW0BPWMWT2S.uexp" 1383
"C:/Users/EnekoMartinGomez/Desktop/Proyecto III/Casita/Casita/Content/Levels/Baserri/_Generated_/CW489XPC2OSSNSHW0BPWMWT2S.ubulk" 1384
"C:/Users/EnekoMartinGomez/Desktop/Proyecto III/Casita/Casita/Content/Levels/Baserri/_Generated_/CW489XPC2OSSNSHW0BPWMWT2S.umap" 1385
