"C:/Users/EnekoMartinGomez/Desktop/Proyecto III/Casita/Casita/Casita.uproject" 1
"../../../../../../Users/EnekoMartinGomez/Desktop/Proyecto III/Casita/Casita/Binaries/Win64/UnrealEditor.modules" 2
"../../../Engine/Plugins/AudioInsights/AudioInsights.uplugin" 3
"../../../Engine/Plugins/AudioGameplayVolume/AudioGameplayVolume.uplugin" 4
"../../../Engine/Plugins/ChaosClothAsset/ChaosClothAsset.uplugin" 5
"../../../Engine/Plugins/AudioGameplay/AudioGameplay.uplugin" 6
"../../../Engine/Plugins/Chooser/Chooser.uplugin" 7
"../../../Engine/Plugins/Fab/Fab.uplugin" 8
"../../../Engine/Plugins/ChaosClothAssetEditor/ChaosClothAssetEditor.uplugin" 9
"../../../Engine/Plugins/ChaosVD/ChaosVD.uplugin" 10
"../../../Engine/Plugins/ChaosInsights/ChaosInsights.uplugin" 11
"../../../Engine/Plugins/ChaosCloth/ChaosCloth.uplugin" 12
"../../../Engine/Plugins/CmdLinkServer/CmdLinkServer.uplugin" 13
"../../../Engine/Plugins/JsonBlueprintUtilities/JsonBlueprintUtilities.uplugin" 14
"../../../Engine/Plugins/LightWeightInstancesEditor/LightWeightInstancesEditor.uplugin" 15
"../../../Engine/Plugins/EnhancedInput/EnhancedInput.uplugin" 16
"../../../Engine/Plugins/MemoryUsageQueries/MemoryUsageQueries.uplugin" 17
"../../../Engine/Plugins/FastBuildController/FastBuildController.uplugin" 18
"../../../Engine/Plugins/BlueprintFileUtils/BlueprintFileUtils.uplugin" 19
"../../../Engine/Plugins/PCG/PCG.uplugin" 20
"../../../Engine/Plugins/Mutable/Mutable.uplugin" 21
"../../../Engine/Plugins/TextureGraph/TextureGraph.uplugin" 22
"../../../Engine/Plugins/ScriptPlugin/ScriptPlugin.uplugin" 23
"../../../Engine/Plugins/RenderGraphInsights/RenderGraphInsights.uplugin" 24
"../../../Engine/Plugins/TraceUtilities/TraceUtilities.uplugin" 25
"../../../Engine/Plugins/UbaController/UbaController.uplugin" 26
"../../../Engine/Plugins/DiscoveryBeaconReceiver/DiscoveryBeaconReceiver.uplugin" 27
"../../../Engine/Plugins/WorldMetrics/WorldMetrics.uplugin" 28
"../../../Engine/Plugins/Importers/AlembicImporter/AlembicImporter.uplugin" 29
"../../../Engine/Plugins/MassInsights/MassInsights.uplugin" 30
"../../../Engine/Plugins/Importers/USDImporterMDL/USDImporterMDL.uplugin" 31
"../../../Engine/Plugins/MeshPainting/MeshPainting.uplugin" 32
"../../../Engine/Plugins/IoStoreInsights/IoStoreInsights.uplugin" 33
"../../../Engine/Plugins/MetaHuman/MetaHumanAnimator/MetaHuman.uplugin" 34
"../../../Engine/Plugins/XGEController/XGEController.uplugin" 35
"../../../Engine/Plugins/Importers/USDImporter/USDImporter.uplugin" 36
"../../../Engine/Plugins/MetaHuman/MetaHumanCoreTechLib/MetaHumanCoreTech.uplugin" 37
"../../../Engine/Plugins/Importers/USDMultiUser/USDMultiUser.uplugin" 38
"../../../Engine/Plugins/MetaHuman/MetaHumanCharacter/MetaHumanCharacter.uplugin" 39
"../../../Engine/Plugins/MetaHuman/MetaHumanSDK/MetaHumanSDK.uplugin" 40
"../../../Engine/Plugins/NetcodeUnitTest/NetcodeUnitTest/NetcodeUnitTest.uplugin" 41
"../../../Engine/Plugins/Portal/LauncherChunkInstaller/LauncherChunkInstaller.uplugin" 42
"../../../Engine/Plugins/MetaHuman/MetaHumanLiveLink/MetaHumanLiveLink.uplugin" 43
"../../../Engine/Plugins/NetcodeUnitTest/NUTUnrealEngine/NUTUnrealEngine.uplugin" 44
"../../../Engine/Plugins/Runtime/ActorLayerUtilities/ActorLayerUtilities.uplugin" 45
"../../../Engine/Plugins/Runtime/ADM/ADM.uplugin" 46
"../../../Engine/Plugins/MetaHuman/MetaHumanCalibrationProcessing/MetaHumanCalibrationProcessing.uplugin" 47
"../../../Engine/Plugins/Runtime/AndroidBackgroundService/AndroidBackgroundService.uplugin" 48
"../../../Engine/Plugins/Runtime/AndroidDeviceProfileSelector/AndroidDeviceProfileSelector.uplugin" 49
"../../../Engine/Plugins/Runtime/AndroidMoviePlayer/AndroidMoviePlayer.uplugin" 50
"../../../Engine/Plugins/Runtime/AnimationBudgetAllocator/AnimationBudgetAllocator.uplugin" 51
"../../../Engine/Plugins/Runtime/AndroidPermission/AndroidPermission.uplugin" 52
"../../../Engine/Plugins/Importers/AlembicHairImporter/AlembicHairImporter.uplugin" 53
"../../../Engine/Plugins/Runtime/ApexDestruction/ApexDestruction.uplugin" 54
"../../../Engine/Plugins/Runtime/AppleImageUtils/AppleImageUtils.uplugin" 55
"../../../Engine/Plugins/Runtime/AssetTags/AssetTags.uplugin" 56
"../../../Engine/Plugins/Runtime/AudioMotorSim/AudioMotorSim.uplugin" 57
"../../../Engine/Plugins/Runtime/AndroidFileServer/AndroidFileServer.uplugin" 58
"../../../Engine/Plugins/Runtime/CableComponent/CableComponent.uplugin" 59
"../../../Engine/Plugins/Runtime/ChunkDownloader/ChunkDownloader.uplugin" 60
"../../../Engine/Plugins/Runtime/AudioSynesthesia/AudioSynesthesia.uplugin" 61
"../../../Engine/Plugins/Runtime/CommonUI/CommonUI.uplugin" 62
"../../../Engine/Plugins/Runtime/ComputeFramework/ComputeFramework.uplugin" 63
"../../../Engine/Plugins/Runtime/AppleMoviePlayer/AppleMoviePlayer.uplugin" 64
"../../../Engine/Plugins/Runtime/AudioModulation/AudioModulation.uplugin" 65
"../../../Engine/Plugins/Runtime/CustomMeshComponent/CustomMeshComponent.uplugin" 66
"../../../Engine/Plugins/Runtime/DataRegistry/DataRegistry.uplugin" 67
"../../../Engine/Plugins/Runtime/ArchVisCharacter/ArchVisCharacter.uplugin" 68
"../../../Engine/Plugins/Runtime/AudioWidgets/AudioWidgets.uplugin" 69
"../../../Engine/Plugins/Runtime/Firebase/Firebase.uplugin" 70
"../../../Engine/Plugins/Runtime/ExampleDeviceProfileSelector/ExampleDeviceProfileSelector.uplugin" 71
"../../../Engine/Plugins/Runtime/GameFeatures/GameFeatures.uplugin" 72
"../../../Engine/Plugins/Runtime/GameplayBehaviorSmartObjects/GameplayBehaviorSmartObjects.uplugin" 73
"../../../Engine/Plugins/Runtime/GameplayInteractions/GameplayInteractions.uplugin" 74
"../../../Engine/Plugins/Runtime/GameplayStateTree/GameplayStateTree.uplugin" 75
"../../../Engine/Plugins/Runtime/GameInput/GameInput.uplugin" 76
"../../../Engine/Plugins/Runtime/GeometryCache/GeometryCache.uplugin" 77
"../../../Engine/Plugins/Runtime/AudioCapture/AudioCapture.uplugin" 78
"../../../Engine/Plugins/Runtime/GeometryProcessing/GeometryProcessing.uplugin" 79
"../../../Engine/Plugins/Runtime/GeometryScripting/GeometryScripting.uplugin" 80
"../../../Engine/Plugins/Runtime/GoogleCloudMessaging/GoogleCloudMessaging.uplugin" 81
"../../../Engine/Plugins/Runtime/GeoReferencing/GeoReferencing.uplugin" 82
"../../../Engine/Plugins/Runtime/HairStrands/HairStrands.uplugin" 83
"../../../Engine/Plugins/Runtime/Harmonix/Harmonix.uplugin" 84
"../../../Engine/Plugins/Runtime/HDRIBackdrop/HDRIBackdrop.uplugin" 85
"../../../Engine/Plugins/Runtime/GooglePAD/GooglePAD.uplugin" 86
"../../../Engine/Plugins/Runtime/HTTPChunkInstaller/HTTPChunkInstaller.uplugin" 87
"../../../Engine/Plugins/Runtime/InputDebugging/InputDebugging.uplugin" 88
"../../../Engine/Plugins/Runtime/InstancedActors/InstancedActors.uplugin" 89
"../../../Engine/Plugins/Runtime/HPMotionController/HPMotionController.uplugin" 90
"../../../Engine/Plugins/Runtime/LocationServicesAndroidImpl/LocationServicesAndroidImpl.uplugin" 91
"../../../Engine/Plugins/Runtime/LevelStreamingPersistence/LevelStreamingPersistence.uplugin" 92
"../../../Engine/Plugins/Runtime/LinuxDeviceProfileSelector/LinuxDeviceProfileSelector.uplugin" 93
"../../../Engine/Plugins/Runtime/IOSDeviceProfileSelector/IOSDeviceProfileSelector.uplugin" 94
"../../../Engine/Plugins/Runtime/IOSReplayKit/IOSReplayKit.uplugin" 95
"../../../Engine/Plugins/Runtime/LiveLinkOvernDisplay/LiveLinkOverNDisplay.uplugin" 96
"../../../Engine/Plugins/Runtime/LocationServicesIOSImpl/LocationServicesIOSImpl.uplugin" 97
"../../../Engine/Plugins/Runtime/MassEntity/MassEntity.uplugin" 98
"../../../Engine/Plugins/Runtime/LocationServicesBPLibrary/LocationServicesBPLibrary.uplugin" 99
"../../../Engine/Plugins/Runtime/GameplayAbilities/GameplayAbilities.uplugin" 100
"../../../Engine/Plugins/Runtime/MassGameplay/MassGameplay.uplugin" 101
"../../../Engine/Plugins/Runtime/Metasound/Metasound.uplugin" 102
"../../../Engine/Plugins/Runtime/MIDIDevice/MIDIDevice.uplugin" 103
"../../../Engine/Plugins/Runtime/MicrosoftSpatialAudio/MicroSoftSpatialSound.uplugin" 104
"../../../Engine/Plugins/Runtime/MeshModelingToolset/MeshModelingToolset.uplugin" 105
"../../../Engine/Plugins/Runtime/MobilePatchingUtils/MobilePatchingUtils.uplugin" 106
"../../../Engine/Plugins/Runtime/ModelViewViewModel/ModelViewViewModel.uplugin" 107
"../../../Engine/Plugins/Runtime/MobileFSR/MobileFSR.uplugin" 108
"../../../Engine/Plugins/Runtime/ModularGameplay/ModularGameplay.uplugin" 109
"../../../Engine/Plugins/Runtime/MultiServerReplication/MultiServerReplication.uplugin" 110
"../../../Engine/Plugins/Runtime/MsQuic/MsQuic.uplugin" 111
"../../../Engine/Plugins/Runtime/MusicEnvironment/MusicEnvironment.uplugin" 112
"../../../Engine/Plugins/Runtime/MixedRealityCaptureFramework/MixedRealityCaptureFramework.uplugin" 113
"../../../Engine/Plugins/Runtime/nDisplay/nDisplay.uplugin" 114
"../../../Engine/Plugins/Runtime/NetworkPrediction/NetworkPrediction.uplugin" 115
"../../../Engine/Plugins/Runtime/NetworkPredictionExtras/NetworkPredictionExtras.uplugin" 116
"../../../Engine/Plugins/Runtime/NavCorridor/NavCorridor.uplugin" 117
"../../../Engine/Plugins/Runtime/NetworkPredictionInsights/NetworkPredictionInsights.uplugin" 118
"../../../Engine/Plugins/Runtime/OpenXRMsftHandInteraction/OpenXRMsftHandInteraction.uplugin" 119
"../../../Engine/Plugins/Runtime/OpenXRHandTracking/OpenXRHandTracking.uplugin" 120
"../../../Engine/Plugins/Runtime/OpenCV/OpenCV.uplugin" 121
"../../../Engine/Plugins/Runtime/OptionalMobileFeaturesBPLibrary/OptionalMobileFeaturesBPLibrary.uplugin" 122
"../../../Engine/Plugins/Runtime/OSC/OSC.uplugin" 123
"../../../Engine/Plugins/Runtime/OpenXR/OpenXR.uplugin" 124
"../../../Engine/Plugins/Runtime/OpenXRViveTracker/OpenXRViveTracker.uplugin" 125
"../../../Engine/Plugins/Runtime/PropertyAccess/PropertyAccessEditor.uplugin" 126
"../../../Engine/Plugins/Runtime/PreLoadScreenMoviePlayer/PreLoadScreenMoviePlayer.uplugin" 127
"../../../Engine/Plugins/Runtime/PropertyBindingUtils/PropertyBindingUtils.uplugin" 128
"../../../Engine/Plugins/Runtime/RenderTrace/RenderTrace.uplugin" 129
"../../../Engine/Plugins/Runtime/ResonanceAudio/ResonanceAudio.uplugin" 130
"../../../Engine/Plugins/Runtime/ProceduralMeshComponent/ProceduralMeshComponent.uplugin" 131
"../../../Engine/Plugins/Runtime/ReplicationGraph/ReplicationGraph.uplugin" 132
"../../../Engine/Plugins/Runtime/RigVM/RigVM.uplugin" 133
"../../../Engine/Plugins/Runtime/ReplicationSystemTestPlugin/ReplicationSystemTestPlugin.uplugin" 134
"../../../Engine/Plugins/Runtime/nDisplayModularFeatures/nDisplayModularFeatures.uplugin" 135
"../../../Engine/Plugins/Runtime/SignificanceManager/SignificanceManager.uplugin" 136
"../../../Engine/Plugins/Runtime/SkeletalMerging/SkeletalMerging.uplugin" 137
"../../../Engine/Plugins/Runtime/SmartObjects/SmartObjects.uplugin" 138
"../../../Engine/Plugins/Runtime/SoundCueTemplates/SoundCueTemplates.uplugin" 139
"../../../Engine/Plugins/Runtime/SoundFields/SoundFields.uplugin" 140
"../../../Engine/Plugins/Runtime/SoundMod/SoundMod.uplugin" 141
"../../../Engine/Plugins/Runtime/Soundscape/Soundscape.uplugin" 142
"../../../Engine/Plugins/Runtime/Spatialization/Spatialization.uplugin" 143
"../../../Engine/Plugins/Runtime/StateTree/StateTree.uplugin" 144
"../../../Engine/Plugins/Runtime/Synthesis/Synthesis.uplugin" 145
"../../../Engine/Plugins/Runtime/OpenXREyeTracker/OpenXREyeTracker.uplugin" 146
"../../../Engine/Plugins/Runtime/SoundUtilities/SoundUtilities.uplugin" 147
"../../../Engine/Plugins/Runtime/USDCore/USDCore.uplugin" 148
"../../../Engine/Plugins/Runtime/ScriptableToolsFramework/ScriptableToolsFramework.uplugin" 149
"../../../Engine/Plugins/Runtime/WaveTable/WaveTable.uplugin" 150
"../../../Engine/Plugins/Runtime/WarpUtils/WarpUtils.uplugin" 151
"../../../Engine/Plugins/Runtime/WebMMoviePlayer/WebMMoviePlayer.uplugin" 152
"../../../Engine/Plugins/Runtime/WindowsDeviceProfileSelector/WindowsDeviceProfileSelector.uplugin" 153
"../../../Engine/Plugins/Runtime/WebBrowserNativeProxy/WebBrowserNativeProxy.uplugin" 154
"../../../Engine/Plugins/Runtime/SunPosition/SunPosition.uplugin" 155
"../../../Engine/Plugins/Runtime/WorldConditions/WorldConditions.uplugin" 156
"../../../Engine/Plugins/Runtime/WebBrowserWidget/WebBrowserWidget.uplugin" 157
"../../../Engine/Plugins/Runtime/XRBase/XRBase.uplugin" 158
"../../../Engine/Plugins/Runtime/ZoneGraph/ZoneGraph.uplugin" 159
"../../../Engine/Plugins/Runtime/WindowsMoviePlayer/WindowsMoviePlayer.uplugin" 160
"../../../Engine/Plugins/Runtime/ZoneGraphAnnotations/ZoneGraphAnnotations.uplugin" 161
"../../../Engine/Plugins/2D/Paper2D/Paper2D.uplugin" 162
"../../../Engine/Plugins/AI/EnvironmentQueryEditor/EnvironmentQueryEditor.uplugin" 163
"../../../Engine/Plugins/AI/MassCrowd/MassCrowd.uplugin" 164
"../../../Engine/Plugins/Web/HttpBlueprint/HttpBlueprint.uplugin" 165
"../../../Engine/Plugins/AI/MLAdapter/MLAdapter.uplugin" 166
"../../../Engine/Plugins/Animation/ACLPlugin/ACLPlugin.uplugin" 167
"../../../Engine/Plugins/Animation/AnimationData/AnimationData.uplugin" 168
"../../../Engine/Plugins/AI/AISupport/AISupport.uplugin" 169
"../../../Engine/Plugins/AI/HTNPlanner/HTNPlanner.uplugin" 170
"../../../Engine/Plugins/Animation/AnimationModifierLibrary/AnimationModifierLibrary.uplugin" 171
"../../../Engine/Plugins/Animation/BlendStack/BlendStack.uplugin" 172
"../../../Engine/Plugins/Animation/BlendSpaceMotionAnalysis/BlendSpaceMotionAnalysis.uplugin" 173
"../../../Engine/Plugins/AI/MassAI/MassAI.uplugin" 174
"../../../Engine/Plugins/Animation/AnimatorKit/AnimatorKit.uplugin" 175
"../../../Engine/Plugins/Animation/AnimationWarping/AnimationWarping.uplugin" 176
"../../../Engine/Plugins/Animation/DeformerGraph/DeformerGraph.uplugin" 177
"../../../Engine/Plugins/Animation/ControlRig/ControlRig.uplugin" 178
"../../../Engine/Plugins/Animation/DNACalib/DNACalib.uplugin" 179
"../../../Engine/Plugins/Animation/GameplayInsights/GameplayInsights.uplugin" 180
"../../../Engine/Plugins/Animation/ControlRigModules/ControlRigModules.uplugin" 181
"../../../Engine/Plugins/Animation/ControlRigSpline/ControlRigSpline.uplugin" 182
"../../../Engine/Plugins/Animation/IKRig/IKRig.uplugin" 183
"../../../Engine/Plugins/Animation/GeneSplicer/GeneSplicer.uplugin" 184
"../../../Engine/Plugins/Animation/LiveLink/LiveLink.uplugin" 185
"../../../Engine/Plugins/Animation/LiveLinkHub/LiveLinkHub.uplugin" 186
"../../../Engine/Plugins/Animation/LiveLinkCurveDebugUI/LiveLinkCurveDebugUI.uplugin" 187
"../../../Engine/Plugins/Animation/PerformanceCaptureCore/PerformanceCaptureCore.uplugin" 188
"../../../Engine/Plugins/Animation/LiveLinkDevice/LiveLinkDevice.uplugin" 189
"../../../Engine/Plugins/Animation/AnimationLocomotionLibrary/AnimationLocomotionLibrary.uplugin" 190
"../../../Engine/Plugins/Animation/SkeletalMeshModelingTools/SkeletalMeshModelingTools.uplugin" 191
"../../../Engine/Plugins/Animation/MotionWarping/MotionWarping.uplugin" 192
"../../../Engine/Plugins/Cameras/CameraShakePreviewer/CameraShakePreviewer.uplugin" 193
"../../../Engine/Plugins/Animation/TweeningUtils/TweeningUtils.uplugin" 194
"../../../Engine/Plugins/Cameras/GameplayCameras/GameplayCameras.uplugin" 195
"../../../Engine/Plugins/Compositing/Composure/Composure.uplugin" 196
"../../../Engine/Plugins/Animation/RigLogic/RigLogic.uplugin" 197
"../../../Engine/Plugins/Compositing/LensDistortion/LensDistortion.uplugin" 198
"../../../Engine/Plugins/Developer/AnimationSharing/AnimationSharing.uplugin" 199
"../../../Engine/Plugins/Compression/OodleNetwork/OodleNetwork.uplugin" 200
"../../../Engine/Plugins/Animation/PoseSearch/PoseSearch.uplugin" 201
"../../../Engine/Plugins/Compositing/OpenCVLensDistortion/OpenCVLensDistortion.uplugin" 202
"../../../Engine/Plugins/Developer/CodeLiteSourceCodeAccess/CodeLiteSourceCodeAccess.uplugin" 203
"../../../Engine/Plugins/Developer/CLionSourceCodeAccess/CLionSourceCodeAccess.uplugin" 204
"../../../Engine/Plugins/Developer/BlankPlugin/BlankPlugin.uplugin" 205
"../../../Engine/Plugins/Compositing/OpenColorIO/OpenColorIO.uplugin" 206
"../../../Engine/Plugins/Animation/LiveLinkExampleDevice/LiveLinkExampleDevice.uplugin" 207
"../../../Engine/Plugins/Developer/DumpGPUServices/DumpGPUServices.uplugin" 208
"../../../Engine/Plugins/Developer/FieldNotificationTrace/FieldNotificationTrace.uplugin" 209
"../../../Engine/Plugins/Cameras/EngineCameras/EngineCameras.uplugin" 210
"../../../Engine/Plugins/Developer/NamingTokens/NamingTokens.uplugin" 211
"../../../Engine/Plugins/Developer/GitSourceControl/GitSourceControl.uplugin" 212
"../../../Engine/Plugins/Developer/NullSourceCodeAccess/NullSourceCodeAccess.uplugin" 213
"../../../Engine/Plugins/Developer/PixWinPlugin/PixWinPlugin.uplugin" 214
"../../../Engine/Plugins/Developer/PlasticSourceControl/PlasticSourceControl.uplugin" 215
"../../../Engine/Plugins/Developer/KDevelopSourceCodeAccess/KDevelopSourceCodeAccess.uplugin" 216
"../../../Engine/Plugins/Developer/N10XSourceCodeAccess/N10XSourceCodeAccess.uplugin" 217
"../../../Engine/Plugins/Developer/DirectoryPlaceholder/DirectoryPlaceholder.uplugin" 218
"../../../Engine/Plugins/Developer/RenderDocPlugin/RenderDocPlugin.uplugin" 219
"../../../Engine/Plugins/Developer/SubversionSourceControl/SubversionSourceControl.uplugin" 220
"../../../Engine/Plugins/Developer/TextureFormatOodle/TextureFormatOodle.uplugin" 221
"../../../Engine/Plugins/Developer/RiderSourceCodeAccess/RiderSourceCodeAccess.uplugin" 222
"../../../Engine/Plugins/Developer/VisualStudioCodeSourceCodeAccess/VisualStudioCodeSourceCodeAccess.uplugin" 223
"../../../Engine/Plugins/Developer/UObjectPlugin/UObjectPlugin.uplugin" 224
"../../../Engine/Plugins/Developer/TraceSourceFiltering/TraceSourceFilters.uplugin" 225
"../../../Engine/Plugins/Developer/XcodeGPUDebuggerPlugin/XcodeGPUDebuggerPlugin.uplugin" 226
"../../../Engine/Plugins/Developer/TraceDataFiltering/TraceDataFilters.uplugin" 227
"../../../Engine/Plugins/Editor/AssetManagerEditor/AssetManagerEditor.uplugin" 228
"../../../Engine/Plugins/Developer/VisualStudioSourceCodeAccess/VisualStudioSourceCodeAccess.uplugin" 229
"../../../Engine/Plugins/Developer/PerforceSourceControl/PerforceSourceControl.uplugin" 230
"../../../Engine/Plugins/Editor/AssetReferenceRestrictions/AssetReferenceRestrictions.uplugin" 231
"../../../Engine/Plugins/Developer/XCodeSourceCodeAccess/XCodeSourceCodeAccess.uplugin" 232
"../../../Engine/Plugins/Developer/PropertyAccessNode/PropertyAccessNode.uplugin" 233
"../../../Engine/Plugins/Editor/BlueprintHeaderView/BlueprintHeaderView.uplugin" 234
"../../../Engine/Plugins/Developer/PluginUtils/PluginUtils.uplugin" 235
"../../../Engine/Plugins/Editor/BlueprintMaterialTextureNodes/BlueprintMaterialTextureNodes.uplugin" 236
"../../../Engine/Plugins/Editor/AssetSearch/AssetSearch.uplugin" 237
"../../../Engine/Plugins/Developer/OneSkyLocalizationService/OneSkyLocalizationService.uplugin" 238
"../../../Engine/Plugins/Editor/AssetRegistryExport/AssetRegistryExport.uplugin" 239
"../../../Engine/Plugins/Developer/ProjectLauncher/ProjectLauncher.uplugin" 240
"../../../Engine/Plugins/Editor/ChangelistReview/ChangelistReview.uplugin" 241
"../../../Engine/Plugins/Editor/CryptoKeys/CryptoKeys.uplugin" 242
"../../../Engine/Plugins/Editor/GuidedTutorials/GuidedTutorials.uplugin" 243
"../../../Engine/Plugins/Editor/EditorDebugTools/EditorDebugTools.uplugin" 244
"../../../Engine/Plugins/Editor/LiveUpdateForSlate/LiveUpdateForSlate.uplugin" 245
"../../../Engine/Plugins/Editor/EditorSysConfigAssistant/EditorSysConfigAssistant.uplugin" 246
"../../../Engine/Plugins/Editor/ColorGrading/ColorGrading.uplugin" 247
"../../../Engine/Plugins/Editor/DataValidation/DataValidation.uplugin" 248
"../../../Engine/Plugins/Editor/MacGraphicsSwitching/MacGraphicsSwitching.uplugin" 249
"../../../Engine/Plugins/Editor/ConsoleVariablesEditor/ConsoleVariables.uplugin" 250
"../../../Engine/Plugins/Editor/CurveEditorTools/CurveEditorTools.uplugin" 251
"../../../Engine/Plugins/Editor/MeshLODToolset/MeshLODToolset.uplugin" 252
"../../../Engine/Plugins/Editor/FacialAnimation/FacialAnimation.uplugin" 253
"../../../Engine/Plugins/Editor/ModelingToolsEditorMode/ModelingToolsEditorMode.uplugin" 254
"../../../Engine/Plugins/Editor/DisplayClusterLaunch/DisplayClusterLaunch.uplugin" 255
"../../../Engine/Plugins/Editor/EngineAssetDefinitions/EngineAssetDefinitions.uplugin" 256
"../../../Engine/Plugins/Editor/MobileLauncherProfileWizard/MobileLauncherProfileWizard.uplugin" 257
"../../../Engine/Plugins/Editor/EditorScriptingUtilities/EditorScriptingUtilities.uplugin" 258
"../../../Engine/Plugins/Editor/GeometryMode/GeometryMode.uplugin" 259
"../../../Engine/Plugins/Editor/PluginBrowser/PluginBrowser.uplugin" 260
"../../../Engine/Plugins/Editor/ProxyLODPlugin/ProxyLODPlugin.uplugin" 261
"../../../Engine/Plugins/Editor/GameplayTagsEditor/GameplayTagsEditor.uplugin" 262
"../../../Engine/Plugins/Editor/MaterialAnalyzer/MaterialAnalyzer.uplugin" 263
"../../../Engine/Plugins/Editor/SpeedTreeImporter/SpeedTreeImporter.uplugin" 264
"../../../Engine/Plugins/Editor/ScriptableToolsEditorMode/ScriptableToolsEditorMode.uplugin" 265
"../../../Engine/Plugins/Editor/SequencerAnimTools/SequencerAnimTools.uplugin" 266
"../../../Engine/Plugins/Editor/SampleToolsEditorMode/SampleToolsEditorMode.uplugin" 267
"../../../Engine/Plugins/Editor/UMGWidgetPreview/UMGWidgetPreview.uplugin" 268
"../../../Engine/Plugins/Editor/StylusInput/StylusInput.uplugin" 269
"../../../Engine/Plugins/Editor/StaticMeshEditorModeling/StaticMeshEditorModeling.uplugin" 270
"../../../Engine/Plugins/Editor/WaveformEditor/WaveformEditor.uplugin" 271
"../../../Engine/Plugins/Editor/WorldPartitionHLODUtilities/WorldPartitionHLODUtilities.uplugin" 272
"../../../Engine/Plugins/Editor/ModelViewViewModelPreview/ModelViewViewModelPreview.uplugin" 273
"../../../Engine/Plugins/Enterprise/AxFImporter/AxFImporter.uplugin" 274
"../../../Engine/Plugins/Enterprise/DataprepEditor/DataprepEditor.uplugin" 275
"../../../Engine/Plugins/Editor/UVEditor/UVEditor.uplugin" 276
"../../../Engine/Plugins/Enterprise/DatasmithCADImporter/DatasmithCADImporter.uplugin" 277
"../../../Engine/Plugins/Enterprise/DatasmithFBXImporter/DatasmithFBXImporter.uplugin" 278
"../../../Engine/Plugins/Enterprise/DatasmithContent/DatasmithContent.uplugin" 279
"../../../Engine/Plugins/Enterprise/DatasmithC4DImporter/DatasmithC4DImporter.uplugin" 280
"../../../Engine/Plugins/Enterprise/GLTFExporter/GLTFExporter.uplugin" 281
"../../../Engine/Plugins/Enterprise/MDLImporter/MDLImporter.uplugin" 282
"../../../Engine/Plugins/Enterprise/VariantManagerContent/VariantManagerContent.uplugin" 283
"../../../Engine/Plugins/Enterprise/DatasmithImporter/DatasmithImporter.uplugin" 284
"../../../Engine/Plugins/Enterprise/VariantManager/VariantManager.uplugin" 285
"../../../Engine/Plugins/Enterprise/LidarPointCloud/LidarPointCloud.uplugin" 286
"../../../Engine/Plugins/Experimental/AbilitySystemGameFeatureActions/AbilitySystemGameFeatureActions.uplugin" 287
"../../../Engine/Plugins/Experimental/ActorPalette/ActorPalette.uplugin" 288
"../../../Engine/Plugins/Experimental/AnimNext/AnimNext.uplugin" 289
"../../../Engine/Plugins/Editor/MakeCookedEditorAsDLC/MakeCookedEditorAsDLC.uplugin" 290
"../../../Engine/Plugins/Experimental/AdvancedRenamer/AdvancedRenamer.uplugin" 291
"../../../Engine/Plugins/Experimental/AnimNextAnimGraph/AnimNextAnimGraph.uplugin" 292
"../../../Engine/Plugins/Experimental/AnimNextChooser/AnimNextChooser.uplugin" 293
"../../../Engine/Plugins/Experimental/AnimNextControlRig/AnimNextControlRig.uplugin" 294
"../../../Engine/Plugins/Experimental/AnimNextPoseSearch/AnimNextPoseSearch.uplugin" 295
"../../../Engine/Plugins/Experimental/AnimNextWarping/AnimNextWarping.uplugin" 296
"../../../Engine/Plugins/Experimental/AnimToTexture/AnimToTexture.uplugin" 297
"../../../Engine/Plugins/Experimental/AnimNextStateTree/AnimNextStateTree.uplugin" 298
"../../../Engine/Plugins/Experimental/AsyncMessageSystem/AsyncMessageSystem.uplugin" 299
"../../../Engine/Plugins/Experimental/AvalancheDataLink/AvalancheDataLink.uplugin" 300
"../../../Engine/Plugins/Experimental/AsyncMessageSystemTests/AsyncMessageSystemTests.uplugin" 301
"../../../Engine/Plugins/Experimental/AutomationUtils/AutomationUtils.uplugin" 302
"../../../Engine/Plugins/Experimental/AvalancheDisplayCluster/AvalancheDisplayCluster.uplugin" 303
"../../../Engine/Plugins/Experimental/BackChannel/BackChannel.uplugin" 304
"../../../Engine/Plugins/Experimental/AvalancheSceneState/AvalancheSceneState.uplugin" 305
"../../../Engine/Plugins/Experimental/BlueprintStats/BlueprintStats.uplugin" 306
"../../../Engine/Plugins/Experimental/AvalancheSequenceNavigator/AvalancheSequenceNavigator.uplugin" 307
"../../../Engine/Plugins/Experimental/Buoyancy/Buoyancy.uplugin" 308
"../../../Engine/Plugins/Experimental/ChaosCaching/ChaosCaching.uplugin" 309
"../../../Engine/Plugins/Experimental/CelestialVault/CelestialVault.uplugin" 310
"../../../Engine/Plugins/Experimental/ChaosCachingUSD/ChaosCachingUSD.uplugin" 311
"../../../Engine/Plugins/Experimental/ChaosClothEditor/ChaosClothEditor.uplugin" 312
"../../../Engine/Plugins/Experimental/ChaosEditor/ChaosEditor.uplugin" 313
"../../../Engine/Plugins/Experimental/ChaosFlesh/ChaosFlesh.uplugin" 314
"../../../Engine/Plugins/Experimental/ChaosMover/ChaosMover.uplugin" 315
"../../../Engine/Plugins/Experimental/ChaosOutfitAsset/ChaosOutfitAsset.uplugin" 316
"../../../Engine/Plugins/Experimental/ChaosNiagara/ChaosNiagara.uplugin" 317
"../../../Engine/Plugins/Experimental/ChaosSolverPlugin/ChaosSolverPlugin.uplugin" 318
"../../../Engine/Plugins/Experimental/ChaosModularVehicle/ChaosModularVehicle.uplugin" 319
"../../../Engine/Plugins/Experimental/ChaosUserDataPT/ChaosUserDataPT.uplugin" 320
"../../../Engine/Plugins/Experimental/ChaosModularVehicleExamples/ChaosModularVehicleExamples.uplugin" 321
"../../../Engine/Plugins/Experimental/CharacterAI/CharacterAI.uplugin" 322
"../../../Engine/Plugins/Experimental/CineCameraRigs/CineCameraRigs.uplugin" 323
"../../../Engine/Plugins/Experimental/ChaosVehiclesPlugin/ChaosVehiclesPlugin.uplugin" 324
"../../../Engine/Plugins/Experimental/CineCameraSceneCapture/CineCameraSceneCapture.uplugin" 325
"../../../Engine/Plugins/Experimental/BlueprintSnapNodes/BlueprintSnapNodes.uplugin" 326
"../../../Engine/Plugins/Experimental/CodeView/CodeView.uplugin" 327
"../../../Engine/Plugins/Experimental/CodeEditor/CodeEditor.uplugin" 328
"../../../Engine/Plugins/Experimental/CommonConversation/CommonConversation.uplugin" 329
"../../../Engine/Plugins/Experimental/ColorCorrectRegions/ColorCorrectRegions.uplugin" 330
"../../../Engine/Plugins/Experimental/CinematicPrestreaming/CinematicPrestreaming.uplugin" 331
"../../../Engine/Plugins/Experimental/DataLink/DataLink.uplugin" 332
"../../../Engine/Plugins/Experimental/ControlFlows/ControlFlows.uplugin" 333
"../../../Engine/Plugins/Experimental/DataLinkOAuth/DataLinkOAuth.uplugin" 334
"../../../Engine/Plugins/Experimental/DaySequence/DaySequence.uplugin" 335
"../../../Engine/Plugins/Experimental/DefaultInstallBundleManager/DefaultInstallBundleManager.uplugin" 336
"../../../Engine/Plugins/Experimental/DynamicMaterialMediaStreamBridge/DynamicMaterialMediaStreamBridge.uplugin" 337
"../../../Engine/Plugins/Experimental/EditorDataStorage/EditorDataStorage.uplugin" 338
"../../../Engine/Plugins/Experimental/EditorDataStorageFeatures/EditorDataStorageFeatures.uplugin" 339
"../../../Engine/Plugins/Experimental/EditorPerformance/EditorPerformance.uplugin" 340
"../../../Engine/Plugins/Experimental/EditorTelemetry/EditorTelemetry.uplugin" 341
"../../../Engine/Plugins/Experimental/FieldSystemPlugin/FieldSystemPlugin.uplugin" 342
"../../../Engine/Plugins/Experimental/EvaluationNotifies/EvaluationNotifies.uplugin" 343
"../../../Engine/Plugins/Experimental/FloatingProperties/FloatingProperties.uplugin" 344
"../../../Engine/Plugins/Experimental/Fracture/Fracture.uplugin" 345
"../../../Engine/Plugins/Experimental/FullBodyIK/FullBodyIK.uplugin" 346
"../../../Engine/Plugins/Experimental/FastGeoStreaming/FastGeoStreaming.uplugin" 347
"../../../Engine/Plugins/Experimental/GameplayBehaviors/GameplayBehaviors.uplugin" 348
"../../../Engine/Plugins/Experimental/GameInputWindows/GameInputWindows.uplugin" 349
"../../../Engine/Plugins/Experimental/GameplayGraph/GameplayGraph.uplugin" 350
"../../../Engine/Plugins/Experimental/Gauntlet/Gauntlet.uplugin" 351
"../../../Engine/Plugins/Experimental/GameplayTargetingSystem/TargetingSystem.uplugin" 352
"../../../Engine/Plugins/Experimental/GeometryCacheAbcFile/GeometryCacheAbcFile.uplugin" 353
"../../../Engine/Plugins/Experimental/GeometryCacheLevelSequenceBaker/GeometryCacheLevelSequenceBaker.uplugin" 354
"../../../Engine/Plugins/Experimental/Dataflow/Dataflow.uplugin" 355
"../../../Engine/Plugins/Experimental/GeometryCollectionPlugin/GeometryCollectionPlugin.uplugin" 356
"../../../Engine/Plugins/Experimental/GizmoEdMode/GizmoEdMode.uplugin" 357
"../../../Engine/Plugins/Experimental/GeometryFlow/GeometryFlow.uplugin" 358
"../../../Engine/Plugins/Experimental/GPULightmass/GPULightmass.uplugin" 359
"../../../Engine/Plugins/Experimental/GeometryDataflow/GeometryDataflow.uplugin" 360
"../../../Engine/Plugins/Experimental/HairCardGenerator/HairCardGenerator.uplugin" 361
"../../../Engine/Plugins/Experimental/ImpostorBaker/ImpostorBaker.uplugin" 362
"../../../Engine/Plugins/Experimental/ImageWidgets/ImageWidgets.uplugin" 363
"../../../Engine/Plugins/Experimental/GizmoFramework/GizmoFramework.uplugin" 364
"../../../Engine/Plugins/Experimental/ImagePlate/ImagePlate.uplugin" 365
"../../../Engine/Plugins/Experimental/InlineMaterialInstance/InlineMaterialInstance.uplugin" 366
"../../../Engine/Plugins/Experimental/InteractionInterface/InteractionInterface.uplugin" 367
"../../../Engine/Plugins/Experimental/InstanceDataObjectFixupTool/InstanceDataObjectFixupTool.uplugin" 368
"../../../Engine/Plugins/Experimental/HairStrandsMutable/HairStrandsMutable.uplugin" 369
"../../../Engine/Plugins/Experimental/JWT/JWT.uplugin" 370
"../../../Engine/Plugins/Experimental/Landmass/Landmass.uplugin" 371
"../../../Engine/Plugins/Experimental/LearningAgents/LearningAgents.uplugin" 372
"../../../Engine/Plugins/Experimental/Iris/Iris.uplugin" 373
"../../../Engine/Plugins/Experimental/LevelSequenceNavigatorBridge/LevelSequenceNavigatorBridge.uplugin" 374
"../../../Engine/Plugins/Experimental/LandscapePatch/LandscapePatch.uplugin" 375
"../../../Engine/Plugins/Experimental/LiveLinkOpenVR/LiveLinkOpenVR.uplugin" 376
"../../../Engine/Plugins/Experimental/MediaViewer/MediaViewer.uplugin" 377
"../../../Engine/Plugins/Experimental/MediaStream/MediaStream.uplugin" 378
"../../../Engine/Plugins/Experimental/LowLevelNetTrace/LowLevelNetTrace.uplugin" 379
"../../../Engine/Plugins/Experimental/HairModelingToolset/HairModelingToolset.uplugin" 380
"../../../Engine/Plugins/Experimental/LocalizableMessage/LocalizableMessage.uplugin" 381
"../../../Engine/Plugins/Experimental/MeshResizing/MeshResizing.uplugin" 382
"../../../Engine/Plugins/Experimental/LiveLinkControlRig/LiveLinkControlRig.uplugin" 383
"../../../Engine/Plugins/Experimental/MeshModelingToolsetExp/MeshModelingToolsetExp.uplugin" 384
"../../../Engine/Plugins/Experimental/LiveLinkFaceImporter/LiveLinkFaceImporter.uplugin" 385
"../../../Engine/Plugins/Experimental/MetasoundExperimental/MetasoundExperimental.uplugin" 386
"../../../Engine/Plugins/Experimental/MLflow/MLflow.uplugin" 387
"../../../Engine/Plugins/Experimental/Mover/Mover.uplugin" 388
"../../../Engine/Plugins/Experimental/MotorSimOutputMotoSynth/MotorSimOutputMotoSynth.uplugin" 389
"../../../Engine/Plugins/Experimental/MotoSynth/MotoSynth.uplugin" 390
"../../../Engine/Plugins/Experimental/MoverExamples/MoverExamples.uplugin" 391
"../../../Engine/Plugins/Experimental/MoverIntegrations/MoverIntegrations.uplugin" 392
"../../../Engine/Plugins/Experimental/MoverAnimNext/MoverAnimNext.uplugin" 393
"../../../Engine/Plugins/Experimental/MutablePopulation/MutablePopulation.uplugin" 394
"../../../Engine/Plugins/Experimental/MovieSceneAnimMixer/MovieSceneAnimMixer.uplugin" 395
"../../../Engine/Plugins/Experimental/MoverTests/MoverTests.uplugin" 396
"../../../Engine/Plugins/Experimental/NFORDenoise/NFORDenoise.uplugin" 397
"../../../Engine/Plugins/Experimental/MovieScenePoseSearchTracks/MovieScenePoseSearchTracks.uplugin" 398
"../../../Engine/Plugins/Experimental/NNERuntimeCoreML/NNERuntimeCoreML.uplugin" 399
"../../../Engine/Plugins/Experimental/NNERuntimeIREE/NNERuntimeIREE.uplugin" 400
"../../../Engine/Plugins/Experimental/NNERuntimeRDG/NNERuntimeRDG.uplugin" 401
"../../../Engine/Plugins/Experimental/NeuralRendering/NeuralRendering.uplugin" 402
"../../../Engine/Plugins/Experimental/OpenImageDenoise/OpenImageDenoise.uplugin" 403
"../../../Engine/Plugins/Experimental/NNERuntimeBasicCpu/NNERuntimeBasicCpu.uplugin" 404
"../../../Engine/Plugins/Experimental/OptiXDenoise/OptiXDenoise.uplugin" 405
"../../../Engine/Plugins/Experimental/PCGBiomeCore/PCGBiomeCore.uplugin" 406
"../../../Engine/Plugins/Experimental/PCGBiomeSample/PCGBiomeSample.uplugin" 407
"../../../Engine/Plugins/Experimental/PhysicsControl/PhysicsControl.uplugin" 408
"../../../Engine/Plugins/Experimental/PanoramicCapture/PanoramicCapture.uplugin" 409
"../../../Engine/Plugins/Experimental/PlanarCutPlugin/PlanarCut.uplugin" 410
"../../../Engine/Plugins/Experimental/MutableClothing/MutableClothing.uplugin" 411
"../../../Engine/Plugins/Experimental/PlainPropsUObject/PlainPropsUObject.uplugin" 412
"../../../Engine/Plugins/Experimental/PixelStreamingPlayer/PixelStreamingPlayer.uplugin" 413
"../../../Engine/Plugins/Experimental/PythonFoundationPackages/PythonFoundationPackages.uplugin" 414
"../../../Engine/Plugins/Experimental/PlainProps/PlainProps.uplugin" 415
"../../../Engine/Plugins/Experimental/PluginTemplateTool/PluginTemplateTool.uplugin" 416
"../../../Engine/Plugins/Experimental/PSDImporterMaterialDesignerBridge/PSDImporterMaterialDesignerBridge.uplugin" 417
"../../../Engine/Plugins/Experimental/PythonScriptPlugin/PythonScriptPlugin.uplugin" 418
"../../../Engine/Plugins/Experimental/PostProcessMaterialChainGraph/PostProcessMaterialChainGraph.uplugin" 419
"../../../Engine/Plugins/Experimental/QuicMessaging/QuicMessaging.uplugin" 420
"../../../Engine/Plugins/Experimental/RawInput/RawInput.uplugin" 421
"../../../Engine/Plugins/Experimental/PSDImporter/PSDImporter.uplugin" 422
"../../../Engine/Plugins/Experimental/RemoteSession/RemoteSession.uplugin" 423
"../../../Engine/Plugins/Experimental/RazerChromaDevices/RazerChromaDevices.uplugin" 424
"../../../Engine/Plugins/Experimental/NaniteDisplacedMesh/NaniteDisplacedMesh.uplugin" 425
"../../../Engine/Plugins/Experimental/RenderGrid/RenderGrid.uplugin" 426
"../../../Engine/Plugins/Experimental/RigLogicAnimNext/RigLogicAnimNext.uplugin" 427
"../../../Engine/Plugins/Experimental/ScreenReader/ScreenReader.uplugin" 428
"../../../Engine/Plugins/Experimental/RemoteControlComponents/RemoteControlComponents.uplugin" 429
"../../../Engine/Plugins/Experimental/PluginReferenceViewer/PluginReferenceViewer.uplugin" 430
"../../../Engine/Plugins/Experimental/PluginAudit/PluginAudit.uplugin" 431
"../../../Engine/Plugins/Experimental/Shotgrid/Shotgrid.uplugin" 432
"../../../Engine/Plugins/Experimental/SequenceNavigator/SequenceNavigator.uplugin" 433
"../../../Engine/Plugins/Experimental/SlateIM/SlateIM.uplugin" 434
"../../../Engine/Plugins/Experimental/SlateModelViewViewModel/SlateModelViewViewModel.uplugin" 435
"../../../Engine/Plugins/Experimental/RuntimeTelemetry/RuntimeTelemetry.uplugin" 436
"../../../Engine/Plugins/Experimental/RigLogicMutable/RigLogicMutable.uplugin" 437
"../../../Engine/Plugins/Experimental/SecuritySandbox/SecuritySandbox.uplugin" 438
"../../../Engine/Plugins/Experimental/StateGraph/StateGraph.uplugin" 439
"../../../Engine/Plugins/Experimental/SlateScreenReader/SlateScreenReader.uplugin" 440
"../../../Engine/Plugins/Experimental/SubmitToolEditor/SubmitToolEditor.uplugin" 441
"../../../Engine/Plugins/Experimental/StructUtils/StructUtils.uplugin" 442
"../../../Engine/Plugins/Experimental/Tensorboard/Tensorboard.uplugin" 443
"../../../Engine/Plugins/Experimental/SurfaceEffects/SurfaceEffects.uplugin" 444
"../../../Engine/Plugins/Experimental/SubtitlesAndClosedCaptions/SubtitlesAndClosedCaptions.uplugin" 445
"../../../Engine/Plugins/Experimental/SimpleHMD/SimpleHMD.uplugin" 446
"../../../Engine/Plugins/Experimental/SVGImporter/SVGImporter.uplugin" 447
"../../../Engine/Plugins/Experimental/PlatformCrypto/PlatformCrypto.uplugin" 448
"../../../Engine/Plugins/Experimental/TargetDeviceServicesScripting/TargetDeviceServicesScripting.uplugin" 449
"../../../Engine/Plugins/Experimental/SpatialReadiness/SpatialReadiness.uplugin" 450
"../../../Engine/Plugins/Experimental/TextToSpeech/TextToSpeech.uplugin" 451
"../../../Engine/Plugins/Experimental/SerializationUtils/SerializationUtils.uplugin" 452
"../../../Engine/Plugins/Experimental/TechAudioTools/TechAudioTools.uplugin" 453
"../../../Engine/Plugins/Experimental/SkeletalReduction/SkeletalReduction.uplugin" 454
"../../../Engine/Plugins/Experimental/WaterAdvanced/WaterAdvanced.uplugin" 455
"../../../Engine/Plugins/Experimental/Volumetrics/Volumetrics.uplugin" 456
"../../../Engine/Plugins/Experimental/UserToolBoxCore/UserToolBoxCore.uplugin" 457
"../../../Engine/Plugins/Experimental/VirtualHeightfieldMesh/VirtualHeightfieldMesh.uplugin" 458
"../../../Engine/Plugins/Experimental/WebSocketMessaging/WebSocketMessaging.uplugin" 459
"../../../Engine/Plugins/Experimental/WaveFunctionCollapse/WaveFunctionCollapse.uplugin" 460
"../../../Engine/Plugins/Experimental/Text3D/Text3D.uplugin" 461
"../../../Engine/Plugins/Experimental/WaterExtras/WaterExtras.uplugin" 462
"../../../Engine/Plugins/Experimental/UserToolBoxBasicCommand/UserToolBoxBasicCommand.uplugin" 463
"../../../Engine/Plugins/Experimental/SceneState/SceneState.uplugin" 464
"../../../Engine/Plugins/Experimental/WebSocketNetworking/WebSocketNetworking.uplugin" 465
"../../../Engine/Plugins/Experimental/WidgetEditorToolPalette/WidgetEditorToolPalette.uplugin" 466
"../../../Engine/Plugins/Experimental/ToolPresets/ToolPresets.uplugin" 467
"../../../Engine/Plugins/Experimental/TetMeshing/TetMeshing.uplugin" 468
"../../../Engine/Plugins/Experimental/TextureMediaPlayer/TextureMediaPlayer.uplugin" 469
"../../../Engine/Plugins/Experimental/XRCreativeFramework/XRCreativeFramework.uplugin" 470
"../../../Engine/Plugins/FX/ExampleCustomDataInterface/ExampleCustomDataInterface.uplugin" 471
"../../../Engine/Plugins/Experimental/Water/Water.uplugin" 472
"../../../Engine/Plugins/FX/Cascade/Cascade.uplugin" 473
"../../../Engine/Plugins/FX/CascadeToNiagaraConverter/CascadeToNiagaraConverter.uplugin" 474
"../../../Engine/Plugins/Experimental/UIFramework/UIFramework.uplugin" 475
"../../../Engine/Plugins/FX/NiagaraFluids/NiagaraFluids.uplugin" 476
"../../../Engine/Plugins/FX/Niagara/Niagara.uplugin" 477
"../../../Engine/Plugins/FX/NiagaraSimCaching/NiagaraSimCaching.uplugin" 478
"../../../Engine/Plugins/Experimental/Workspace/Workspace.uplugin" 479
"../../../Engine/Plugins/Media/AjaMedia/AjaMedia.uplugin" 480
"../../../Engine/Plugins/Media/AndroidCamera/AndroidCamera.uplugin" 481
"../../../Engine/Plugins/Marketplace/FabLauncher/FabLauncher.uplugin" 482
"../../../Engine/Plugins/Interchange/Assets/InterchangeAssets.uplugin" 483
"../../../Engine/Plugins/Media/AppleProResMedia/AppleProResMedia.uplugin" 484
"../../../Engine/Plugins/Media/AvfMedia/AvfMedia.uplugin" 485
"../../../Engine/Plugins/Experimental/VirtualProductionUtilities/VirtualProductionUtilities.uplugin" 486
"../../../Engine/Plugins/Media/AvidDNxMedia/AvidDNxMedia.uplugin" 487
"../../../Engine/Plugins/Interchange/Runtime/Interchange.uplugin" 488
"../../../Engine/Plugins/Media/AudioCaptureTimecodeProvider/AudioCaptureTimecodeProvider.uplugin" 489
"../../../Engine/Plugins/Media/AndroidMedia/AndroidMedia.uplugin" 490
"../../../Engine/Plugins/FX/NiagaraMRQ/NiagaraMRQ.uplugin" 491
"../../../Engine/Plugins/Media/AppleProResDecoderElectra/AppleProResDecoderElectra.uplugin" 492
"../../../Engine/Plugins/Media/D3D12VideoDecodersElectra/D3D12VideoDecodersElectra.uplugin" 493
"../../../Engine/Plugins/Media/AvidDNxHDDecoderElectra/AvidDNxHDDecoderElectra.uplugin" 494
"../../../Engine/Plugins/Media/ElectraCodecs/ElectraCodecs.uplugin" 495
"../../../Engine/Plugins/Media/BinkMedia/BinkMedia.uplugin" 496
"../../../Engine/Plugins/Media/ElectraUtil/ElectraUtil.uplugin" 497
"../../../Engine/Plugins/Interchange/Editor/InterchangeEditor.uplugin" 498
"../../../Engine/Plugins/Media/HAPMedia/HAPMedia.uplugin" 499
"../../../Engine/Plugins/Media/MediaIOFramework/MediaIOFramework.uplugin" 500
"../../../Engine/Plugins/Media/HAPDecoderElectra/HAPDecoderElectra.uplugin" 501
"../../../Engine/Plugins/Media/ElectraCDM/ElectraCDM.uplugin" 502
"../../../Engine/Plugins/Media/ElectraPlayer/ElectraPlayer.uplugin" 503
"../../../Engine/Plugins/Media/BlackmagicMedia/BlackmagicMedia.uplugin" 504
"../../../Engine/Plugins/Media/LinearTimecode/LinearTimecode.uplugin" 505
"../../../Engine/Plugins/Media/ElectraSubtitles/ElectraSubtitles.uplugin" 506
"../../../Engine/Plugins/Media/ImgMedia/ImgMedia.uplugin" 507
"../../../Engine/Plugins/Media/MediaMovieStreamer/MediaMovieStreamer.uplugin" 508
"../../../Engine/Plugins/Media/FlacDecoderElectra/FlacDecoderElectra.uplugin" 509
"../../../Engine/Plugins/Media/OpusDecoderElectra/OpusDecoderElectra.uplugin" 510
"../../../Engine/Plugins/Media/MediaCompositing/MediaCompositing.uplugin" 511
"../../../Engine/Plugins/Media/NDIMedia/NDIMedia.uplugin" 512
"../../../Engine/Plugins/Media/MediaPlate/MediaPlate.uplugin" 513
"../../../Engine/Plugins/Media/PixelCapture/PixelCapture.uplugin" 514
"../../../Engine/Plugins/Media/MediaFrameworkUtilities/MediaFrameworkUtilities.uplugin" 515
"../../../Engine/Plugins/Media/PixelStreaming2/PixelStreaming2.uplugin" 516
"../../../Engine/Plugins/Media/TimecodeSynchronizer/TimecodeSynchronizer.uplugin" 517
"../../../Engine/Plugins/Media/HardwareEncoders/HardwareEncoders.uplugin" 518
"../../../Engine/Plugins/Media/MfMedia/MfMedia.uplugin" 519
"../../../Engine/Plugins/Media/VPxDecoderElectra/VPxDecoderElectra.uplugin" 520
"../../../Engine/Plugins/Media/WebMMedia/WebMMedia.uplugin" 521
"../../../Engine/Plugins/Media/WmfMedia/WmfMedia.uplugin" 522
"../../../Engine/Plugins/Media/MediaPlayerEditor/MediaPlayerEditor.uplugin" 523
"../../../Engine/Plugins/Messaging/MessagingDebugger/MessagingDebugger.uplugin" 524
"../../../Engine/Plugins/Messaging/TcpMessaging/TcpMessaging.uplugin" 525
"../../../Engine/Plugins/Media/PixelStreaming/PixelStreaming.uplugin" 526
"../../../Engine/Plugins/MovieScene/ActorSequence/ActorSequence.uplugin" 527
"../../../Engine/Plugins/MovieScene/CustomizableSequencerTracks/CustomizableSequencerTracks.uplugin" 528
"../../../Engine/Plugins/Messaging/UdpMessaging/UdpMessaging.uplugin" 529
"../../../Engine/Plugins/MovieScene/MovieSceneTextTrack/MovieSceneTextTrack.uplugin" 530
"../../../Engine/Plugins/MovieScene/MovieRenderPipeline/MovieRenderPipeline.uplugin" 531
"../../../Engine/Plugins/MovieScene/ReplayTracks/ReplayTracks.uplugin" 532
"../../../Engine/Plugins/MovieScene/SequencerScripting/SequencerScripting.uplugin" 533
"../../../Engine/Plugins/MovieScene/LevelSequenceEditor/LevelSequenceEditor.uplugin" 534
"../../../Engine/Plugins/MovieScene/MoviePipelineMaskRenderPass/MoviePipelineMaskRenderPass.uplugin" 535
"../../../Engine/Plugins/MovieScene/TemplateSequence/TemplateSequence.uplugin" 536
"../../../Engine/Plugins/NNE/NNERuntimeORT/NNERuntimeORT.uplugin" 537
"../../../Engine/Plugins/NNE/NNEDenoiser/NNEDenoiser.uplugin" 538
"../../../Engine/Plugins/Online/EOSShared/EOSShared.uplugin" 539
"../../../Engine/Plugins/Online/OnlineBase/OnlineBase.uplugin" 540
"../../../Engine/Plugins/Online/OnlineFramework/OnlineFramework.uplugin" 541
"../../../Engine/Plugins/Online/OnlineServicesEOSGS/OnlineServicesEOSGS.uplugin" 542
"../../../Engine/Plugins/Online/EOSOverlayInputProvider/EOSOverlayInputProvider.uplugin" 543
"../../../Engine/Plugins/Online/OnlineServicesNull/OnlineServicesNull.uplugin" 544
"../../../Engine/Plugins/Online/OnlineServicesOSSAdapter/OnlineServicesOSSAdapter.uplugin" 545
"../../../Engine/Plugins/Online/OnlineServices/OnlineServices.uplugin" 546
"../../../Engine/Plugins/Online/OnlineSubsystem/OnlineSubsystem.uplugin" 547
"../../../Engine/Plugins/Online/OnlineSubsystemEOS/OnlineSubsystemEOS.uplugin" 548
"../../../Engine/Plugins/Online/OnlineSubsystemApple/OnlineSubsystemApple.uplugin" 549
"../../../Engine/Plugins/Online/OnlineSubsystemAmazon/OnlineSubsystemAmazon.uplugin" 550
"../../../Engine/Plugins/Online/OnlineSubsystemUtils/OnlineSubsystemUtils.uplugin" 551
"../../../Engine/Plugins/Online/OnlineSubsystemFacebook/OnlineSubsystemFacebook.uplugin" 552
"../../../Engine/Plugins/Online/OnlineSubsystemNull/OnlineSubsystemNull.uplugin" 553
"../../../Engine/Plugins/Online/OnlineSubsystemTencent/OnlineSubsystemTencent.uplugin" 554
"../../../Engine/Plugins/Online/OnlineSubsystemGoogle/OnlineSubsystemGoogle.uplugin" 555
"../../../Engine/Plugins/Online/SocketSubsystemSteamIP/SocketSubsystemSteamIP.uplugin" 556
"../../../Engine/Plugins/Online/OnlineSubsystemSteam/OnlineSubsystemSteam.uplugin" 557
"../../../Engine/Plugins/Online/SocketSubsystemEOS/SocketSubsystemEOS.uplugin" 558
"../../../Engine/Plugins/PCGInterops/PCGExternalDataInterop/PCGExternalDataInterop.uplugin" 559
"../../../Engine/Plugins/Online/WebAuth/WebAuth.uplugin" 560
"../../../Engine/Plugins/Protocols/MQTT/MQTT.uplugin" 561
"../../../Engine/Plugins/PCGInterops/PCGGeometryScriptInterop/PCGGeometryScriptInterop.uplugin" 562
"../../../Engine/Plugins/Performance/AutomatedPerfTesting/AutomatedPerfTesting.uplugin" 563
"../../../Engine/Plugins/Performance/PerformanceMonitor/PerformanceMonitor.uplugin" 564
"../../../Engine/Plugins/Slate/SlateScripting/SlateScripting.uplugin" 565
"../../../Engine/Plugins/Slate/SlateInsights/SlateInsights.uplugin" 566
"../../../Engine/Plugins/Tests/CQTest/CQTest.uplugin" 567
"../../../Engine/Plugins/Tests/AutomationDriverTests/AutomationDriverTests.uplugin" 568
"../../../Engine/Plugins/Tests/CQTestEnhancedInput/CQTestEnhancedInput.uplugin" 569
"../../../Engine/Plugins/Tests/EditorTests/EditorTests.uplugin" 570
"../../../Engine/Plugins/Online/OnlineServicesEpicCommon/OnlineServicesEpicCommon.uplugin" 571
"../../../Engine/Plugins/Tests/InterchangeTests/InterchangeTests.uplugin" 572
"../../../Engine/Plugins/Tests/FbxAutomationTestBuilder/FbxAutomationTestBuilder.uplugin" 573
"../../../Engine/Plugins/Tests/TestSamples/TestSamples.uplugin" 574
"../../../Engine/Plugins/Tests/PythonAutomationTest/PythonAutomationTest.uplugin" 575
"../../../Engine/Plugins/Tests/RHITests/RHITests.uplugin" 576
"../../../Engine/Plugins/Tests/WidgetAutomationTests/WidgetAutomationTests.uplugin" 577
"../../../Engine/Plugins/Tests/RuntimeTests/RuntimeTests.uplugin" 578
"../../../Engine/Plugins/Tests/TestFramework/TestFramework.uplugin" 579
"../../../Engine/Plugins/VirtualProduction/ActorModifier/ActorModifier.uplugin" 580
"../../../Engine/Plugins/Tests/FunctionalTestingEditor/FunctionalTestingEditor.uplugin" 581
"../../../Engine/Plugins/VirtualProduction/ClonerEffector/ClonerEffector.uplugin" 582
"../../../Engine/Plugins/Online/OnlineServicesEOS/OnlineServicesEOS.uplugin" 583
"../../../Engine/Plugins/VirtualProduction/CompositePlane/CompositePlane.uplugin" 584
"../../../Engine/Plugins/VirtualProduction/CameraCalibrationML/CameraCalibrationML.uplugin" 585
"../../../Engine/Plugins/VirtualProduction/CaptureData/CaptureData.uplugin" 586
"../../../Engine/Plugins/VirtualProduction/Avalanche/Avalanche.uplugin" 587
"../../../Engine/Plugins/VirtualProduction/ActorModifierCore/ActorModifierCore.uplugin" 588
"../../../Engine/Plugins/VirtualProduction/DataCharts/DataCharts.uplugin" 589
"../../../Engine/Plugins/VirtualProduction/CameraCalibrationCore/CameraCalibrationCore.uplugin" 590
"../../../Engine/Plugins/VirtualProduction/EpicStageApp/EpicStageApp.uplugin" 591
"../../../Engine/Plugins/VirtualProduction/DynamicMaterial/DynamicMaterial.uplugin" 592
"../../../Engine/Plugins/VirtualProduction/ICVFX/ICVFX.uplugin" 593
"../../../Engine/Plugins/VirtualProduction/CustomDetailsView/CustomDetailsView.uplugin" 594
"../../../Engine/Plugins/VirtualProduction/CinematicAssemblyTools/CinematicAssemblyTools.uplugin" 595
"../../../Engine/Plugins/VirtualProduction/GeometryMask/GeometryMask.uplugin" 596
"../../../Engine/Plugins/VirtualProduction/LensComponent/LensComponent.uplugin" 597
"../../../Engine/Plugins/VirtualProduction/ICVFXTesting/ICVFXTesting.uplugin" 598
"../../../Engine/Plugins/VirtualProduction/LevelSnapshots/LevelSnapshots.uplugin" 599
"../../../Engine/Plugins/VirtualProduction/LiveLinkFreeD/LiveLinkFreeD.uplugin" 600
"../../../Engine/Plugins/VirtualProduction/LiveLinkCamera/LiveLinkCamera.uplugin" 601
"../../../Engine/Plugins/VirtualProduction/LiveLinkInputDevice/LiveLinkInputDevice.uplugin" 602
"../../../Engine/Plugins/VirtualProduction/LiveLinkLens/LiveLinkLens.uplugin" 603
"../../../Engine/Plugins/VirtualProduction/LiveLinkOpenTrackIO/LiveLinkOpenTrackIO.uplugin" 604
"../../../Engine/Plugins/VirtualProduction/LiveLinkMasterLockit/LiveLinkMasterLockit.uplugin" 605
"../../../Engine/Plugins/VirtualProduction/LiveLinkVRPN/LiveLinkVRPN.uplugin" 606
"../../../Engine/Plugins/VirtualProduction/LiveLinkPrestonMDR/LiveLinkPrestonMDR.uplugin" 607
"../../../Engine/Plugins/VirtualProduction/OperatorStack/OperatorStack.uplugin" 608
"../../../Engine/Plugins/VirtualProduction/MultiUserTakes/MultiUserTakes.uplugin" 609
"../../../Engine/Plugins/VirtualProduction/LiveLinkXR/LiveLinkXR.uplugin" 610
"../../../Engine/Plugins/VirtualProduction/PropertyAnimatorCore/PropertyAnimatorCore.uplugin" 611
"../../../Engine/Plugins/VirtualProduction/PerformanceCaptureWorkflow/PerformanceCaptureWorkflow.uplugin" 612
"../../../Engine/Plugins/VirtualProduction/RemoteControl/RemoteControl.uplugin" 613
"../../../Engine/Plugins/VirtualProduction/PropertyAnimator/PropertyAnimator.uplugin" 614
"../../../Engine/Plugins/VirtualProduction/RemoteControlProtocolDMX/RemoteControlProtocolDMX.uplugin" 615
"../../../Engine/Plugins/VirtualProduction/RemoteControlInterception/RemoteControlInterception.uplugin" 616
"../../../Engine/Plugins/VirtualProduction/RemoteControlWebInterface/RemoteControlWebInterface.uplugin" 617
"../../../Engine/Plugins/VirtualProduction/RemoteControlProtocolOSC/RemoteControlProtocolOSC.uplugin" 618
"../../../Engine/Plugins/VirtualProduction/StormSyncAvalancheBridge/StormSyncAvalancheBridge.uplugin" 619
"../../../Engine/Plugins/VirtualProduction/SequencerPlaylists/SequencerPlaylists.uplugin" 620
"../../../Engine/Plugins/VirtualProduction/RemoteControlProtocolMIDI/RemoteControlProtocolMIDI.uplugin" 621
"../../../Engine/Plugins/VirtualProduction/Switchboard/Switchboard.uplugin" 622
"../../../Engine/Plugins/VirtualProduction/TextureShare/TextureShare.uplugin" 623
"../../../Engine/Plugins/VirtualProduction/StormSync/StormSync.uplugin" 624
"../../../Engine/Plugins/VirtualProduction/Takes/Takes.uplugin" 625
"../../../Engine/Plugins/VirtualProduction/StageMonitoring/StageMonitoring.uplugin" 626
"../../../Engine/Plugins/VirtualProduction/VirtualCameraCore/VirtualCameraCore.uplugin" 627
"../../../Engine/Plugins/VirtualProduction/VirtualCamera/VirtualCamera.uplugin" 628
"../../../Engine/Plugins/VirtualProduction/VirtualScouting/VirtualScouting.uplugin" 629
"../../../Engine/Plugins/VirtualProduction/TimedDataMonitor/TimedDataMonitor.uplugin" 630
"../../../Engine/Plugins/Runtime/Steam/SteamAudio/SteamAudio.uplugin" 631
"../../../Engine/Plugins/Runtime/Steam/SteamShared/SteamShared.uplugin" 632
"../../../Engine/Plugins/VirtualProduction/CameraCalibration/CameraCalibration.uplugin" 633
"../../../Engine/Plugins/Runtime/Steam/SteamSockets/SteamSockets.uplugin" 634
"../../../Engine/Plugins/Runtime/Advertising/IOSTapJoy/IOSTapJoy.uplugin" 635
"../../../Engine/Plugins/Runtime/Steam/SteamController/SteamController.uplugin" 636
"../../../Engine/Plugins/Experimental/CharacterFXEditor/BaseCharacterFXEditor/BaseCharacterFXEditor.uplugin" 637
"../../../Engine/Plugins/Online/IOS/OnlineSubsystemIOS/OnlineSubsystemIOS.uplugin" 638
"../../../Engine/Plugins/Experimental/CharacterFXEditor/ExampleCharacterFXEditor/ExampleCharacterFXEditor.uplugin" 639
"../../../Engine/Plugins/Experimental/Web/WebAPI/WebAPI.uplugin" 640
"../../../Engine/Plugins/VirtualProduction/CaptureManager/CaptureManagerCore/CaptureManagerCore.uplugin" 641
"../../../Engine/Plugins/VirtualProduction/CaptureManager/CaptureManagerApp/CaptureManagerApp.uplugin" 642
"../../../Engine/Plugins/VirtualProduction/CaptureManager/CaptureManagerEditor/CaptureManagerEditor.uplugin" 643
"../../../Engine/Plugins/VirtualProduction/CaptureManager/CaptureManagerDevices/CaptureManagerDevices.uplugin" 644
"../../../Engine/Plugins/Runtime/MeshReconstruction/DummyMeshReconstructor/DummyMeshReconstructor.uplugin" 645
"../../../Engine/Plugins/Editor/ContentBrowser/ContentBrowserClassDataSource/ContentBrowserClassDataSource.uplugin" 646
"../../../Engine/Plugins/Editor/ContentBrowser/ContentBrowserAssetDataSource/ContentBrowserAssetDataSource.uplugin" 647
"../../../Engine/Plugins/Editor/ContentBrowser/ContentBrowserAliasDataSource/ContentBrowserAliasDataSource.uplugin" 648
"../../../Engine/Plugins/Editor/ContentBrowser/ContentBrowserFileDataSource/ContentBrowserFileDataSource.uplugin" 649
"../../../Engine/Plugins/Editor/ObjectMixer/ObjectMixer/ObjectMixer.uplugin" 650
"../../../Engine/Plugins/Experimental/AVCodecs/AMFCodecs/AMFCodecs.uplugin" 651
"../../../Engine/Plugins/Experimental/AVCodecs/AVCodecsCore/AVCodecsCore.uplugin" 652
"../../../Engine/Plugins/Editor/ObjectMixer/LightMixer/LightMixer.uplugin" 653
"../../../Engine/Plugins/Experimental/AVCodecs/VTCodecs/VTCodecs.uplugin" 654
"../../../Engine/Plugins/Experimental/AVCodecs/NVCodecs/NVCodecs.uplugin" 655
"../../../Engine/Plugins/Experimental/AVCodecs/WMFCodecs/WMFCodecs.uplugin" 656
"../../../Engine/Plugins/Experimental/PCGInterops/PCGNiagaraInterop/PCGNiagaraInterop.uplugin" 657
"../../../Engine/Plugins/Experimental/PCGInterops/PCGInstancedActorsInterop/PCGInstancedActorsInterop.uplugin" 658
"../../../Engine/Plugins/Experimental/PCGInterops/PCGWaterInterop/PCGWaterInterop.uplugin" 659
"../../../Engine/Plugins/Online/VoiceChat/EOSVoiceChat/EOSVoiceChat.uplugin" 660
"../../../Engine/Plugins/Online/VoiceChat/VoiceChat/VoiceChat.uplugin" 661
"../../../Engine/Plugins/Experimental/Enterprise/DatasmithRuntime/DatasmithRuntime.uplugin" 662
"../../../Engine/Plugins/Online/Android/AndroidFetchBackgroundDownload/AndroidFetchBackgroundDownload.uplugin" 663
"../../../Engine/Plugins/Experimental/Enterprise/DataprepGeometryOperations/DataprepGeometryOperations.uplugin" 664
"../../../Engine/Plugins/Online/Android/OnlineSubsystemGooglePlay/OnlineSubsystemGooglePlay.uplugin" 665
"../../../Engine/Plugins/Animation/MLDeformer/ChaosClothGenerator/ChaosClothGenerator.uplugin" 666
"../../../Engine/Plugins/Animation/MLDeformer/ChaosFleshGenerator/ChaosFleshGenerator.uplugin" 667
"../../../Engine/Plugins/Animation/MLDeformer/NeuralMorphModel/NeuralMorphModel.uplugin" 668
"../../../Engine/Plugins/Animation/MLDeformer/MLDeformerFramework/MLDeformerFramework.uplugin" 669
"../../../Engine/Plugins/Experimental/AVCodecs/LibVpxCodecs/LibVpxCodecs.uplugin" 670
"../../../Engine/Plugins/Animation/MLDeformer/NearestNeighborModel/NearestNeighborModel.uplugin" 671
"../../../Engine/Plugins/Experimental/Enterprise/DatasmithInterchange/DatasmithInterchange.uplugin" 672
"../../../Engine/Plugins/Experimental/Compositing/CompositeCore/CompositeCore.uplugin" 673
"../../../Engine/Plugins/Animation/MLDeformer/VertexDeltaModel/VertexDeltaModel.uplugin" 674
"../../../Engine/Plugins/Experimental/Animation/HierarchyTableAnimation/HierarchyTableAnimation.uplugin" 675
"../../../Engine/Plugins/Experimental/VirtualProduction/VPRoles/VPRoles.uplugin" 676
"../../../Engine/Plugins/Experimental/VirtualProduction/VPSettings/VPSettings.uplugin" 677
"../../../Engine/Plugins/Experimental/Animation/ContextualAnimation/ContextualAnimation.uplugin" 678
"../../../Engine/Plugins/Experimental/Animation/CurveExpression/CurveExpression.uplugin" 679
"../../../Engine/Plugins/Experimental/Compositing/HoldoutComposite/HoldoutComposite.uplugin" 680
"../../../Engine/Plugins/Experimental/Animation/Locomotor/Locomotor.uplugin" 681
"../../../Engine/Plugins/Experimental/Animation/RigMapper/RigMapper.uplugin" 682
"../../../Engine/Plugins/Experimental/MetaHuman/MetaHumanRuntime/MetaHumanRuntime.uplugin" 683
"../../../Engine/Plugins/Experimental/Animation/MotionTrajectory/MotionTrajectory.uplugin" 684
"../../../Engine/Plugins/Experimental/Animation/HierarchyTable/HierarchyTable.uplugin" 685
"../../../Engine/Plugins/Experimental/Animation/SkeletalMeshMorphTargetEditingTools/SkeletalMeshMorphTargetEditingTools.uplugin" 686
"../../../Engine/Plugins/Experimental/VirtualProduction/LedWallCalibration/LedWallCalibration.uplugin" 687
"../../../Engine/Plugins/Experimental/Animation/Optimus/Optimus.uplugin" 688
"../../../Engine/Plugins/Interchange/Extensions/OpenUSD/InterchangeOpenUSD.uplugin" 689
"../../../Engine/Plugins/Experimental/Animation/PackedAttributes/PackedAttributes.uplugin" 690
"../../../Engine/Plugins/Experimental/Animation/SkeletonTemplateFramework/SkeletonTemplateFramework.uplugin" 691
"../../../Engine/Plugins/Interchange/Extensions/OpenVDB/InterchangeOpenVDB.uplugin" 692
"../../../Engine/Plugins/VirtualProduction/DMX/DMXControlConsole/DMXControlConsole.uplugin" 693
"../../../Engine/Plugins/VirtualProduction/DMX/DMXFixtures/DMXFixtures.uplugin" 694
"../../../Engine/Plugins/VirtualProduction/DMX/DMXModularFeatures/DMXModularFeatures.uplugin" 695
"../../../Engine/Plugins/VirtualProduction/DMX/DMXDisplayCluster/DMXDisplayCluster.uplugin" 696
"../../../Engine/Plugins/Experimental/Animation/TrajectoryTools/TrajectoryTools.uplugin" 697
"../../../Engine/Plugins/VirtualProduction/DMX/DMXProtocol/DMXProtocol.uplugin" 698
"../../../Engine/Plugins/Runtime/Analytics/Adjust/Adjust.uplugin" 699
"../../../Engine/Plugins/VirtualProduction/DMX/DMXEngine/DMXEngine.uplugin" 700
"../../../Engine/Plugins/VirtualProduction/DMX/DMXGDTF/DMXGDTF.uplugin" 701
"../../../Engine/Plugins/Runtime/Analytics/AnalyticsMulticast/AnalyticsMulticast.uplugin" 702
"../../../Engine/Plugins/VirtualProduction/DMX/DatasmithMVR/DatasmithMVR.uplugin" 703
"../../../Engine/Plugins/Runtime/Analytics/AnalyticsBlueprintLibrary/AnalyticsBlueprintLibrary.uplugin" 704
"../../../Engine/Plugins/VirtualProduction/DMX/DMXPixelMapping/DMXPixelMapping.uplugin" 705
"../../../Engine/Plugins/Runtime/Database/ADOSupport/ADOSupport.uplugin" 706
"../../../Engine/Plugins/Runtime/Analytics/FileLogging/FileLogging.uplugin" 707
"../../../Engine/Plugins/Runtime/AR/ARUtilities/ARUtilities.uplugin" 708
"../../../Engine/Plugins/Runtime/Database/RemoteDatabaseSupport/RemoteDatabaseSupport.uplugin" 709
"../../../Engine/Plugins/Runtime/Database/SQLiteCore/SQLiteCore.uplugin" 710
"../../../Engine/Plugins/Runtime/Database/DatabaseSupport/DatabaseSupport.uplugin" 711
"../../../Engine/Plugins/Runtime/Nvidia/GeForceNOWWrapper/GeForceNOWWrapper.uplugin" 712
"../../../Engine/Plugins/Runtime/PacketHandlers/AESHandlerComponent/AESHandlerComponent.uplugin" 713
"../../../Engine/Plugins/Runtime/Windows/WinDualShock/WinDualShock.uplugin" 714
"../../../Engine/Plugins/Runtime/Database/SQLiteSupport/SQLiteSupport.uplugin" 715
"../../../Engine/Plugins/Runtime/Windows/XInputDevice/XInputDevice.uplugin" 716
"../../../Engine/Plugins/Runtime/PacketHandlers/AESGCMHandlerComponent/AESGCMHandlerComponent.uplugin" 717
"../../../Engine/Plugins/VirtualProduction/Rivermax/RivermaxMedia/RivermaxMedia.uplugin" 718
"../../../Engine/Plugins/Runtime/XR/XRScribe/XRScribe.uplugin" 719
"../../../Engine/Plugins/Runtime/XR/XRVisualization/XRVisualization.uplugin" 720
"../../../Engine/Plugins/Runtime/PacketHandlers/DTLSHandlerComponent/DTLSHandlerComponent.uplugin" 721
"../../../Engine/Plugins/Editor/Localization/PortableObjectFileDataSource/PortableObjectFileDataSource.uplugin" 722
"../../../Engine/Plugins/VirtualProduction/Rivermax/RivermaxCore/RivermaxCore.uplugin" 723
"../../../Engine/Plugins/Developer/Concert/ConcertMain/ConcertMain.uplugin" 724
"../../../Engine/Plugins/VirtualProduction/Rivermax/RivermaxSync/RivermaxSync.uplugin" 725
"../../../Engine/Plugins/Runtime/AR/AppleAR/AppleARKit/AppleARKit.uplugin" 726
"../../../Engine/Plugins/Runtime/AR/AppleAR/AppleARKitFaceSupport/AppleARKitFaceSupport.uplugin" 727
"../../../Engine/Plugins/Developer/Concert/ConcertSync/ConcertSyncServer/ConcertSyncServer.uplugin" 728
"../../../Engine/Plugins/Developer/Concert/ConcertInsights/ConcertInsightsServer/ConcertInsightsServer.uplugin" 729
"../../../Engine/Plugins/Developer/Concert/ConcertSync/ConcertSyncClient/ConcertSyncClient.uplugin" 730
"../../../Engine/Plugins/Developer/Concert/ConcertInsights/ConcertInsightsClient/ConcertInsightsClient.uplugin" 731
"../../../Engine/Plugins/Developer/Concert/ConcertSync/ConcertSyncTest/ConcertSyncTest.uplugin" 732
"../../../Engine/Plugins/Runtime/AR/Google/GoogleARCoreServices/GoogleARCoreServices.uplugin" 733
"../../../Engine/Plugins/Developer/Concert/ConcertSync/ConcertSyncCore/ConcertSyncCore.uplugin" 734
"../../../Engine/Plugins/Developer/Concert/ConcertInsights/ConcertInsightsVisualizer/ConcertInsightsVisualizer.uplugin" 735
"../../../Engine/Plugins/Developer/Concert/ConcertUI/ConcertClientSharedSlate/ConcertClientSharedSlate.uplugin" 736
"../../../Engine/Plugins/Runtime/Nvidia/Reflex/Reflex.uplugin" 737
"../../../Engine/Plugins/Developer/Concert/ConcertInsights/ConcertInsightsCore/ConcertInsightsCore.uplugin" 738
"../../../Engine/Plugins/Developer/Concert/ConcertApp/DisasterRecoveryClient/DisasterRecoveryClient.uplugin" 739
"../../../Engine/Plugins/Developer/Concert/ConcertUI/ConcertSharedSlate/ConcertSharedSlate.uplugin" 740
"../../../Engine/Plugins/Experimental/Animation/MLDeformer/DetailPoseModel/DetailPoseModel.uplugin" 741
"../../../Engine/Plugins/Runtime/AR/Google/GoogleARCore/GoogleARCore.uplugin" 742
"../../../Engine/Plugins/Developer/Concert/ConcertApp/MultiUserClient/MultiUserClient.uplugin" 743
"../../../Engine/Plugins/Developer/Concert/ConcertApp/MultiUserServer/MultiUserServer.uplugin" 744
"../../../Engine/Plugins/Developer/Concert/ConcertScripting/ConcertReplicationScripting/ConcertReplicationScripting.uplugin" 745
"../../../Engine/Platforms/Android/Plugins/RigLogic/RigLogic_Android.uplugin" 746
"../../../Engine/Platforms/Android/Plugins/Animation/ACLPlugin/ACLPlugin_Android.uplugin" 747
"../../../Engine/Platforms/IOS/Plugins/RigLogic/RigLogic_IOS.uplugin" 748
"../../../Engine/Content/Internationalization/icudt64l/cnvalias.icu" 749
"../../../Engine/Content/Internationalization/icudt64l/res_index.res" 750
"../../../Engine/Content/Internationalization/icudt64l/plurals.res" 751
"../../../Engine/Content/Internationalization/icudt64l/lang/es.res" 752
"../../../Engine/Content/Internationalization/icudt64l/lang/pool.res" 753
"../../../Engine/Content/Internationalization/icudt64l/lang/root.res" 754
"../../../Engine/Content/Internationalization/icudt64l/region/es.res" 755
"../../../Engine/Content/Internationalization/icudt64l/region/pool.res" 756
"../../../Engine/Content/Internationalization/icudt64l/region/root.res" 757
"../../../Engine/Content/Internationalization/icudt64l/lang/en.res" 758
"../../../Engine/Content/Internationalization/icudt64l/region/en.res" 759
"../../../Engine/Content/Internationalization/icudt64l/windowsZones.res" 760
"../../../Engine/Content/Internationalization/icudt64l/zoneinfo64.res" 761
"../../../Engine/Content/Internationalization/icudt64l/keyTypeData.res" 762
"../../../Engine/Content/Internationalization/icudt64l/timezoneTypes.res" 763
"../../../Engine/Content/Internationalization/icudt64l/likelySubtags.res" 764
"../../../Engine/Content/Internationalization/icudt64l/es_ES.res" 765
"../../../Engine/Content/Internationalization/icudt64l/pool.res" 766
"../../../Engine/Content/Internationalization/icudt64l/es.res" 767
"../../../Engine/Content/Internationalization/icudt64l/root.res" 768
"../../../Engine/Content/Internationalization/icudt64l/supplementalData.res" 769
"../../../Engine/Config/ConfigRedirects.ini" 770
"C:/Users/EnekoMartinGomez/AppData/Local/UnrealEngine/5.6/Saved/Config/WindowsEditor/Manifest.ini" 771
"../../../Engine/Config/BaseEngine.ini" 772
"../../../Engine/Config/Windows/BaseWindowsEngine.ini" 773
"../../../../../../Users/EnekoMartinGomez/Desktop/Proyecto III/Casita/Casita/Config/DefaultEngine.ini" 774
"../../../Engine/Config/BaseGame.ini" 775
"../../../../../../Users/EnekoMartinGomez/Desktop/Proyecto III/Casita/Casita/Config/DefaultGame.ini" 776
"../../../Engine/Config/Windows/WindowsGame.ini" 777
"C:/Users/EnekoMartinGomez/Desktop/Proyecto III/Casita/Casita/Saved/Config/WindowsEditor/Game.ini" 778
"../../../Engine/Config/BaseInput.ini" 779
"../../../Engine/Config/Windows/BaseWindowsInput.ini" 780
"../../../../../../Users/EnekoMartinGomez/Desktop/Proyecto III/Casita/Casita/Config/DefaultInput.ini" 781
"../../../Engine/Config/Windows/WindowsInput.ini" 782
"../../../Engine/Config/BaseDeviceProfiles.ini" 783
"../../../Engine/Config/BaseGameUserSettings.ini" 784
"C:/Users/EnekoMartinGomez/Desktop/Proyecto III/Casita/Casita/Saved/Config/WindowsEditor/GameUserSettings.ini" 785
"../../../Engine/Config/BaseScalability.ini" 786
"../../../Engine/Config/BaseRuntimeOptions.ini" 787
"../../../Engine/Config/BaseInstallBundle.ini" 788
"../../../Engine/Config/BaseHardware.ini" 789
"../../../Engine/Config/BaseCompat.ini" 790
"../../../Engine/Config/BaseLightmass.ini" 791
"../../../Engine/Config/BaseEditor.ini" 792
"../../../../../../Users/EnekoMartinGomez/Desktop/Proyecto III/Casita/Casita/Config/DefaultEditor.ini" 793
"C:/Users/EnekoMartinGomez/Desktop/Proyecto III/Casita/Casita/Saved/Config/WindowsEditor/Editor.ini" 794
"../../../Engine/Config/BaseMaterialExpressions.ini" 795
"../../../Engine/Config/BaseEditorPerProjectUserSettings.ini" 796
"../../../Engine/Config/Windows/WindowsEditorPerProjectUserSettings.ini" 797
"C:/Users/EnekoMartinGomez/Desktop/Proyecto III/Casita/Casita/Saved/Config/WindowsEditor/EditorPerProjectUserSettings.ini" 798
"../../../Engine/Config/BaseEditorSettings.ini" 799
"../../../Engine/Config/Windows/WindowsEditorSettings.ini" 800
"C:/Users/EnekoMartinGomez/AppData/Local/UnrealEngine/5.6/Saved/Config/WindowsEditor/EditorSettings.ini" 801
"../../../Engine/Config/BaseEditorKeyBindings.ini" 802
"C:/Users/EnekoMartinGomez/AppData/Local/UnrealEngine/5.6/Saved/Config/WindowsEditor/EditorLayout.ini" 803
"../../../../../../Users/EnekoMartinGomez/Desktop/Proyecto III/Casita/Casita/Binaries/Win64/Casita-Win64-Shipping.target" 804
"../../../Engine/Config/Android/BaseAndroidEngine.ini" 805
"../../../Engine/Config/Android/AndroidEngine.ini" 806
"../../../Engine/Config/IOS/BaseIOSEngine.ini" 807
"../../../Engine/Config/Mac/BaseMacEngine.ini" 808
"../../../Engine/Config/Linux/BaseLinuxEngine.ini" 809
"../../../Engine/Config/TVOS/TVOSEngine.ini" 810
"../../../Engine/Platforms/VisionOS/Config/BaseVisionOSEngine.ini" 811
"../../../Engine/Config/Android/BaseAndroidGame.ini" 812
"../../../Engine/Config/Unix/UnixEngine.ini" 813
"../../../Engine/Config/Linux/LinuxEngine.ini" 814
"../../../Engine/Platforms/VisionOS/Config/VisionOSEngine.ini" 815
"../../../Engine/Config/IOS/BaseIOSGame.ini" 816
"../../../../../../Users/EnekoMartinGomez/Desktop/Proyecto III/Casita/Casita/Binaries/Win64/CasitaEditor.target" 817
"../../../Engine/Config/IOS/IOSGame.ini" 818
"../../../Engine/Config/Mac/MacGame.ini" 819
"../../../Engine/Config/Linux/LinuxGame.ini" 820
"../../../Engine/Config/IOS/BaseIOSInput.ini" 821
"../../../Engine/Config/Android/BaseAndroidInput.ini" 822
"../../../Engine/Config/Mac/BaseMacInput.ini" 823
"../../../Engine/Config/IOS/IOSScalability.ini" 824
"../../../Engine/Config/Android/AndroidScalability.ini" 825
"../../../Engine/Config/Android/BaseAndroidInstallBundle.ini" 826
"../../../Engine/Config/IOS/BaseIOSInstallBundle.ini" 827
"../../../Engine/Config/PluginBase.ini" 828
"../../../Engine/Plugins/ChaosVD/Config/DefaultChaosVD.ini" 829
"../../../Engine/Plugins/EnhancedInput/Config/BaseEnhancedInput.ini" 830
"../../../Engine/Plugins/Fab/Config/BaseFab.ini" 831
"../../../Engine/Plugins/TraceUtilities/Config/BaseTraceUtilities.ini" 832
"../../../Engine/Plugins/MetaHuman/MetaHumanSDK/Config/BaseMetaHumanSDK.ini" 833
"../../../Engine/Plugins/Runtime/HairStrands/Config/BaseHairStrands.ini" 834
"../../../Engine/Plugins/Runtime/Metasound/Config/BaseMetasound.ini" 835
"../../../Engine/Plugins/Runtime/Metasound/Config/DefaultMetasound.ini" 836
"../../../Engine/Plugins/Runtime/PropertyBindingUtils/Config/BasePropertyBindingUtils.ini" 837
"../../../Engine/Plugins/Runtime/RigVM/Config/BaseRigVM.ini" 838
"../../../Engine/Plugins/Runtime/StateTree/Config/BaseStateTree.ini" 839
"../../../Engine/Plugins/Runtime/Synthesis/Config/BaseSynthesis.ini" 840
"../../../Engine/Plugins/Runtime/USDCore/Config/BaseUSDCore.ini" 841
"../../../Engine/Plugins/2D/Paper2D/Config/BasePaper2D.ini" 842
"../../../Engine/Plugins/Animation/ControlRig/Config/BaseControlRig.ini" 843
"../../../Engine/Plugins/Animation/DeformerGraph/Config/BaseDeformerGraph.ini" 844
"../../../Engine/Plugins/Animation/IKRig/Config/BaseIKRig.ini" 845
"../../../Engine/Plugins/Animation/LiveLink/Config/BaseLiveLink.ini" 846
"../../../Engine/Plugins/Cameras/GameplayCameras/Config/BaseGameplayCameras.ini" 847
"../../../Engine/Plugins/Editor/EditorScriptingUtilities/Config/BaseEditorScriptingUtilities.ini" 848
"../../../Engine/Plugins/Enterprise/DatasmithContent/Config/BaseDatasmithContent.ini" 849
"../../../Engine/Plugins/Enterprise/GLTFExporter/Config/BaseGLTFExporter.ini" 850
"../../../Engine/Plugins/Enterprise/GLTFExporter/Config/DefaultGLTFExporter.ini" 851
"../../../Engine/Plugins/Enterprise/VariantManagerContent/Config/BaseVariantManagerContent.ini" 852
"../../../Engine/Plugins/Experimental/FullBodyIK/Config/BaseFullBodyIK.ini" 853
"../../../Engine/Plugins/Experimental/ToolPresets/Config/BaseToolPresets.ini" 854
"../../../Engine/Plugins/FX/Niagara/Config/BaseNiagara.ini" 855
"C:/Users/EnekoMartinGomez/Desktop/Proyecto III/Casita/Casita/Saved/Config/WindowsEditor/Niagara.ini" 856
"../../../Engine/Plugins/Interchange/Assets/Config/BaseInterchangeAssets.ini" 857
"../../../Engine/Plugins/Interchange/Runtime/Config/BaseInterchange.ini" 858
"../../../Engine/Plugins/VirtualProduction/CameraCalibrationCore/Config/BaseCameraCalibrationCore.ini" 859
"../../../Engine/Plugins/VirtualProduction/Takes/Config/BaseTakes.ini" 860
"../../../Engine/Plugins/Experimental/Compositing/CompositeCore/Config/BaseCompositeCore.ini" 861
"../../../Engine/Plugins/Developer/Concert/ConcertSync/ConcertSyncCore/Config/BaseConcertSyncCore.ini" 862
"../../../Engine/Plugins/ChaosVD/Config/Engine.ini" 863
"../../../Engine/Plugins/EnhancedInput/Config/Input.ini" 864
"../../../Engine/Plugins/Runtime/InputDebugging/Config/Input.ini" 865
"../../../Engine/Plugins/Runtime/Windows/XInputDevice/Config/Input.ini" 866
"../../../Engine/Plugins/Runtime/RigVM/Config/Editor.ini" 867
"../../../Engine/Plugins/Online/OnlineSubsystemUtils/Config/Editor.ini" 868
"../../../Engine/Plugins/NNE/NNEDenoiser/Config/Game.ini" 869
"../../../Engine/Plugins/Editor/ModelingToolsEditorMode/Binaries/Win64/UnrealEditor.modules" 870
"../../../Engine/Plugins/Runtime/MeshModelingToolset/Binaries/Win64/UnrealEditor.modules" 871
"../../../Engine/Plugins/Experimental/MeshModelingToolsetExp/Binaries/Win64/UnrealEditor.modules" 872
"../../../Engine/Plugins/Editor/MeshLODToolset/Binaries/Win64/UnrealEditor.modules" 873
"../../../Engine/Plugins/Experimental/ToolPresets/Binaries/Win64/UnrealEditor.modules" 874
"../../../Engine/Plugins/Editor/StylusInput/Binaries/Win64/UnrealEditor.modules" 875
"../../../Engine/Plugins/Runtime/GeometryProcessing/Binaries/Win64/UnrealEditor.modules" 876
"../../../Engine/Plugins/Editor/ProxyLODPlugin/Binaries/Win64/UnrealEditor.modules" 877
"../../../Engine/Plugins/Experimental/PlanarCutPlugin/Binaries/Win64/UnrealEditor.modules" 878
"../../../Engine/Plugins/Runtime/GeometryCache/Binaries/Win64/UnrealEditor.modules" 879
"../../../Engine/Plugins/Experimental/GeometryFlow/Binaries/Win64/UnrealEditor.modules" 880
"../../../Engine/Plugins/Editor/EditorScriptingUtilities/Binaries/Win64/UnrealEditor.modules" 881
"../../../Engine/Plugins/FX/Niagara/Binaries/Win64/UnrealEditor.modules" 882
"../../../Engine/Plugins/Experimental/PythonScriptPlugin/Binaries/Win64/UnrealEditor.modules" 883
"../../../Engine/Plugins/Editor/ContentBrowser/ContentBrowserFileDataSource/Binaries/Win64/UnrealEditor.modules" 884
"../../../Engine/Plugins/ChaosCloth/Binaries/Win64/UnrealEditor.modules" 885
"../../../Engine/Plugins/Experimental/ChaosCaching/Binaries/Win64/UnrealEditor.modules" 886
"../../../Engine/Plugins/VirtualProduction/Takes/Binaries/Win64/UnrealEditor.modules" 887
"../../../Engine/Plugins/Runtime/AudioCapture/Binaries/Win64/UnrealEditor.modules" 888
"../../../Engine/Plugins/MovieScene/LevelSequenceEditor/Binaries/Win64/UnrealEditor.modules" 889
"../../../Engine/Plugins/Developer/NamingTokens/Binaries/Win64/UnrealEditor.modules" 890
"../../../Engine/Plugins/MovieScene/SequencerScripting/Binaries/Win64/UnrealEditor.modules" 891
"../../../Engine/Plugins/Editor/EngineAssetDefinitions/Binaries/Win64/UnrealEditor.modules" 892
"../../../Engine/Plugins/ChaosInsights/Binaries/Win64/UnrealEditor.modules" 893
"../../../Engine/Plugins/ChaosVD/Binaries/Win64/UnrealEditor.modules" 894
"../../../Engine/Plugins/Experimental/EditorDataStorage/Binaries/Win64/UnrealEditor.modules" 895
"../../../Engine/Plugins/Experimental/EditorDataStorageFeatures/Binaries/Win64/UnrealEditor.modules" 896
"../../../Engine/Plugins/CmdLinkServer/Binaries/Win64/UnrealEditor.modules" 897
"../../../Engine/Plugins/EnhancedInput/Binaries/Win64/UnrealEditor.modules" 898
"../../../Engine/Plugins/Editor/DataValidation/Binaries/Win64/UnrealEditor.modules" 899
"../../../Engine/Plugins/FastBuildController/Binaries/Win64/UnrealEditor.modules" 900
"../../../Engine/Plugins/Fab/Binaries/Win64/UnrealEditor.modules" 901
"../../../Engine/Plugins/Interchange/Runtime/Binaries/Win64/UnrealEditor.modules" 902
"../../../Engine/Plugins/Online/EOSShared/Binaries/Win64/UnrealEditor.modules" 903
"../../../Engine/Plugins/Enterprise/VariantManagerContent/Binaries/Win64/UnrealEditor.modules" 904
"../../../Engine/Plugins/Enterprise/VariantManager/Binaries/Win64/UnrealEditor.modules" 905
"../../../Engine/Plugins/Interchange/Assets/Binaries/Win64/UnrealEditor.modules" 906
"../../../Engine/Plugins/IoStoreInsights/Binaries/Win64/UnrealEditor.modules" 907
"../../../Engine/Plugins/MassInsights/Binaries/Win64/UnrealEditor.modules" 908
"../../../Engine/Plugins/MeshPainting/Binaries/Win64/UnrealEditor.modules" 909
"../../../Engine/Plugins/Interchange/Editor/Binaries/Win64/UnrealEditor.modules" 910
"../../../Engine/Plugins/RenderGraphInsights/Binaries/Win64/UnrealEditor.modules" 911
"../../../Engine/Plugins/TraceUtilities/Binaries/Win64/UnrealEditor.modules" 912
"../../../Engine/Plugins/UbaController/Binaries/Win64/UnrealEditor.modules" 913
"../../../Engine/Plugins/WorldMetrics/Binaries/Win64/UnrealEditor.modules" 914
"../../../Engine/Plugins/XGEController/Binaries/Win64/UnrealEditor.modules" 915
"../../../Engine/Plugins/Importers/AlembicImporter/Binaries/Win64/UnrealEditor.modules" 916
"../../../Engine/Plugins/MetaHuman/MetaHumanSDK/Binaries/Win64/UnrealEditor.modules" 917
"../../../Engine/Plugins/Animation/ControlRig/Binaries/Win64/UnrealEditor.modules" 918
"../../../Engine/Plugins/Runtime/HairStrands/Binaries/Win64/UnrealEditor.modules" 919
"../../../Engine/Plugins/Animation/RigLogic/Binaries/Win64/UnrealEditor.modules" 920
"../../../Engine/Plugins/Runtime/RigVM/Binaries/Win64/UnrealEditor.modules" 921
"../../../Engine/Plugins/Runtime/PropertyAccess/Binaries/Win64/UnrealEditor.modules" 922
"../../../Engine/Plugins/Animation/TweeningUtils/Binaries/Win64/UnrealEditor.modules" 923
"../../../Engine/Plugins/Animation/DeformerGraph/Binaries/Win64/UnrealEditor.modules" 924
"../../../Engine/Plugins/Experimental/Dataflow/Binaries/Win64/UnrealEditor.modules" 925
"../../../Engine/Plugins/Runtime/ComputeFramework/Binaries/Win64/UnrealEditor.modules" 926
"../../../Engine/Plugins/Experimental/CharacterFXEditor/BaseCharacterFXEditor/Binaries/Win64/UnrealEditor.modules" 927
"../../../Engine/Plugins/Runtime/ProceduralMeshComponent/Binaries/Win64/UnrealEditor.modules" 928
"../../../Engine/Plugins/Portal/LauncherChunkInstaller/Binaries/Win64/UnrealEditor.modules" 929
"../../../Engine/Plugins/Runtime/ActorLayerUtilities/Binaries/Win64/UnrealEditor.modules" 930
"../../../Engine/Plugins/Runtime/AndroidDeviceProfileSelector/Binaries/Win64/UnrealEditor.modules" 931
"../../../Engine/Plugins/Runtime/AndroidFileServer/Binaries/Win64/UnrealEditor.modules" 932
"../../../Engine/Plugins/Runtime/AndroidPermission/Binaries/Win64/UnrealEditor.modules" 933
"../../../Engine/Plugins/Runtime/AppleImageUtils/Binaries/Win64/UnrealEditor.modules" 934
"../../../Engine/Plugins/Runtime/ArchVisCharacter/Binaries/Win64/UnrealEditor.modules" 935
"../../../Engine/Plugins/Runtime/AssetTags/Binaries/Win64/UnrealEditor.modules" 936
"../../../Engine/Plugins/Runtime/CableComponent/Binaries/Win64/UnrealEditor.modules" 937
"../../../Engine/Plugins/Runtime/ChunkDownloader/Binaries/Win64/UnrealEditor.modules" 938
"../../../Engine/Plugins/Runtime/CustomMeshComponent/Binaries/Win64/UnrealEditor.modules" 939
"../../../Engine/Plugins/Runtime/ExampleDeviceProfileSelector/Binaries/Win64/UnrealEditor.modules" 940
"../../../Engine/Plugins/Runtime/GooglePAD/Binaries/Win64/UnrealEditor.modules" 941
"../../../Engine/Plugins/Runtime/InputDebugging/Binaries/Win64/UnrealEditor.modules" 942
"../../../Engine/Plugins/Runtime/LocationServicesBPLibrary/Binaries/Win64/UnrealEditor.modules" 943
"../../../Engine/Plugins/Runtime/Metasound/Binaries/Win64/UnrealEditor.modules" 944
"../../../Engine/Plugins/Runtime/AudioWidgets/Binaries/Win64/UnrealEditor.modules" 945
"../../../Engine/Plugins/Runtime/AudioSynesthesia/Binaries/Win64/UnrealEditor.modules" 946
"../../../Engine/Plugins/Editor/ContentBrowser/ContentBrowserAssetDataSource/Binaries/Win64/UnrealEditor.modules" 947
"../../../Engine/Plugins/Runtime/WaveTable/Binaries/Win64/UnrealEditor.modules" 948
"../../../Engine/Plugins/Runtime/MobilePatchingUtils/Binaries/Win64/UnrealEditor.modules" 949
"../../../Engine/Plugins/Runtime/MsQuic/Binaries/Win64/UnrealEditor.modules" 950
"../../../Engine/Plugins/Runtime/ResonanceAudio/Binaries/Win64/UnrealEditor.modules" 951
"../../../Engine/Plugins/Runtime/SoundFields/Binaries/Win64/UnrealEditor.modules" 952
"../../../Engine/Plugins/Runtime/Synthesis/Binaries/Win64/UnrealEditor.modules" 953
"../../../Engine/Plugins/Runtime/WebMMoviePlayer/Binaries/Win64/UnrealEditor.modules" 954
"../../../Engine/Plugins/Media/WebMMedia/Binaries/Win64/UnrealEditor.modules" 955
"../../../Engine/Plugins/Runtime/WindowsDeviceProfileSelector/Binaries/Win64/UnrealEditor.modules" 956
"../../../Engine/Plugins/Runtime/WindowsMoviePlayer/Binaries/Win64/UnrealEditor.modules" 957
"../../../Engine/Plugins/2D/Paper2D/Binaries/Win64/UnrealEditor.modules" 958
"../../../Engine/Plugins/AI/EnvironmentQueryEditor/Binaries/Win64/UnrealEditor.modules" 959
"../../../Engine/Plugins/AI/AISupport/Binaries/Win64/UnrealEditor.modules" 960
"../../../Engine/Plugins/Animation/ACLPlugin/Binaries/Win64/UnrealEditor.modules" 961
"../../../Engine/Plugins/Animation/AnimationData/Binaries/Win64/UnrealEditor.modules" 962
"../../../Engine/Plugins/Animation/AnimationModifierLibrary/Binaries/Win64/UnrealEditor.modules" 963
"../../../Engine/Plugins/Animation/BlendSpaceMotionAnalysis/Binaries/Win64/UnrealEditor.modules" 964
"../../../Engine/Plugins/Animation/ControlRigSpline/Binaries/Win64/UnrealEditor.modules" 965
"../../../Engine/Plugins/Animation/IKRig/Binaries/Win64/UnrealEditor.modules" 966
"../../../Engine/Plugins/Experimental/FullBodyIK/Binaries/Win64/UnrealEditor.modules" 967
"../../../Engine/Plugins/Animation/SkeletalMeshModelingTools/Binaries/Win64/UnrealEditor.modules" 968
"../../../Engine/Plugins/Cameras/CameraShakePreviewer/Binaries/Win64/UnrealEditor.modules" 969
"../../../Engine/Plugins/Cameras/GameplayCameras/Binaries/Win64/UnrealEditor.modules" 970
"../../../Engine/Plugins/VirtualProduction/CameraCalibrationCore/Binaries/Win64/UnrealEditor.modules" 971
"../../../Engine/Plugins/Runtime/StateTree/Binaries/Win64/UnrealEditor.modules" 972
"../../../Engine/Plugins/MovieScene/TemplateSequence/Binaries/Win64/UnrealEditor.modules" 973
"../../../Engine/Plugins/Animation/GameplayInsights/Binaries/Win64/UnrealEditor.modules" 974
"../../../Engine/Plugins/Runtime/PropertyBindingUtils/Binaries/Win64/UnrealEditor.modules" 975
"../../../Engine/Plugins/Cameras/EngineCameras/Binaries/Win64/UnrealEditor.modules" 976
"../../../Engine/Plugins/Developer/AnimationSharing/Binaries/Win64/UnrealEditor.modules" 977
"../../../Engine/Plugins/Runtime/SignificanceManager/Binaries/Win64/UnrealEditor.modules" 978
"../../../Engine/Plugins/Compression/OodleNetwork/Binaries/Win64/UnrealEditor.modules" 979
"../../../Engine/Plugins/Developer/CLionSourceCodeAccess/Binaries/Win64/UnrealEditor.modules" 980
"../../../Engine/Plugins/Developer/DumpGPUServices/Binaries/Win64/UnrealEditor.modules" 981
"../../../Engine/Plugins/Developer/GitSourceControl/Binaries/Win64/UnrealEditor.modules" 982
"../../../Engine/Plugins/Developer/N10XSourceCodeAccess/Binaries/Win64/UnrealEditor.modules" 983
"../../../Engine/Plugins/Developer/PerforceSourceControl/Binaries/Win64/UnrealEditor.modules" 984
"../../../Engine/Plugins/Developer/PixWinPlugin/Binaries/Win64/UnrealEditor.modules" 985
"../../../Engine/Plugins/Developer/PlasticSourceControl/Binaries/Win64/UnrealEditor.modules" 986
"../../../Engine/Plugins/Developer/PluginUtils/Binaries/Win64/UnrealEditor.modules" 987
"../../../Engine/Plugins/Developer/ProjectLauncher/Binaries/Win64/UnrealEditor.modules" 988
"../../../Engine/Plugins/Developer/PropertyAccessNode/Binaries/Win64/UnrealEditor.modules" 989
"../../../Engine/Plugins/Developer/RenderDocPlugin/Binaries/Win64/UnrealEditor.modules" 990
"../../../Engine/Plugins/Developer/RiderSourceCodeAccess/Binaries/Win64/UnrealEditor.modules" 991
"../../../Engine/Plugins/Developer/SubversionSourceControl/Binaries/Win64/UnrealEditor.modules" 992
"../../../Engine/Plugins/Developer/TextureFormatOodle/Binaries/Win64/UnrealEditor.modules" 993
"../../../Engine/Plugins/Developer/VisualStudioCodeSourceCodeAccess/Binaries/Win64/UnrealEditor.modules" 994
"../../../Engine/Plugins/Developer/UObjectPlugin/Binaries/Win64/UnrealEditor.modules" 995
"../../../Engine/Plugins/Developer/VisualStudioSourceCodeAccess/Binaries/Win64/UnrealEditor.modules" 996
"../../../Engine/Plugins/Editor/AssetManagerEditor/Binaries/Win64/UnrealEditor.modules" 997
"../../../Engine/Plugins/Editor/BlueprintHeaderView/Binaries/Win64/UnrealEditor.modules" 998
"../../../Engine/Plugins/Editor/ChangelistReview/Binaries/Win64/UnrealEditor.modules" 999
"../../../Engine/Plugins/Editor/ColorGrading/Binaries/Win64/UnrealEditor.modules" 1000
"../../../Engine/Plugins/Editor/ObjectMixer/ObjectMixer/Binaries/Win64/UnrealEditor.modules" 1001
"../../../Engine/Plugins/Editor/CryptoKeys/Binaries/Win64/UnrealEditor.modules" 1002
"../../../Engine/Plugins/Editor/CurveEditorTools/Binaries/Win64/UnrealEditor.modules" 1003
"../../../Engine/Plugins/Editor/EditorDebugTools/Binaries/Win64/UnrealEditor.modules" 1004
"../../../Engine/Plugins/Editor/FacialAnimation/Binaries/Win64/UnrealEditor.modules" 1005
"../../../Engine/Plugins/Editor/GeometryMode/Binaries/Win64/UnrealEditor.modules" 1006
"../../../Engine/Plugins/Editor/GameplayTagsEditor/Binaries/Win64/UnrealEditor.modules" 1007
"../../../Engine/Plugins/Editor/MaterialAnalyzer/Binaries/Win64/UnrealEditor.modules" 1008
"../../../Engine/Plugins/Editor/MobileLauncherProfileWizard/Binaries/Win64/UnrealEditor.modules" 1009
"../../../Engine/Plugins/Editor/PluginBrowser/Binaries/Win64/UnrealEditor.modules" 1010
"../../../Engine/Plugins/Editor/SequencerAnimTools/Binaries/Win64/UnrealEditor.modules" 1011
"../../../Engine/Plugins/Editor/SpeedTreeImporter/Binaries/Win64/UnrealEditor.modules" 1012
"../../../Engine/Plugins/Editor/UMGWidgetPreview/Binaries/Win64/UnrealEditor.modules" 1013
"../../../Engine/Plugins/Editor/UVEditor/Binaries/Win64/UnrealEditor.modules" 1014
"../../../Engine/Plugins/Editor/WorldPartitionHLODUtilities/Binaries/Win64/UnrealEditor.modules" 1015
"../../../Engine/Plugins/Enterprise/DatasmithContent/Binaries/Win64/UnrealEditor.modules" 1016
"../../../Engine/Plugins/Enterprise/GLTFExporter/Binaries/Win64/UnrealEditor.modules" 1017
"../../../Engine/Plugins/Experimental/AdvancedRenamer/Binaries/Win64/UnrealEditor.modules" 1018
"../../../Engine/Plugins/Experimental/AutomationUtils/Binaries/Win64/UnrealEditor.modules" 1019
"../../../Engine/Plugins/Experimental/BackChannel/Binaries/Win64/UnrealEditor.modules" 1020
"../../../Engine/Plugins/Experimental/ChaosEditor/Binaries/Win64/UnrealEditor.modules" 1021
"../../../Engine/Plugins/Experimental/GeometryCollectionPlugin/Binaries/Win64/UnrealEditor.modules" 1022
"../../../Engine/Plugins/Experimental/Fracture/Binaries/Win64/UnrealEditor.modules" 1023
"../../../Engine/Plugins/Experimental/ChaosSolverPlugin/Binaries/Win64/UnrealEditor.modules" 1024
"../../../Engine/Plugins/Experimental/GeometryDataflow/Binaries/Win64/UnrealEditor.modules" 1025
"../../../Engine/Plugins/Experimental/ChaosNiagara/Binaries/Win64/UnrealEditor.modules" 1026
"../../../Engine/Plugins/Experimental/ChaosUserDataPT/Binaries/Win64/UnrealEditor.modules" 1027
"../../../Engine/Plugins/Experimental/CharacterAI/Binaries/Win64/UnrealEditor.modules" 1028
"../../../Engine/Plugins/Experimental/EditorPerformance/Binaries/Win64/UnrealEditor.modules" 1029
"../../../Engine/Plugins/Experimental/EditorTelemetry/Binaries/Win64/UnrealEditor.modules" 1030
"../../../Engine/Plugins/Experimental/LevelSequenceNavigatorBridge/Binaries/Win64/UnrealEditor.modules" 1031
"../../../Engine/Plugins/Experimental/SequenceNavigator/Binaries/Win64/UnrealEditor.modules" 1032
"../../../Engine/Plugins/Experimental/LocalizableMessage/Binaries/Win64/UnrealEditor.modules" 1033
"../../../Engine/Plugins/Experimental/NFORDenoise/Binaries/Win64/UnrealEditor.modules" 1034
"../../../Engine/Plugins/Experimental/PlatformCrypto/Binaries/Win64/UnrealEditor.modules" 1035
"../../../Engine/Plugins/Experimental/RuntimeTelemetry/Binaries/Win64/UnrealEditor.modules" 1036
"../../../Engine/Plugins/Experimental/SkeletalReduction/Binaries/Win64/UnrealEditor.modules" 1037
"../../../Engine/Plugins/FX/Cascade/Binaries/Win64/UnrealEditor.modules" 1038
"../../../Engine/Plugins/FX/NiagaraSimCaching/Binaries/Win64/UnrealEditor.modules" 1039
"../../../Engine/Plugins/Marketplace/FabLauncher/Binaries/Win64/UnrealEditor.modules" 1040
"../../../Engine/Plugins/Importers/USDImporter/Binaries/Win64/UnrealEditor.modules" 1041
"../../../Engine/Plugins/Runtime/USDCore/Binaries/Win64/UnrealEditor.modules" 1042
"../../../Engine/Plugins/Runtime/Analytics/AnalyticsBlueprintLibrary/Binaries/Win64/UnrealEditor.modules" 1043
"../../../Engine/Plugins/Animation/LiveLink/Binaries/Win64/UnrealEditor.modules" 1044
"../../../Engine/Plugins/Developer/Concert/ConcertSync/ConcertSyncClient/Binaries/Win64/UnrealEditor.modules" 1045
"../../../Engine/Plugins/Developer/Concert/ConcertSync/ConcertSyncCore/Binaries/Win64/UnrealEditor.modules" 1046
"../../../Engine/Plugins/Developer/Concert/ConcertMain/Binaries/Win64/UnrealEditor.modules" 1047
"../../../Engine/Plugins/Runtime/Database/SQLiteCore/Binaries/Win64/UnrealEditor.modules" 1048
"../../../Engine/Plugins/Media/AndroidMedia/Binaries/Win64/UnrealEditor.modules" 1049
"../../../Engine/Plugins/Media/AvfMedia/Binaries/Win64/UnrealEditor.modules" 1050
"../../../Engine/Plugins/Media/ImgMedia/Binaries/Win64/UnrealEditor.modules" 1051
"../../../Engine/Plugins/Media/MediaPlayerEditor/Binaries/Win64/UnrealEditor.modules" 1052
"../../../Engine/Plugins/Media/MediaCompositing/Binaries/Win64/UnrealEditor.modules" 1053
"../../../Engine/Plugins/Media/MediaPlate/Binaries/Win64/UnrealEditor.modules" 1054
"../../../Engine/Plugins/Experimental/Compositing/CompositeCore/Binaries/Win64/UnrealEditor.modules" 1055
"../../../Engine/Plugins/Media/WmfMedia/Binaries/Win64/UnrealEditor.modules" 1056
"../../../Engine/Plugins/Messaging/TcpMessaging/Binaries/Win64/UnrealEditor.modules" 1057
"../../../Engine/Plugins/Messaging/UdpMessaging/Binaries/Win64/UnrealEditor.modules" 1058
"../../../Engine/Plugins/MovieScene/ActorSequence/Binaries/Win64/UnrealEditor.modules" 1059
"../../../Engine/Plugins/NNE/NNEDenoiser/Binaries/Win64/UnrealEditor.modules" 1060
"../../../Engine/Plugins/NNE/NNERuntimeORT/Binaries/Win64/UnrealEditor.modules" 1061
"../../../Engine/Plugins/Online/OnlineBase/Binaries/Win64/UnrealEditor.modules" 1062
"../../../Engine/Plugins/Online/OnlineSubsystem/Binaries/Win64/UnrealEditor.modules" 1063
"../../../Engine/Plugins/Online/OnlineSubsystemUtils/Binaries/Win64/UnrealEditor.modules" 1064
"../../../Engine/Plugins/Online/OnlineServices/Binaries/Win64/UnrealEditor.modules" 1065
"../../../Engine/Plugins/Online/OnlineSubsystemNull/Binaries/Win64/UnrealEditor.modules" 1066
"../../../Engine/Plugins/Tests/InterchangeTests/Binaries/Win64/UnrealEditor.modules" 1067
"../../../Engine/Plugins/Editor/ContentBrowser/ContentBrowserClassDataSource/Binaries/Win64/UnrealEditor.modules" 1068
"../../../Engine/Plugins/Editor/ObjectMixer/LightMixer/Binaries/Win64/UnrealEditor.modules" 1069
"../../../Engine/Plugins/Runtime/Windows/XInputDevice/Binaries/Win64/UnrealEditor.modules" 1070
"../../../Engine/Plugins/Editor/Localization/PortableObjectFileDataSource/Binaries/Win64/UnrealEditor.modules" 1071
"../../../Engine/Config/BaseSourceControlSettings.ini" 1072
"../../../Engine/Content/Internationalization/icudt64l/coll/ucadata.icu" 1073
"../../../Engine/Content/Internationalization/icudt64l/coll/es.res" 1074
"../../../Engine/Content/Internationalization/icudt64l/coll/root.res" 1075
"../../../Engine/Content/Certificates/ThirdParty/cacert.pem" 1076
"../../../Engine/Config/ConsoleVariables.ini" 1077
"../../../Engine/Binaries/Win64/Android/UnrealEditor.modules" 1078
"../../../Engine/Binaries/Win64/IOS/UnrealEditor.modules" 1079
"../../../Engine/Binaries/Win64/Linux/UnrealEditor.modules" 1080
"../../../Engine/Content/Localization/Editor/en/Editor.locres" 1081
"../../../Engine/Content/Localization/EditorTutorials/en/EditorTutorials.locres" 1082
"../../../Engine/Content/Localization/Keywords/en/Keywords.locres" 1083
"../../../Engine/Content/Localization/Category/en/Category.locres" 1084
"../../../Engine/Content/Localization/ToolTips/en/ToolTips.locres" 1085
"../../../Engine/Content/Localization/PropertyNames/en/PropertyNames.locres" 1086
"../../../Engine/Content/Localization/Engine/en/Engine.locres" 1087
"../../../Engine/Plugins/MetaHuman/MetaHumanSDK/Content/Localization/MetaHumanSDK/en/MetaHumanSDK.locres" 1088
"../../../Engine/Plugins/Online/OnlineSubsystem/Content/Localization/OnlineSubsystem/en/OnlineSubsystem.locres" 1089
"../../../Engine/Plugins/Online/OnlineSubsystemUtils/Content/Localization/OnlineSubsystemUtils/en/OnlineSubsystemUtils.locres" 1090
"../../../Engine/Plugins/Online/IOS/OnlineSubsystemIOS/Content/Localization/OnlineSubsystemIOS/en/OnlineSubsystemIOS.locres" 1091
"../../../Engine/Plugins/Online/Android/OnlineSubsystemGooglePlay/Content/Localization/OnlineSubsystemGooglePlay/en/OnlineSubsystemGooglePlay.locres" 1092
"../../../Engine/Content/Internationalization/icudt64l/numberingSystems.res" 1093
"../../../Engine/Content/Internationalization/icudt64l/curr/supplementalData.res" 1094
"../../../Engine/Content/Internationalization/icudt64l/curr/es.res" 1095
"../../../Engine/Content/Internationalization/icudt64l/curr/pool.res" 1096
"../../../Engine/Content/Internationalization/icudt64l/curr/root.res" 1097
"../../../Engine/Content/Internationalization/icudt64l/lang/af.res" 1098
"../../../Engine/Content/Internationalization/icudt64l/region/af.res" 1099
"../../../Engine/Content/Internationalization/icudt64l/lang/agq.res" 1100
"../../../Engine/Content/Internationalization/icudt64l/region/agq.res" 1101
"../../../Engine/Content/Internationalization/icudt64l/lang/ak.res" 1102
"../../../Engine/Content/Internationalization/icudt64l/region/ak.res" 1103
"../../../Engine/Content/Internationalization/icudt64l/lang/am.res" 1104
"../../../Engine/Content/Internationalization/icudt64l/region/am.res" 1105
"../../../Engine/Content/Internationalization/icudt64l/lang/ar.res" 1106
"../../../Engine/Content/Internationalization/icudt64l/region/ar.res" 1107
"../../../Engine/Content/Internationalization/icudt64l/region/ar_AE.res" 1108
"../../../Engine/Content/Internationalization/icudt64l/lang/ar_EG.res" 1109
"../../../Engine/Content/Internationalization/icudt64l/lang/ar_LY.res" 1110
"../../../Engine/Content/Internationalization/icudt64l/region/ar_LY.res" 1111
"../../../Engine/Content/Internationalization/icudt64l/lang/ar_SA.res" 1112
"../../../Engine/Content/Internationalization/icudt64l/region/ar_SA.res" 1113
"../../../Engine/Content/Internationalization/icudt64l/lang/as.res" 1114
"../../../Engine/Content/Internationalization/icudt64l/region/as.res" 1115
"../../../Engine/Content/Internationalization/icudt64l/lang/asa.res" 1116
"../../../Engine/Content/Internationalization/icudt64l/region/asa.res" 1117
"../../../Engine/Content/Internationalization/icudt64l/lang/ast.res" 1118
"../../../Engine/Content/Internationalization/icudt64l/region/ast.res" 1119
"../../../Engine/Content/Internationalization/icudt64l/lang/az.res" 1120
"../../../Engine/Content/Internationalization/icudt64l/lang/az_Cyrl.res" 1121
"../../../Engine/Content/Internationalization/icudt64l/lang/az_AZ.res" 1122
"../../../Engine/Content/Internationalization/icudt64l/lang/az_Latn_AZ.res" 1123
"../../../Engine/Content/Internationalization/icudt64l/lang/az_Latn.res" 1124
"../../../Engine/Content/Internationalization/icudt64l/region/az_AZ.res" 1125
"../../../Engine/Content/Internationalization/icudt64l/region/az_Latn_AZ.res" 1126
"../../../Engine/Content/Internationalization/icudt64l/region/az_Latn.res" 1127
"../../../Engine/Content/Internationalization/icudt64l/region/az.res" 1128
"../../../Engine/Content/Internationalization/icudt64l/region/az_Cyrl.res" 1129
"../../../Engine/Content/Internationalization/icudt64l/lang/bas.res" 1130
"../../../Engine/Content/Internationalization/icudt64l/region/bas.res" 1131
"../../../Engine/Content/Internationalization/icudt64l/lang/be.res" 1132
"../../../Engine/Content/Internationalization/icudt64l/region/be.res" 1133
"../../../Engine/Content/Internationalization/icudt64l/lang/bem.res" 1134
"../../../Engine/Content/Internationalization/icudt64l/region/bem.res" 1135
"../../../Engine/Content/Internationalization/icudt64l/lang/bez.res" 1136
"../../../Engine/Content/Internationalization/icudt64l/region/bez.res" 1137
"../../../Engine/Content/Internationalization/icudt64l/lang/bg.res" 1138
"../../../Engine/Content/Internationalization/icudt64l/region/bg.res" 1139
"../../../Engine/Content/Internationalization/icudt64l/lang/bm.res" 1140
"../../../Engine/Content/Internationalization/icudt64l/region/bm.res" 1141
"../../../Engine/Content/Internationalization/icudt64l/lang/bn.res" 1142
"../../../Engine/Content/Internationalization/icudt64l/region/bn.res" 1143
"../../../Engine/Content/Internationalization/icudt64l/lang/bn_IN.res" 1144
"../../../Engine/Content/Internationalization/icudt64l/region/bn_IN.res" 1145
"../../../Engine/Content/Internationalization/icudt64l/lang/bo.res" 1146
"../../../Engine/Content/Internationalization/icudt64l/region/bo.res" 1147
"../../../Engine/Content/Internationalization/icudt64l/region/bo_IN.res" 1148
"../../../Engine/Content/Internationalization/icudt64l/lang/br.res" 1149
"../../../Engine/Content/Internationalization/icudt64l/region/br.res" 1150
"../../../Engine/Content/Internationalization/icudt64l/lang/brx.res" 1151
"../../../Engine/Content/Internationalization/icudt64l/region/brx.res" 1152
"../../../Engine/Content/Internationalization/icudt64l/lang/bs.res" 1153
"../../../Engine/Content/Internationalization/icudt64l/lang/bs_Cyrl.res" 1154
"../../../Engine/Content/Internationalization/icudt64l/lang/bs_BA.res" 1155
"../../../Engine/Content/Internationalization/icudt64l/lang/bs_Latn_BA.res" 1156
"../../../Engine/Content/Internationalization/icudt64l/lang/bs_Latn.res" 1157
"../../../Engine/Content/Internationalization/icudt64l/region/bs_BA.res" 1158
"../../../Engine/Content/Internationalization/icudt64l/region/bs_Latn_BA.res" 1159
"../../../Engine/Content/Internationalization/icudt64l/region/bs_Latn.res" 1160
"../../../Engine/Content/Internationalization/icudt64l/region/bs.res" 1161
"../../../Engine/Content/Internationalization/icudt64l/region/bs_Cyrl.res" 1162
"../../../Engine/Content/Internationalization/icudt64l/lang/ca.res" 1163
"../../../Engine/Content/Internationalization/icudt64l/region/ca.res" 1164
"../../../Engine/Content/Internationalization/icudt64l/lang/ccp.res" 1165
"../../../Engine/Content/Internationalization/icudt64l/region/ccp.res" 1166
"../../../Engine/Content/Internationalization/icudt64l/lang/ce.res" 1167
"../../../Engine/Content/Internationalization/icudt64l/region/ce.res" 1168
"../../../Engine/Content/Internationalization/icudt64l/lang/ceb.res" 1169
"../../../Engine/Content/Internationalization/icudt64l/region/ceb.res" 1170
"../../../Engine/Content/Internationalization/icudt64l/lang/cgg.res" 1171
"../../../Engine/Content/Internationalization/icudt64l/region/cgg.res" 1172
"../../../Engine/Content/Internationalization/icudt64l/lang/chr.res" 1173
"../../../Engine/Content/Internationalization/icudt64l/region/chr.res" 1174
"../../../Engine/Content/Internationalization/icudt64l/lang/ckb.res" 1175
"../../../Engine/Content/Internationalization/icudt64l/region/ckb.res" 1176
"../../../Engine/Content/Internationalization/icudt64l/lang/cs.res" 1177
"../../../Engine/Content/Internationalization/icudt64l/region/cs.res" 1178
"../../../Engine/Content/Internationalization/icudt64l/lang/cy.res" 1179
"../../../Engine/Content/Internationalization/icudt64l/region/cy.res" 1180
"../../../Engine/Content/Internationalization/icudt64l/lang/da.res" 1181
"../../../Engine/Content/Internationalization/icudt64l/region/da.res" 1182
"../../../Engine/Content/Internationalization/icudt64l/lang/dav.res" 1183
"../../../Engine/Content/Internationalization/icudt64l/region/dav.res" 1184
"../../../Engine/Content/Internationalization/icudt64l/lang/de.res" 1185
"../../../Engine/Content/Internationalization/icudt64l/lang/de_AT.res" 1186
"../../../Engine/Content/Internationalization/icudt64l/region/de_AT.res" 1187
"../../../Engine/Content/Internationalization/icudt64l/region/de.res" 1188
"../../../Engine/Content/Internationalization/icudt64l/lang/de_CH.res" 1189
"../../../Engine/Content/Internationalization/icudt64l/region/de_CH.res" 1190
"../../../Engine/Content/Internationalization/icudt64l/lang/de_LU.res" 1191
"../../../Engine/Content/Internationalization/icudt64l/lang/dje.res" 1192
"../../../Engine/Content/Internationalization/icudt64l/region/dje.res" 1193
"../../../Engine/Content/Internationalization/icudt64l/lang/dsb.res" 1194
"../../../Engine/Content/Internationalization/icudt64l/region/dsb.res" 1195
"../../../Engine/Content/Internationalization/icudt64l/lang/dua.res" 1196
"../../../Engine/Content/Internationalization/icudt64l/region/dua.res" 1197
"../../../Engine/Content/Internationalization/icudt64l/lang/dyo.res" 1198
"../../../Engine/Content/Internationalization/icudt64l/region/dyo.res" 1199
"../../../Engine/Content/Internationalization/icudt64l/lang/dz.res" 1200
"../../../Engine/Content/Internationalization/icudt64l/region/dz.res" 1201
"../../../Engine/Content/Internationalization/icudt64l/lang/ebu.res" 1202
"../../../Engine/Content/Internationalization/icudt64l/region/ebu.res" 1203
"../../../Engine/Content/Internationalization/icudt64l/lang/ee.res" 1204
"../../../Engine/Content/Internationalization/icudt64l/region/ee.res" 1205
"../../../Engine/Content/Internationalization/icudt64l/lang/el.res" 1206
"../../../Engine/Content/Internationalization/icudt64l/region/el.res" 1207
"../../../Engine/Content/Internationalization/icudt64l/lang/en_001.res" 1208
"../../../Engine/Content/Internationalization/icudt64l/lang/en_150.res" 1209
"../../../Engine/Content/Internationalization/icudt64l/region/en_150.res" 1210
"../../../Engine/Content/Internationalization/icudt64l/lang/en_AG.res" 1211
"../../../Engine/Content/Internationalization/icudt64l/region/en_AG.res" 1212
"../../../Engine/Content/Internationalization/icudt64l/lang/en_AI.res" 1213
"../../../Engine/Content/Internationalization/icudt64l/region/en_AI.res" 1214
"../../../Engine/Content/Internationalization/icudt64l/lang/en_AT.res" 1215
"../../../Engine/Content/Internationalization/icudt64l/region/en_AT.res" 1216
"../../../Engine/Content/Internationalization/icudt64l/lang/en_AU.res" 1217
"../../../Engine/Content/Internationalization/icudt64l/region/en_AU.res" 1218
"../../../Engine/Content/Internationalization/icudt64l/lang/en_BB.res" 1219
"../../../Engine/Content/Internationalization/icudt64l/region/en_BB.res" 1220
"../../../Engine/Content/Internationalization/icudt64l/lang/en_BE.res" 1221
"../../../Engine/Content/Internationalization/icudt64l/region/en_BE.res" 1222
"../../../Engine/Content/Internationalization/icudt64l/lang/en_BM.res" 1223
"../../../Engine/Content/Internationalization/icudt64l/region/en_BM.res" 1224
"../../../Engine/Content/Internationalization/icudt64l/lang/en_BS.res" 1225
"../../../Engine/Content/Internationalization/icudt64l/region/en_BS.res" 1226
"../../../Engine/Content/Internationalization/icudt64l/lang/en_BW.res" 1227
"../../../Engine/Content/Internationalization/icudt64l/region/en_BW.res" 1228
"../../../Engine/Content/Internationalization/icudt64l/lang/en_BZ.res" 1229
"../../../Engine/Content/Internationalization/icudt64l/region/en_BZ.res" 1230
"../../../Engine/Content/Internationalization/icudt64l/lang/en_CA.res" 1231
"../../../Engine/Content/Internationalization/icudt64l/region/en_CA.res" 1232
"../../../Engine/Content/Internationalization/icudt64l/lang/en_CC.res" 1233
"../../../Engine/Content/Internationalization/icudt64l/region/en_CC.res" 1234
"../../../Engine/Content/Internationalization/icudt64l/lang/en_CH.res" 1235
"../../../Engine/Content/Internationalization/icudt64l/region/en_CH.res" 1236
"../../../Engine/Content/Internationalization/icudt64l/lang/en_CK.res" 1237
"../../../Engine/Content/Internationalization/icudt64l/region/en_CK.res" 1238
"../../../Engine/Content/Internationalization/icudt64l/lang/en_CM.res" 1239
"../../../Engine/Content/Internationalization/icudt64l/region/en_CM.res" 1240
"../../../Engine/Content/Internationalization/icudt64l/lang/en_CX.res" 1241
"../../../Engine/Content/Internationalization/icudt64l/region/en_CX.res" 1242
"../../../Engine/Content/Internationalization/icudt64l/lang/en_CY.res" 1243
"../../../Engine/Content/Internationalization/icudt64l/region/en_CY.res" 1244
"../../../Engine/Content/Internationalization/icudt64l/lang/en_DE.res" 1245
"../../../Engine/Content/Internationalization/icudt64l/region/en_DE.res" 1246
"../../../Engine/Content/Internationalization/icudt64l/lang/en_DG.res" 1247
"../../../Engine/Content/Internationalization/icudt64l/region/en_DG.res" 1248
"../../../Engine/Content/Internationalization/icudt64l/lang/en_DK.res" 1249
"../../../Engine/Content/Internationalization/icudt64l/region/en_DK.res" 1250
"../../../Engine/Content/Internationalization/icudt64l/lang/en_DM.res" 1251
"../../../Engine/Content/Internationalization/icudt64l/region/en_DM.res" 1252
"../../../Engine/Content/Internationalization/icudt64l/lang/en_ER.res" 1253
"../../../Engine/Content/Internationalization/icudt64l/region/en_ER.res" 1254
"../../../Engine/Content/Internationalization/icudt64l/lang/en_FI.res" 1255
"../../../Engine/Content/Internationalization/icudt64l/region/en_FI.res" 1256
"../../../Engine/Content/Internationalization/icudt64l/lang/en_FJ.res" 1257
"../../../Engine/Content/Internationalization/icudt64l/region/en_FJ.res" 1258
"../../../Engine/Content/Internationalization/icudt64l/lang/en_FK.res" 1259
"../../../Engine/Content/Internationalization/icudt64l/region/en_FK.res" 1260
"../../../Engine/Content/Internationalization/icudt64l/lang/en_FM.res" 1261
"../../../Engine/Content/Internationalization/icudt64l/region/en_FM.res" 1262
"../../../Engine/Content/Internationalization/icudt64l/lang/en_GB.res" 1263
"../../../Engine/Content/Internationalization/icudt64l/region/en_GB.res" 1264
"../../../Engine/Content/Internationalization/icudt64l/lang/en_GD.res" 1265
"../../../Engine/Content/Internationalization/icudt64l/region/en_GD.res" 1266
"../../../Engine/Content/Internationalization/icudt64l/lang/en_GG.res" 1267
"../../../Engine/Content/Internationalization/icudt64l/region/en_GG.res" 1268
"../../../Engine/Content/Internationalization/icudt64l/lang/en_GH.res" 1269
"../../../Engine/Content/Internationalization/icudt64l/region/en_GH.res" 1270
"../../../Engine/Content/Internationalization/icudt64l/lang/en_GI.res" 1271
"../../../Engine/Content/Internationalization/icudt64l/region/en_GI.res" 1272
"../../../Engine/Content/Internationalization/icudt64l/lang/en_GM.res" 1273
"../../../Engine/Content/Internationalization/icudt64l/region/en_GM.res" 1274
"../../../Engine/Content/Internationalization/icudt64l/lang/en_GY.res" 1275
"../../../Engine/Content/Internationalization/icudt64l/region/en_GY.res" 1276
"../../../Engine/Content/Internationalization/icudt64l/lang/en_HK.res" 1277
"../../../Engine/Content/Internationalization/icudt64l/region/en_HK.res" 1278
"../../../Engine/Content/Internationalization/icudt64l/lang/en_IE.res" 1279
"../../../Engine/Content/Internationalization/icudt64l/region/en_IE.res" 1280
"../../../Engine/Content/Internationalization/icudt64l/lang/en_IL.res" 1281
"../../../Engine/Content/Internationalization/icudt64l/region/en_IL.res" 1282
"../../../Engine/Content/Internationalization/icudt64l/lang/en_IM.res" 1283
"../../../Engine/Content/Internationalization/icudt64l/region/en_IM.res" 1284
"../../../Engine/Content/Internationalization/icudt64l/lang/en_IN.res" 1285
"../../../Engine/Content/Internationalization/icudt64l/region/en_IN.res" 1286
"../../../Engine/Content/Internationalization/icudt64l/lang/en_IO.res" 1287
"../../../Engine/Content/Internationalization/icudt64l/region/en_IO.res" 1288
"../../../Engine/Content/Internationalization/icudt64l/lang/en_JE.res" 1289
"../../../Engine/Content/Internationalization/icudt64l/region/en_JE.res" 1290
"../../../Engine/Content/Internationalization/icudt64l/lang/en_JM.res" 1291
"../../../Engine/Content/Internationalization/icudt64l/region/en_JM.res" 1292
"../../../Engine/Content/Internationalization/icudt64l/lang/en_KE.res" 1293
"../../../Engine/Content/Internationalization/icudt64l/region/en_KE.res" 1294
"../../../Engine/Content/Internationalization/icudt64l/lang/en_KI.res" 1295
"../../../Engine/Content/Internationalization/icudt64l/region/en_KI.res" 1296
"../../../Engine/Content/Internationalization/icudt64l/lang/en_KN.res" 1297
"../../../Engine/Content/Internationalization/icudt64l/region/en_KN.res" 1298
"../../../Engine/Content/Internationalization/icudt64l/lang/en_KY.res" 1299
"../../../Engine/Content/Internationalization/icudt64l/region/en_KY.res" 1300
"../../../Engine/Content/Internationalization/icudt64l/lang/en_LC.res" 1301
"../../../Engine/Content/Internationalization/icudt64l/region/en_LC.res" 1302
"../../../Engine/Content/Internationalization/icudt64l/lang/en_LR.res" 1303
"../../../Engine/Content/Internationalization/icudt64l/region/en_LR.res" 1304
"../../../Engine/Content/Internationalization/icudt64l/lang/en_LS.res" 1305
"../../../Engine/Content/Internationalization/icudt64l/region/en_LS.res" 1306
"../../../Engine/Content/Internationalization/icudt64l/lang/en_MG.res" 1307
"../../../Engine/Content/Internationalization/icudt64l/region/en_MG.res" 1308
"../../../Engine/Content/Internationalization/icudt64l/lang/en_MO.res" 1309
"../../../Engine/Content/Internationalization/icudt64l/region/en_MO.res" 1310
"../../../Engine/Content/Internationalization/icudt64l/lang/en_MS.res" 1311
"../../../Engine/Content/Internationalization/icudt64l/region/en_MS.res" 1312
"../../../Engine/Content/Internationalization/icudt64l/lang/en_MT.res" 1313
"../../../Engine/Content/Internationalization/icudt64l/region/en_MT.res" 1314
"../../../Engine/Content/Internationalization/icudt64l/lang/en_MU.res" 1315
"../../../Engine/Content/Internationalization/icudt64l/region/en_MU.res" 1316
"../../../Engine/Content/Internationalization/icudt64l/lang/en_MW.res" 1317
"../../../Engine/Content/Internationalization/icudt64l/region/en_MW.res" 1318
"../../../Engine/Content/Internationalization/icudt64l/lang/en_MY.res" 1319
"../../../Engine/Content/Internationalization/icudt64l/region/en_MY.res" 1320
"../../../Engine/Content/Internationalization/icudt64l/lang/en_NA.res" 1321
"../../../Engine/Content/Internationalization/icudt64l/region/en_NA.res" 1322
"../../../Engine/Content/Internationalization/icudt64l/lang/en_NF.res" 1323
"../../../Engine/Content/Internationalization/icudt64l/region/en_NF.res" 1324
"../../../Engine/Content/Internationalization/icudt64l/lang/en_NG.res" 1325
"../../../Engine/Content/Internationalization/icudt64l/region/en_NG.res" 1326
"../../../Engine/Content/Internationalization/icudt64l/lang/en_NL.res" 1327
"../../../Engine/Content/Internationalization/icudt64l/region/en_NL.res" 1328
"../../../Engine/Content/Internationalization/icudt64l/lang/en_NR.res" 1329
"../../../Engine/Content/Internationalization/icudt64l/region/en_NR.res" 1330
"../../../Engine/Content/Internationalization/icudt64l/lang/en_NU.res" 1331
"../../../Engine/Content/Internationalization/icudt64l/region/en_NU.res" 1332
"../../../Engine/Content/Internationalization/icudt64l/lang/en_NZ.res" 1333
"../../../Engine/Content/Internationalization/icudt64l/region/en_NZ.res" 1334
"../../../Engine/Content/Internationalization/icudt64l/lang/en_PG.res" 1335
"../../../Engine/Content/Internationalization/icudt64l/region/en_PG.res" 1336
"../../../Engine/Content/Internationalization/icudt64l/lang/en_PH.res" 1337
"../../../Engine/Content/Internationalization/icudt64l/region/en_PH.res" 1338
"../../../Engine/Content/Internationalization/icudt64l/lang/en_PK.res" 1339
"../../../Engine/Content/Internationalization/icudt64l/region/en_PK.res" 1340
"../../../Engine/Content/Internationalization/icudt64l/lang/en_PN.res" 1341
"../../../Engine/Content/Internationalization/icudt64l/region/en_PN.res" 1342
"../../../Engine/Content/Internationalization/icudt64l/lang/en_PW.res" 1343
"../../../Engine/Content/Internationalization/icudt64l/region/en_PW.res" 1344
"../../../Engine/Content/Internationalization/icudt64l/lang/en_RW.res" 1345
"../../../Engine/Content/Internationalization/icudt64l/region/en_RW.res" 1346
"../../../Engine/Content/Internationalization/icudt64l/lang/en_SB.res" 1347
"../../../Engine/Content/Internationalization/icudt64l/region/en_SB.res" 1348
"../../../Engine/Content/Internationalization/icudt64l/lang/en_SC.res" 1349
"../../../Engine/Content/Internationalization/icudt64l/region/en_SC.res" 1350
"../../../Engine/Content/Internationalization/icudt64l/lang/en_SD.res" 1351
"../../../Engine/Content/Internationalization/icudt64l/region/en_SD.res" 1352
"../../../Engine/Content/Internationalization/icudt64l/lang/en_SE.res" 1353
"../../../Engine/Content/Internationalization/icudt64l/region/en_SE.res" 1354
"../../../Engine/Content/Internationalization/icudt64l/lang/en_SG.res" 1355
"../../../Engine/Content/Internationalization/icudt64l/region/en_SG.res" 1356
"../../../Engine/Content/Internationalization/icudt64l/lang/en_SH.res" 1357
"../../../Engine/Content/Internationalization/icudt64l/region/en_SH.res" 1358
"../../../Engine/Content/Internationalization/icudt64l/lang/en_SI.res" 1359
"../../../Engine/Content/Internationalization/icudt64l/region/en_SI.res" 1360
"../../../Engine/Content/Internationalization/icudt64l/lang/en_SL.res" 1361
"../../../Engine/Content/Internationalization/icudt64l/region/en_SL.res" 1362
"../../../Engine/Content/Internationalization/icudt64l/lang/en_SS.res" 1363
"../../../Engine/Content/Internationalization/icudt64l/region/en_SS.res" 1364
"../../../Engine/Content/Internationalization/icudt64l/lang/en_SX.res" 1365
"../../../Engine/Content/Internationalization/icudt64l/region/en_SX.res" 1366
"../../../Engine/Content/Internationalization/icudt64l/lang/en_SZ.res" 1367
"../../../Engine/Content/Internationalization/icudt64l/region/en_SZ.res" 1368
"../../../Engine/Content/Internationalization/icudt64l/lang/en_TC.res" 1369
"../../../Engine/Content/Internationalization/icudt64l/region/en_TC.res" 1370
"../../../Engine/Content/Internationalization/icudt64l/lang/en_TK.res" 1371
"../../../Engine/Content/Internationalization/icudt64l/region/en_TK.res" 1372
"../../../Engine/Content/Internationalization/icudt64l/lang/en_TO.res" 1373
"../../../Engine/Content/Internationalization/icudt64l/region/en_TO.res" 1374
"../../../Engine/Content/Internationalization/icudt64l/lang/en_TT.res" 1375
"../../../Engine/Content/Internationalization/icudt64l/region/en_TT.res" 1376
"../../../Engine/Content/Internationalization/icudt64l/lang/en_TV.res" 1377
"../../../Engine/Content/Internationalization/icudt64l/region/en_TV.res" 1378
"../../../Engine/Content/Internationalization/icudt64l/lang/en_TZ.res" 1379
"../../../Engine/Content/Internationalization/icudt64l/region/en_TZ.res" 1380
"../../../Engine/Content/Internationalization/icudt64l/lang/en_UG.res" 1381
"../../../Engine/Content/Internationalization/icudt64l/region/en_UG.res" 1382
"../../../Engine/Content/Internationalization/icudt64l/lang/en_VC.res" 1383
"../../../Engine/Content/Internationalization/icudt64l/region/en_VC.res" 1384
"../../../Engine/Content/Internationalization/icudt64l/lang/en_VG.res" 1385
"../../../Engine/Content/Internationalization/icudt64l/region/en_VG.res" 1386
"../../../Engine/Content/Internationalization/icudt64l/lang/en_VU.res" 1387
"../../../Engine/Content/Internationalization/icudt64l/region/en_VU.res" 1388
"../../../Engine/Content/Internationalization/icudt64l/lang/en_WS.res" 1389
"../../../Engine/Content/Internationalization/icudt64l/region/en_WS.res" 1390
"../../../Engine/Content/Internationalization/icudt64l/lang/en_ZA.res" 1391
"../../../Engine/Content/Internationalization/icudt64l/region/en_ZA.res" 1392
"../../../Engine/Content/Internationalization/icudt64l/lang/en_ZM.res" 1393
"../../../Engine/Content/Internationalization/icudt64l/region/en_ZM.res" 1394
"../../../Engine/Content/Internationalization/icudt64l/lang/en_ZW.res" 1395
"../../../Engine/Content/Internationalization/icudt64l/region/en_ZW.res" 1396
"../../../Engine/Content/Internationalization/icudt64l/lang/eo.res" 1397
"../../../Engine/Content/Internationalization/icudt64l/region/eo.res" 1398
"../../../Engine/Content/Internationalization/icudt64l/lang/es_419.res" 1399
"../../../Engine/Content/Internationalization/icudt64l/region/es_419.res" 1400
"../../../Engine/Content/Internationalization/icudt64l/lang/es_AR.res" 1401
"../../../Engine/Content/Internationalization/icudt64l/region/es_AR.res" 1402
"../../../Engine/Content/Internationalization/icudt64l/lang/es_BO.res" 1403
"../../../Engine/Content/Internationalization/icudt64l/region/es_BO.res" 1404
"../../../Engine/Content/Internationalization/icudt64l/lang/es_BR.res" 1405
"../../../Engine/Content/Internationalization/icudt64l/region/es_BR.res" 1406
"../../../Engine/Content/Internationalization/icudt64l/lang/es_BZ.res" 1407
"../../../Engine/Content/Internationalization/icudt64l/region/es_BZ.res" 1408
"../../../Engine/Content/Internationalization/icudt64l/lang/es_CL.res" 1409
"../../../Engine/Content/Internationalization/icudt64l/region/es_CL.res" 1410
"../../../Engine/Content/Internationalization/icudt64l/lang/es_CO.res" 1411
"../../../Engine/Content/Internationalization/icudt64l/region/es_CO.res" 1412
"../../../Engine/Content/Internationalization/icudt64l/lang/es_CR.res" 1413
"../../../Engine/Content/Internationalization/icudt64l/region/es_CR.res" 1414
"../../../Engine/Content/Internationalization/icudt64l/lang/es_CU.res" 1415
"../../../Engine/Content/Internationalization/icudt64l/region/es_CU.res" 1416
"../../../Engine/Content/Internationalization/icudt64l/lang/es_DO.res" 1417
"../../../Engine/Content/Internationalization/icudt64l/region/es_DO.res" 1418
"../../../Engine/Content/Internationalization/icudt64l/lang/es_EC.res" 1419
"../../../Engine/Content/Internationalization/icudt64l/region/es_EC.res" 1420
"../../../Engine/Content/Internationalization/icudt64l/lang/es_GT.res" 1421
"../../../Engine/Content/Internationalization/icudt64l/region/es_GT.res" 1422
"../../../Engine/Content/Internationalization/icudt64l/lang/es_HN.res" 1423
"../../../Engine/Content/Internationalization/icudt64l/region/es_HN.res" 1424
"../../../Engine/Content/Internationalization/icudt64l/lang/es_MX.res" 1425
"../../../Engine/Content/Internationalization/icudt64l/region/es_MX.res" 1426
"../../../Engine/Content/Internationalization/icudt64l/lang/es_NI.res" 1427
"../../../Engine/Content/Internationalization/icudt64l/region/es_NI.res" 1428
"../../../Engine/Content/Internationalization/icudt64l/lang/es_PA.res" 1429
"../../../Engine/Content/Internationalization/icudt64l/region/es_PA.res" 1430
"../../../Engine/Content/Internationalization/icudt64l/lang/es_PE.res" 1431
"../../../Engine/Content/Internationalization/icudt64l/region/es_PE.res" 1432
"../../../Engine/Content/Internationalization/icudt64l/lang/es_PR.res" 1433
"../../../Engine/Content/Internationalization/icudt64l/region/es_PR.res" 1434
"../../../Engine/Content/Internationalization/icudt64l/lang/es_PY.res" 1435
"../../../Engine/Content/Internationalization/icudt64l/region/es_PY.res" 1436
"../../../Engine/Content/Internationalization/icudt64l/lang/es_SV.res" 1437
"../../../Engine/Content/Internationalization/icudt64l/region/es_SV.res" 1438
"../../../Engine/Content/Internationalization/icudt64l/lang/es_US.res" 1439
"../../../Engine/Content/Internationalization/icudt64l/region/es_US.res" 1440
"../../../Engine/Content/Internationalization/icudt64l/lang/es_UY.res" 1441
"../../../Engine/Content/Internationalization/icudt64l/region/es_UY.res" 1442
"../../../Engine/Content/Internationalization/icudt64l/lang/es_VE.res" 1443
"../../../Engine/Content/Internationalization/icudt64l/region/es_VE.res" 1444
"../../../Engine/Content/Internationalization/icudt64l/lang/et.res" 1445
"../../../Engine/Content/Internationalization/icudt64l/region/et.res" 1446
"../../../Engine/Content/Internationalization/icudt64l/lang/eu.res" 1447
"../../../Engine/Content/Internationalization/icudt64l/region/eu.res" 1448
"../../../Engine/Content/Internationalization/icudt64l/lang/ewo.res" 1449
"../../../Engine/Content/Internationalization/icudt64l/region/ewo.res" 1450
"../../../Engine/Content/Internationalization/icudt64l/lang/fa.res" 1451
"../../../Engine/Content/Internationalization/icudt64l/lang/fa_AF.res" 1452
"../../../Engine/Content/Internationalization/icudt64l/region/fa_AF.res" 1453
"../../../Engine/Content/Internationalization/icudt64l/region/fa.res" 1454
"../../../Engine/Content/Internationalization/icudt64l/lang/ff.res" 1455
"../../../Engine/Content/Internationalization/icudt64l/lang/ff_Latn.res" 1456
"../../../Engine/Content/Internationalization/icudt64l/region/ff.res" 1457
"../../../Engine/Content/Internationalization/icudt64l/region/ff_Latn.res" 1458
"../../../Engine/Content/Internationalization/icudt64l/lang/ff_CM.res" 1459
"../../../Engine/Content/Internationalization/icudt64l/lang/ff_Latn_CM.res" 1460
"../../../Engine/Content/Internationalization/icudt64l/region/ff_CM.res" 1461
"../../../Engine/Content/Internationalization/icudt64l/region/ff_Latn_CM.res" 1462
"../../../Engine/Content/Internationalization/icudt64l/lang/ff_GN.res" 1463
"../../../Engine/Content/Internationalization/icudt64l/lang/ff_Latn_GN.res" 1464
"../../../Engine/Content/Internationalization/icudt64l/region/ff_GN.res" 1465
"../../../Engine/Content/Internationalization/icudt64l/region/ff_Latn_GN.res" 1466
"../../../Engine/Content/Internationalization/icudt64l/lang/ff_MR.res" 1467
"../../../Engine/Content/Internationalization/icudt64l/lang/ff_Latn_MR.res" 1468
"../../../Engine/Content/Internationalization/icudt64l/region/ff_MR.res" 1469
"../../../Engine/Content/Internationalization/icudt64l/region/ff_Latn_MR.res" 1470
"../../../Engine/Content/Internationalization/icudt64l/lang/ff_SN.res" 1471
"../../../Engine/Content/Internationalization/icudt64l/lang/ff_Latn_SN.res" 1472
"../../../Engine/Content/Internationalization/icudt64l/region/ff_SN.res" 1473
"../../../Engine/Content/Internationalization/icudt64l/region/ff_Latn_SN.res" 1474
"../../../Engine/Content/Internationalization/icudt64l/lang/fi.res" 1475
"../../../Engine/Content/Internationalization/icudt64l/region/fi.res" 1476
"../../../Engine/Content/Internationalization/icudt64l/lang/fil.res" 1477
"../../../Engine/Content/Internationalization/icudt64l/lang/fil_PH.res" 1478
"../../../Engine/Content/Internationalization/icudt64l/region/fil_PH.res" 1479
"../../../Engine/Content/Internationalization/icudt64l/region/fil.res" 1480
"../../../Engine/Content/Internationalization/icudt64l/lang/fo.res" 1481
"../../../Engine/Content/Internationalization/icudt64l/region/fo.res" 1482
"../../../Engine/Content/Internationalization/icudt64l/lang/fr.res" 1483
"../../../Engine/Content/Internationalization/icudt64l/lang/fr_BE.res" 1484
"../../../Engine/Content/Internationalization/icudt64l/region/fr_BE.res" 1485
"../../../Engine/Content/Internationalization/icudt64l/region/fr.res" 1486
"../../../Engine/Content/Internationalization/icudt64l/lang/fr_CA.res" 1487
"../../../Engine/Content/Internationalization/icudt64l/region/fr_CA.res" 1488
"../../../Engine/Content/Internationalization/icudt64l/lang/fr_CH.res" 1489
"../../../Engine/Content/Internationalization/icudt64l/lang/fur.res" 1490
"../../../Engine/Content/Internationalization/icudt64l/region/fur.res" 1491
"../../../Engine/Content/Internationalization/icudt64l/lang/fy.res" 1492
"../../../Engine/Content/Internationalization/icudt64l/region/fy.res" 1493
"../../../Engine/Content/Internationalization/icudt64l/lang/ga.res" 1494
"../../../Engine/Content/Internationalization/icudt64l/region/ga.res" 1495
"../../../Engine/Content/Internationalization/icudt64l/lang/gd.res" 1496
"../../../Engine/Content/Internationalization/icudt64l/region/gd.res" 1497
"../../../Engine/Content/Internationalization/icudt64l/lang/gl.res" 1498
"../../../Engine/Content/Internationalization/icudt64l/region/gl.res" 1499
"../../../Engine/Content/Internationalization/icudt64l/lang/gsw.res" 1500
"../../../Engine/Content/Internationalization/icudt64l/region/gsw.res" 1501
"../../../Engine/Content/Internationalization/icudt64l/lang/gu.res" 1502
"../../../Engine/Content/Internationalization/icudt64l/region/gu.res" 1503
"../../../Engine/Content/Internationalization/icudt64l/lang/guz.res" 1504
"../../../Engine/Content/Internationalization/icudt64l/region/guz.res" 1505
"../../../Engine/Content/Internationalization/icudt64l/lang/gv.res" 1506
"../../../Engine/Content/Internationalization/icudt64l/region/gv.res" 1507
"../../../Engine/Content/Internationalization/icudt64l/lang/ha.res" 1508
"../../../Engine/Content/Internationalization/icudt64l/region/ha.res" 1509
"../../../Engine/Content/Internationalization/icudt64l/lang/ha_NE.res" 1510
"../../../Engine/Content/Internationalization/icudt64l/region/ha_NE.res" 1511
"../../../Engine/Content/Internationalization/icudt64l/lang/haw.res" 1512
"../../../Engine/Content/Internationalization/icudt64l/region/haw.res" 1513
"../../../Engine/Content/Internationalization/icudt64l/lang/he.res" 1514
"../../../Engine/Content/Internationalization/icudt64l/lang/he_IL.res" 1515
"../../../Engine/Content/Internationalization/icudt64l/region/he_IL.res" 1516
"../../../Engine/Content/Internationalization/icudt64l/region/he.res" 1517
"../../../Engine/Content/Internationalization/icudt64l/lang/hi.res" 1518
"../../../Engine/Content/Internationalization/icudt64l/region/hi.res" 1519
"../../../Engine/Content/Internationalization/icudt64l/lang/hr.res" 1520
"../../../Engine/Content/Internationalization/icudt64l/region/hr.res" 1521
"../../../Engine/Content/Internationalization/icudt64l/lang/hsb.res" 1522
"../../../Engine/Content/Internationalization/icudt64l/region/hsb.res" 1523
"../../../Engine/Content/Internationalization/icudt64l/lang/hu.res" 1524
"../../../Engine/Content/Internationalization/icudt64l/region/hu.res" 1525
"../../../Engine/Content/Internationalization/icudt64l/lang/hy.res" 1526
"../../../Engine/Content/Internationalization/icudt64l/region/hy.res" 1527
"../../../Engine/Content/Internationalization/icudt64l/lang/ia.res" 1528
"../../../Engine/Content/Internationalization/icudt64l/region/ia.res" 1529
"../../../Engine/Content/Internationalization/icudt64l/lang/id.res" 1530
"../../../Engine/Content/Internationalization/icudt64l/lang/id_ID.res" 1531
"../../../Engine/Content/Internationalization/icudt64l/region/id_ID.res" 1532
"../../../Engine/Content/Internationalization/icudt64l/region/id.res" 1533
"../../../Engine/Content/Internationalization/icudt64l/lang/ig.res" 1534
"../../../Engine/Content/Internationalization/icudt64l/region/ig.res" 1535
"../../../Engine/Content/Internationalization/icudt64l/lang/ii.res" 1536
"../../../Engine/Content/Internationalization/icudt64l/region/ii.res" 1537
"../../../Engine/Content/Internationalization/icudt64l/lang/is.res" 1538
"../../../Engine/Content/Internationalization/icudt64l/region/is.res" 1539
"../../../Engine/Content/Internationalization/icudt64l/lang/it.res" 1540
"../../../Engine/Content/Internationalization/icudt64l/region/it.res" 1541
"../../../Engine/Content/Internationalization/icudt64l/lang/ja.res" 1542
"../../../Engine/Content/Internationalization/icudt64l/lang/ja_JP.res" 1543
"../../../Engine/Content/Internationalization/icudt64l/region/ja_JP.res" 1544
"../../../Engine/Content/Internationalization/icudt64l/region/ja.res" 1545
"../../../Engine/Content/Internationalization/icudt64l/lang/jgo.res" 1546
"../../../Engine/Content/Internationalization/icudt64l/region/jgo.res" 1547
"../../../Engine/Content/Internationalization/icudt64l/lang/jmc.res" 1548
"../../../Engine/Content/Internationalization/icudt64l/region/jmc.res" 1549
"../../../Engine/Content/Internationalization/icudt64l/lang/jv.res" 1550
"../../../Engine/Content/Internationalization/icudt64l/region/jv.res" 1551
"../../../Engine/Content/Internationalization/icudt64l/lang/ka.res" 1552
"../../../Engine/Content/Internationalization/icudt64l/region/ka.res" 1553
"../../../Engine/Content/Internationalization/icudt64l/lang/kab.res" 1554
"../../../Engine/Content/Internationalization/icudt64l/region/kab.res" 1555
"../../../Engine/Content/Internationalization/icudt64l/lang/kam.res" 1556
"../../../Engine/Content/Internationalization/icudt64l/region/kam.res" 1557
"../../../Engine/Content/Internationalization/icudt64l/lang/kde.res" 1558
"../../../Engine/Content/Internationalization/icudt64l/region/kde.res" 1559
"../../../Engine/Content/Internationalization/icudt64l/lang/kea.res" 1560
"../../../Engine/Content/Internationalization/icudt64l/region/kea.res" 1561
"../../../Engine/Content/Internationalization/icudt64l/lang/khq.res" 1562
"../../../Engine/Content/Internationalization/icudt64l/region/khq.res" 1563
"../../../Engine/Content/Internationalization/icudt64l/lang/ki.res" 1564
"../../../Engine/Content/Internationalization/icudt64l/region/ki.res" 1565
"../../../Engine/Content/Internationalization/icudt64l/lang/kk.res" 1566
"../../../Engine/Content/Internationalization/icudt64l/region/kk.res" 1567
"../../../Engine/Content/Internationalization/icudt64l/lang/kkj.res" 1568
"../../../Engine/Content/Internationalization/icudt64l/region/kkj.res" 1569
"../../../Engine/Content/Internationalization/icudt64l/lang/kl.res" 1570
"../../../Engine/Content/Internationalization/icudt64l/region/kl.res" 1571
"../../../Engine/Content/Internationalization/icudt64l/lang/kln.res" 1572
"../../../Engine/Content/Internationalization/icudt64l/region/kln.res" 1573
"../../../Engine/Content/Internationalization/icudt64l/lang/km.res" 1574
"../../../Engine/Content/Internationalization/icudt64l/region/km.res" 1575
"../../../Engine/Content/Internationalization/icudt64l/lang/kn.res" 1576
"../../../Engine/Content/Internationalization/icudt64l/region/kn.res" 1577
"../../../Engine/Content/Internationalization/icudt64l/lang/ko.res" 1578
"../../../Engine/Content/Internationalization/icudt64l/region/ko_KP.res" 1579
"../../../Engine/Content/Internationalization/icudt64l/region/ko.res" 1580
"../../../Engine/Content/Internationalization/icudt64l/lang/kok.res" 1581
"../../../Engine/Content/Internationalization/icudt64l/region/kok.res" 1582
"../../../Engine/Content/Internationalization/icudt64l/lang/ks.res" 1583
"../../../Engine/Content/Internationalization/icudt64l/region/ks.res" 1584
"../../../Engine/Content/Internationalization/icudt64l/lang/ksb.res" 1585
"../../../Engine/Content/Internationalization/icudt64l/region/ksb.res" 1586
"../../../Engine/Content/Internationalization/icudt64l/lang/ksf.res" 1587
"../../../Engine/Content/Internationalization/icudt64l/region/ksf.res" 1588
"../../../Engine/Content/Internationalization/icudt64l/lang/ksh.res" 1589
"../../../Engine/Content/Internationalization/icudt64l/region/ksh.res" 1590
"../../../Engine/Content/Internationalization/icudt64l/lang/ku.res" 1591
"../../../Engine/Content/Internationalization/icudt64l/region/ku.res" 1592
"../../../Engine/Content/Internationalization/icudt64l/lang/kw.res" 1593
"../../../Engine/Content/Internationalization/icudt64l/region/kw.res" 1594
"../../../Engine/Content/Internationalization/icudt64l/lang/ky.res" 1595
"../../../Engine/Content/Internationalization/icudt64l/region/ky.res" 1596
"../../../Engine/Content/Internationalization/icudt64l/lang/lag.res" 1597
"../../../Engine/Content/Internationalization/icudt64l/region/lag.res" 1598
"../../../Engine/Content/Internationalization/icudt64l/lang/lb.res" 1599
"../../../Engine/Content/Internationalization/icudt64l/region/lb.res" 1600
"../../../Engine/Content/Internationalization/icudt64l/lang/lg.res" 1601
"../../../Engine/Content/Internationalization/icudt64l/region/lg.res" 1602
"../../../Engine/Content/Internationalization/icudt64l/lang/lkt.res" 1603
"../../../Engine/Content/Internationalization/icudt64l/region/lkt.res" 1604
"../../../Engine/Content/Internationalization/icudt64l/lang/ln.res" 1605
"../../../Engine/Content/Internationalization/icudt64l/region/ln.res" 1606
"../../../Engine/Content/Internationalization/icudt64l/lang/lo.res" 1607
"../../../Engine/Content/Internationalization/icudt64l/region/lo.res" 1608
"../../../Engine/Content/Internationalization/icudt64l/lang/lrc.res" 1609
"../../../Engine/Content/Internationalization/icudt64l/region/lrc.res" 1610
"../../../Engine/Content/Internationalization/icudt64l/lang/lt.res" 1611
"../../../Engine/Content/Internationalization/icudt64l/region/lt.res" 1612
"../../../Engine/Content/Internationalization/icudt64l/lang/lu.res" 1613
"../../../Engine/Content/Internationalization/icudt64l/region/lu.res" 1614
"../../../Engine/Content/Internationalization/icudt64l/lang/luo.res" 1615
"../../../Engine/Content/Internationalization/icudt64l/region/luo.res" 1616
"../../../Engine/Content/Internationalization/icudt64l/lang/luy.res" 1617
"../../../Engine/Content/Internationalization/icudt64l/region/luy.res" 1618
"../../../Engine/Content/Internationalization/icudt64l/lang/lv.res" 1619
"../../../Engine/Content/Internationalization/icudt64l/region/lv.res" 1620
"../../../Engine/Content/Internationalization/icudt64l/lang/mas.res" 1621
"../../../Engine/Content/Internationalization/icudt64l/region/mas.res" 1622
"../../../Engine/Content/Internationalization/icudt64l/lang/mer.res" 1623
"../../../Engine/Content/Internationalization/icudt64l/region/mer.res" 1624
"../../../Engine/Content/Internationalization/icudt64l/lang/mfe.res" 1625
"../../../Engine/Content/Internationalization/icudt64l/region/mfe.res" 1626
"../../../Engine/Content/Internationalization/icudt64l/lang/mg.res" 1627
"../../../Engine/Content/Internationalization/icudt64l/region/mg.res" 1628
"../../../Engine/Content/Internationalization/icudt64l/lang/mgh.res" 1629
"../../../Engine/Content/Internationalization/icudt64l/region/mgh.res" 1630
"../../../Engine/Content/Internationalization/icudt64l/lang/mgo.res" 1631
"../../../Engine/Content/Internationalization/icudt64l/region/mgo.res" 1632
"../../../Engine/Content/Internationalization/icudt64l/lang/mi.res" 1633
"../../../Engine/Content/Internationalization/icudt64l/region/mi.res" 1634
"../../../Engine/Content/Internationalization/icudt64l/lang/mk.res" 1635
"../../../Engine/Content/Internationalization/icudt64l/region/mk.res" 1636
"../../../Engine/Content/Internationalization/icudt64l/lang/ml.res" 1637
"../../../Engine/Content/Internationalization/icudt64l/region/ml.res" 1638
"../../../Engine/Content/Internationalization/icudt64l/lang/mn.res" 1639
"../../../Engine/Content/Internationalization/icudt64l/region/mn.res" 1640
"../../../Engine/Content/Internationalization/icudt64l/lang/mr.res" 1641
"../../../Engine/Content/Internationalization/icudt64l/region/mr.res" 1642
"../../../Engine/Content/Internationalization/icudt64l/lang/ms.res" 1643
"../../../Engine/Content/Internationalization/icudt64l/region/ms.res" 1644
"../../../Engine/Content/Internationalization/icudt64l/lang/mt.res" 1645
"../../../Engine/Content/Internationalization/icudt64l/region/mt.res" 1646
"../../../Engine/Content/Internationalization/icudt64l/lang/mua.res" 1647
"../../../Engine/Content/Internationalization/icudt64l/region/mua.res" 1648
"../../../Engine/Content/Internationalization/icudt64l/lang/my.res" 1649
"../../../Engine/Content/Internationalization/icudt64l/region/my.res" 1650
"../../../Engine/Content/Internationalization/icudt64l/lang/mzn.res" 1651
"../../../Engine/Content/Internationalization/icudt64l/region/mzn.res" 1652
"../../../Engine/Content/Internationalization/icudt64l/lang/naq.res" 1653
"../../../Engine/Content/Internationalization/icudt64l/region/naq.res" 1654
"../../../Engine/Content/Internationalization/icudt64l/lang/nb.res" 1655
"../../../Engine/Content/Internationalization/icudt64l/lang/nb_NO.res" 1656
"../../../Engine/Content/Internationalization/icudt64l/region/nb_NO.res" 1657
"../../../Engine/Content/Internationalization/icudt64l/region/nb.res" 1658
"../../../Engine/Content/Internationalization/icudt64l/lang/nd.res" 1659
"../../../Engine/Content/Internationalization/icudt64l/region/nd.res" 1660
"../../../Engine/Content/Internationalization/icudt64l/lang/nds.res" 1661
"../../../Engine/Content/Internationalization/icudt64l/region/nds.res" 1662
"../../../Engine/Content/Internationalization/icudt64l/lang/ne.res" 1663
"../../../Engine/Content/Internationalization/icudt64l/region/ne.res" 1664
"../../../Engine/Content/Internationalization/icudt64l/lang/nl.res" 1665
"../../../Engine/Content/Internationalization/icudt64l/region/nl.res" 1666
"../../../Engine/Content/Internationalization/icudt64l/lang/nmg.res" 1667
"../../../Engine/Content/Internationalization/icudt64l/region/nmg.res" 1668
"../../../Engine/Content/Internationalization/icudt64l/lang/nn.res" 1669
"../../../Engine/Content/Internationalization/icudt64l/lang/nn_NO.res" 1670
"../../../Engine/Content/Internationalization/icudt64l/region/nn_NO.res" 1671
"../../../Engine/Content/Internationalization/icudt64l/region/nn.res" 1672
"../../../Engine/Content/Internationalization/icudt64l/lang/nnh.res" 1673
"../../../Engine/Content/Internationalization/icudt64l/region/nnh.res" 1674
"../../../Engine/Content/Internationalization/icudt64l/lang/nus.res" 1675
"../../../Engine/Content/Internationalization/icudt64l/region/nus.res" 1676
"../../../Engine/Content/Internationalization/icudt64l/lang/nyn.res" 1677
"../../../Engine/Content/Internationalization/icudt64l/region/nyn.res" 1678
"../../../Engine/Content/Internationalization/icudt64l/lang/om.res" 1679
"../../../Engine/Content/Internationalization/icudt64l/region/om.res" 1680
"../../../Engine/Content/Internationalization/icudt64l/lang/or.res" 1681
"../../../Engine/Content/Internationalization/icudt64l/region/or.res" 1682
"../../../Engine/Content/Internationalization/icudt64l/lang/os.res" 1683
"../../../Engine/Content/Internationalization/icudt64l/region/os.res" 1684
"../../../Engine/Content/Internationalization/icudt64l/lang/pa.res" 1685
"../../../Engine/Content/Internationalization/icudt64l/lang/pa_Arab.res" 1686
"../../../Engine/Content/Internationalization/icudt64l/lang/pa_PK.res" 1687
"../../../Engine/Content/Internationalization/icudt64l/lang/pa_Arab_PK.res" 1688
"../../../Engine/Content/Internationalization/icudt64l/region/pa_PK.res" 1689
"../../../Engine/Content/Internationalization/icudt64l/region/pa_Arab_PK.res" 1690
"../../../Engine/Content/Internationalization/icudt64l/region/pa_Arab.res" 1691
"../../../Engine/Content/Internationalization/icudt64l/lang/pa_Guru.res" 1692
"../../../Engine/Content/Internationalization/icudt64l/lang/pa_IN.res" 1693
"../../../Engine/Content/Internationalization/icudt64l/lang/pa_Guru_IN.res" 1694
"../../../Engine/Content/Internationalization/icudt64l/region/pa_IN.res" 1695
"../../../Engine/Content/Internationalization/icudt64l/region/pa_Guru_IN.res" 1696
"../../../Engine/Content/Internationalization/icudt64l/region/pa_Guru.res" 1697
"../../../Engine/Content/Internationalization/icudt64l/region/pa.res" 1698
"../../../Engine/Content/Internationalization/icudt64l/lang/pl.res" 1699
"../../../Engine/Content/Internationalization/icudt64l/region/pl.res" 1700
"../../../Engine/Content/Internationalization/icudt64l/lang/ps.res" 1701
"../../../Engine/Content/Internationalization/icudt64l/region/ps.res" 1702
"../../../Engine/Content/Internationalization/icudt64l/lang/ps_PK.res" 1703
"../../../Engine/Content/Internationalization/icudt64l/region/ps_PK.res" 1704
"../../../Engine/Content/Internationalization/icudt64l/lang/pt.res" 1705
"../../../Engine/Content/Internationalization/icudt64l/lang/pt_AO.res" 1706
"../../../Engine/Content/Internationalization/icudt64l/lang/pt_PT.res" 1707
"../../../Engine/Content/Internationalization/icudt64l/region/pt_AO.res" 1708
"../../../Engine/Content/Internationalization/icudt64l/region/pt_PT.res" 1709
"../../../Engine/Content/Internationalization/icudt64l/region/pt.res" 1710
"../../../Engine/Content/Internationalization/icudt64l/lang/pt_CH.res" 1711
"../../../Engine/Content/Internationalization/icudt64l/region/pt_CH.res" 1712
"../../../Engine/Content/Internationalization/icudt64l/lang/pt_CV.res" 1713
"../../../Engine/Content/Internationalization/icudt64l/region/pt_CV.res" 1714
"../../../Engine/Content/Internationalization/icudt64l/lang/pt_GQ.res" 1715
"../../../Engine/Content/Internationalization/icudt64l/region/pt_GQ.res" 1716
"../../../Engine/Content/Internationalization/icudt64l/lang/pt_GW.res" 1717
"../../../Engine/Content/Internationalization/icudt64l/region/pt_GW.res" 1718
"../../../Engine/Content/Internationalization/icudt64l/lang/pt_LU.res" 1719
"../../../Engine/Content/Internationalization/icudt64l/region/pt_LU.res" 1720
"../../../Engine/Content/Internationalization/icudt64l/lang/pt_MO.res" 1721
"../../../Engine/Content/Internationalization/icudt64l/region/pt_MO.res" 1722
"../../../Engine/Content/Internationalization/icudt64l/lang/pt_MZ.res" 1723
"../../../Engine/Content/Internationalization/icudt64l/region/pt_MZ.res" 1724
"../../../Engine/Content/Internationalization/icudt64l/lang/pt_ST.res" 1725
"../../../Engine/Content/Internationalization/icudt64l/region/pt_ST.res" 1726
"../../../Engine/Content/Internationalization/icudt64l/lang/pt_TL.res" 1727
"../../../Engine/Content/Internationalization/icudt64l/region/pt_TL.res" 1728
"../../../Engine/Content/Internationalization/icudt64l/lang/qu.res" 1729
"../../../Engine/Content/Internationalization/icudt64l/region/qu.res" 1730
"../../../Engine/Content/Internationalization/icudt64l/lang/rm.res" 1731
"../../../Engine/Content/Internationalization/icudt64l/region/rm.res" 1732
"../../../Engine/Content/Internationalization/icudt64l/lang/rn.res" 1733
"../../../Engine/Content/Internationalization/icudt64l/region/rn.res" 1734
"../../../Engine/Content/Internationalization/icudt64l/lang/ro.res" 1735
"../../../Engine/Content/Internationalization/icudt64l/lang/ro_MD.res" 1736
"../../../Engine/Content/Internationalization/icudt64l/region/ro_MD.res" 1737
"../../../Engine/Content/Internationalization/icudt64l/region/ro.res" 1738
"../../../Engine/Content/Internationalization/icudt64l/lang/rof.res" 1739
"../../../Engine/Content/Internationalization/icudt64l/region/rof.res" 1740
"../../../Engine/Content/Internationalization/icudt64l/lang/ru.res" 1741
"../../../Engine/Content/Internationalization/icudt64l/region/ru.res" 1742
"../../../Engine/Content/Internationalization/icudt64l/region/ru_UA.res" 1743
"../../../Engine/Content/Internationalization/icudt64l/lang/rw.res" 1744
"../../../Engine/Content/Internationalization/icudt64l/region/rw.res" 1745
"../../../Engine/Content/Internationalization/icudt64l/lang/rwk.res" 1746
"../../../Engine/Content/Internationalization/icudt64l/region/rwk.res" 1747
"../../../Engine/Content/Internationalization/icudt64l/lang/sah.res" 1748
"../../../Engine/Content/Internationalization/icudt64l/region/sah.res" 1749
"../../../Engine/Content/Internationalization/icudt64l/lang/saq.res" 1750
"../../../Engine/Content/Internationalization/icudt64l/region/saq.res" 1751
"../../../Engine/Content/Internationalization/icudt64l/lang/sbp.res" 1752
"../../../Engine/Content/Internationalization/icudt64l/region/sbp.res" 1753
"../../../Engine/Content/Internationalization/icudt64l/lang/sd.res" 1754
"../../../Engine/Content/Internationalization/icudt64l/region/sd.res" 1755
"../../../Engine/Content/Internationalization/icudt64l/lang/se.res" 1756
"../../../Engine/Content/Internationalization/icudt64l/lang/se_FI.res" 1757
"../../../Engine/Content/Internationalization/icudt64l/region/se_FI.res" 1758
"../../../Engine/Content/Internationalization/icudt64l/region/se.res" 1759
"../../../Engine/Content/Internationalization/icudt64l/lang/seh.res" 1760
"../../../Engine/Content/Internationalization/icudt64l/region/seh.res" 1761
"../../../Engine/Content/Internationalization/icudt64l/lang/ses.res" 1762
"../../../Engine/Content/Internationalization/icudt64l/region/ses.res" 1763
"../../../Engine/Content/Internationalization/icudt64l/lang/sg.res" 1764
"../../../Engine/Content/Internationalization/icudt64l/region/sg.res" 1765
"../../../Engine/Content/Internationalization/icudt64l/lang/shi.res" 1766
"../../../Engine/Content/Internationalization/icudt64l/lang/shi_Latn.res" 1767
"../../../Engine/Content/Internationalization/icudt64l/lang/shi_MA.res" 1768
"../../../Engine/Content/Internationalization/icudt64l/lang/shi_Tfng_MA.res" 1769
"../../../Engine/Content/Internationalization/icudt64l/lang/shi_Tfng.res" 1770
"../../../Engine/Content/Internationalization/icudt64l/region/shi_MA.res" 1771
"../../../Engine/Content/Internationalization/icudt64l/region/shi_Tfng_MA.res" 1772
"../../../Engine/Content/Internationalization/icudt64l/region/shi_Tfng.res" 1773
"../../../Engine/Content/Internationalization/icudt64l/region/shi.res" 1774
"../../../Engine/Content/Internationalization/icudt64l/region/shi_Latn.res" 1775
"../../../Engine/Content/Internationalization/icudt64l/lang/si.res" 1776
"../../../Engine/Content/Internationalization/icudt64l/region/si.res" 1777
"../../../Engine/Content/Internationalization/icudt64l/lang/sk.res" 1778
"../../../Engine/Content/Internationalization/icudt64l/region/sk.res" 1779
"../../../Engine/Content/Internationalization/icudt64l/lang/sl.res" 1780
"../../../Engine/Content/Internationalization/icudt64l/region/sl.res" 1781
"../../../Engine/Content/Internationalization/icudt64l/lang/smn.res" 1782
"../../../Engine/Content/Internationalization/icudt64l/region/smn.res" 1783
"../../../Engine/Content/Internationalization/icudt64l/lang/sn.res" 1784
"../../../Engine/Content/Internationalization/icudt64l/region/sn.res" 1785
"../../../Engine/Content/Internationalization/icudt64l/lang/so.res" 1786
"../../../Engine/Content/Internationalization/icudt64l/region/so.res" 1787
"../../../Engine/Content/Internationalization/icudt64l/lang/sq.res" 1788
"../../../Engine/Content/Internationalization/icudt64l/region/sq.res" 1789
"../../../Engine/Content/Internationalization/icudt64l/lang/sr.res" 1790
"../../../Engine/Content/Internationalization/icudt64l/lang/sr_Cyrl.res" 1791
"../../../Engine/Content/Internationalization/icudt64l/lang/sr_BA.res" 1792
"../../../Engine/Content/Internationalization/icudt64l/lang/sr_Cyrl_BA.res" 1793
"../../../Engine/Content/Internationalization/icudt64l/region/sr_BA.res" 1794
"../../../Engine/Content/Internationalization/icudt64l/region/sr_Cyrl_BA.res" 1795
"../../../Engine/Content/Internationalization/icudt64l/region/sr_Cyrl.res" 1796
"../../../Engine/Content/Internationalization/icudt64l/region/sr.res" 1797
"../../../Engine/Content/Internationalization/icudt64l/lang/sr_ME.res" 1798
"../../../Engine/Content/Internationalization/icudt64l/lang/sr_Latn_ME.res" 1799
"../../../Engine/Content/Internationalization/icudt64l/lang/sr_Latn.res" 1800
"../../../Engine/Content/Internationalization/icudt64l/region/sr_ME.res" 1801
"../../../Engine/Content/Internationalization/icudt64l/region/sr_Latn_ME.res" 1802
"../../../Engine/Content/Internationalization/icudt64l/region/sr_Latn.res" 1803
"../../../Engine/Content/Internationalization/icudt64l/lang/sr_Cyrl_ME.res" 1804
"../../../Engine/Content/Internationalization/icudt64l/region/sr_Cyrl_ME.res" 1805
"../../../Engine/Content/Internationalization/icudt64l/lang/sr_RS.res" 1806
"../../../Engine/Content/Internationalization/icudt64l/lang/sr_Cyrl_RS.res" 1807
"../../../Engine/Content/Internationalization/icudt64l/region/sr_RS.res" 1808
"../../../Engine/Content/Internationalization/icudt64l/region/sr_Cyrl_RS.res" 1809
"../../../Engine/Content/Internationalization/icudt64l/lang/sr_XK.res" 1810
"../../../Engine/Content/Internationalization/icudt64l/lang/sr_Cyrl_XK.res" 1811
"../../../Engine/Content/Internationalization/icudt64l/region/sr_XK.res" 1812
"../../../Engine/Content/Internationalization/icudt64l/region/sr_Cyrl_XK.res" 1813
"../../../Engine/Content/Internationalization/icudt64l/lang/sr_Latn_BA.res" 1814
"../../../Engine/Content/Internationalization/icudt64l/region/sr_Latn_BA.res" 1815
"../../../Engine/Content/Internationalization/icudt64l/lang/sr_Latn_RS.res" 1816
"../../../Engine/Content/Internationalization/icudt64l/region/sr_Latn_RS.res" 1817
"../../../Engine/Content/Internationalization/icudt64l/lang/sr_Latn_XK.res" 1818
"../../../Engine/Content/Internationalization/icudt64l/region/sr_Latn_XK.res" 1819
"../../../Engine/Content/Internationalization/icudt64l/lang/sv.res" 1820
"../../../Engine/Content/Internationalization/icudt64l/region/sv.res" 1821
"../../../Engine/Content/Internationalization/icudt64l/lang/sv_FI.res" 1822
"../../../Engine/Content/Internationalization/icudt64l/lang/sw.res" 1823
"../../../Engine/Content/Internationalization/icudt64l/lang/sw_CD.res" 1824
"../../../Engine/Content/Internationalization/icudt64l/region/sw_CD.res" 1825
"../../../Engine/Content/Internationalization/icudt64l/region/sw.res" 1826
"../../../Engine/Content/Internationalization/icudt64l/lang/sw_KE.res" 1827
"../../../Engine/Content/Internationalization/icudt64l/region/sw_KE.res" 1828
"../../../Engine/Content/Internationalization/icudt64l/lang/ta.res" 1829
"../../../Engine/Content/Internationalization/icudt64l/region/ta.res" 1830
"../../../Engine/Content/Internationalization/icudt64l/lang/te.res" 1831
"../../../Engine/Content/Internationalization/icudt64l/region/te.res" 1832
"../../../Engine/Content/Internationalization/icudt64l/lang/teo.res" 1833
"../../../Engine/Content/Internationalization/icudt64l/region/teo.res" 1834
"../../../Engine/Content/Internationalization/icudt64l/lang/tg.res" 1835
"../../../Engine/Content/Internationalization/icudt64l/region/tg.res" 1836
"../../../Engine/Content/Internationalization/icudt64l/lang/th.res" 1837
"../../../Engine/Content/Internationalization/icudt64l/lang/th_TH.res" 1838
"../../../Engine/Content/Internationalization/icudt64l/region/th_TH.res" 1839
"../../../Engine/Content/Internationalization/icudt64l/region/th.res" 1840
"../../../Engine/Content/Internationalization/icudt64l/lang/ti.res" 1841
"../../../Engine/Content/Internationalization/icudt64l/region/ti.res" 1842
"../../../Engine/Content/Internationalization/icudt64l/lang/tk.res" 1843
"../../../Engine/Content/Internationalization/icudt64l/region/tk.res" 1844
"../../../Engine/Content/Internationalization/icudt64l/lang/to.res" 1845
"../../../Engine/Content/Internationalization/icudt64l/region/to.res" 1846
"../../../Engine/Content/Internationalization/icudt64l/lang/tr.res" 1847
"../../../Engine/Content/Internationalization/icudt64l/region/tr.res" 1848
"../../../Engine/Content/Internationalization/icudt64l/lang/tt.res" 1849
"../../../Engine/Content/Internationalization/icudt64l/region/tt.res" 1850
"../../../Engine/Content/Internationalization/icudt64l/lang/twq.res" 1851
"../../../Engine/Content/Internationalization/icudt64l/region/twq.res" 1852
"../../../Engine/Content/Internationalization/icudt64l/lang/tzm.res" 1853
"../../../Engine/Content/Internationalization/icudt64l/region/tzm.res" 1854
"../../../Engine/Content/Internationalization/icudt64l/lang/ug.res" 1855
"../../../Engine/Content/Internationalization/icudt64l/region/ug.res" 1856
"../../../Engine/Content/Internationalization/icudt64l/lang/uk.res" 1857
"../../../Engine/Content/Internationalization/icudt64l/region/uk.res" 1858
"../../../Engine/Content/Internationalization/icudt64l/lang/ur.res" 1859
"../../../Engine/Content/Internationalization/icudt64l/lang/ur_IN.res" 1860
"../../../Engine/Content/Internationalization/icudt64l/region/ur_IN.res" 1861
"../../../Engine/Content/Internationalization/icudt64l/region/ur.res" 1862
"../../../Engine/Content/Internationalization/icudt64l/lang/uz.res" 1863
"../../../Engine/Content/Internationalization/icudt64l/lang/uz_Arab.res" 1864
"../../../Engine/Content/Internationalization/icudt64l/lang/uz_AF.res" 1865
"../../../Engine/Content/Internationalization/icudt64l/lang/uz_Arab_AF.res" 1866
"../../../Engine/Content/Internationalization/icudt64l/region/uz_AF.res" 1867
"../../../Engine/Content/Internationalization/icudt64l/region/uz_Arab_AF.res" 1868
"../../../Engine/Content/Internationalization/icudt64l/region/uz_Arab.res" 1869
"../../../Engine/Content/Internationalization/icudt64l/lang/uz_Cyrl.res" 1870
"../../../Engine/Content/Internationalization/icudt64l/lang/uz_UZ.res" 1871
"../../../Engine/Content/Internationalization/icudt64l/lang/uz_Latn_UZ.res" 1872
"../../../Engine/Content/Internationalization/icudt64l/lang/uz_Latn.res" 1873
"../../../Engine/Content/Internationalization/icudt64l/region/uz_UZ.res" 1874
"../../../Engine/Content/Internationalization/icudt64l/region/uz_Latn_UZ.res" 1875
"../../../Engine/Content/Internationalization/icudt64l/region/uz_Latn.res" 1876
"../../../Engine/Content/Internationalization/icudt64l/region/uz.res" 1877
"../../../Engine/Content/Internationalization/icudt64l/region/uz_Cyrl.res" 1878
"../../../Engine/Content/Internationalization/icudt64l/lang/vai.res" 1879
"../../../Engine/Content/Internationalization/icudt64l/lang/vai_Latn.res" 1880
"../../../Engine/Content/Internationalization/icudt64l/lang/vai_LR.res" 1881
"../../../Engine/Content/Internationalization/icudt64l/lang/vai_Vaii_LR.res" 1882
"../../../Engine/Content/Internationalization/icudt64l/lang/vai_Vaii.res" 1883
"../../../Engine/Content/Internationalization/icudt64l/region/vai_LR.res" 1884
"../../../Engine/Content/Internationalization/icudt64l/region/vai_Vaii_LR.res" 1885
"../../../Engine/Content/Internationalization/icudt64l/region/vai_Vaii.res" 1886
"../../../Engine/Content/Internationalization/icudt64l/region/vai.res" 1887
"../../../Engine/Content/Internationalization/icudt64l/region/vai_Latn.res" 1888
"../../../Engine/Content/Internationalization/icudt64l/lang/vi.res" 1889
"../../../Engine/Content/Internationalization/icudt64l/region/vi.res" 1890
"../../../Engine/Content/Internationalization/icudt64l/lang/vun.res" 1891
"../../../Engine/Content/Internationalization/icudt64l/region/vun.res" 1892
"../../../Engine/Content/Internationalization/icudt64l/lang/wae.res" 1893
"../../../Engine/Content/Internationalization/icudt64l/region/wae.res" 1894
"../../../Engine/Content/Internationalization/icudt64l/lang/wo.res" 1895
"../../../Engine/Content/Internationalization/icudt64l/region/wo.res" 1896
"../../../Engine/Content/Internationalization/icudt64l/lang/xh.res" 1897
"../../../Engine/Content/Internationalization/icudt64l/region/xh.res" 1898
"../../../Engine/Content/Internationalization/icudt64l/lang/xog.res" 1899
"../../../Engine/Content/Internationalization/icudt64l/region/xog.res" 1900
"../../../Engine/Content/Internationalization/icudt64l/lang/yav.res" 1901
"../../../Engine/Content/Internationalization/icudt64l/region/yav.res" 1902
"../../../Engine/Content/Internationalization/icudt64l/lang/yi.res" 1903
"../../../Engine/Content/Internationalization/icudt64l/region/yi.res" 1904
"../../../Engine/Content/Internationalization/icudt64l/lang/yo.res" 1905
"../../../Engine/Content/Internationalization/icudt64l/lang/yo_BJ.res" 1906
"../../../Engine/Content/Internationalization/icudt64l/region/yo_BJ.res" 1907
"../../../Engine/Content/Internationalization/icudt64l/region/yo.res" 1908
"../../../Engine/Content/Internationalization/icudt64l/lang/yue.res" 1909
"../../../Engine/Content/Internationalization/icudt64l/lang/yue_Hans.res" 1910
"../../../Engine/Content/Internationalization/icudt64l/lang/yue_CN.res" 1911
"../../../Engine/Content/Internationalization/icudt64l/lang/yue_Hans_CN.res" 1912
"../../../Engine/Content/Internationalization/icudt64l/region/yue_CN.res" 1913
"../../../Engine/Content/Internationalization/icudt64l/region/yue_Hans_CN.res" 1914
"../../../Engine/Content/Internationalization/icudt64l/region/yue_Hans.res" 1915
"../../../Engine/Content/Internationalization/icudt64l/lang/yue_Hant.res" 1916
"../../../Engine/Content/Internationalization/icudt64l/lang/yue_HK.res" 1917
"../../../Engine/Content/Internationalization/icudt64l/lang/yue_Hant_HK.res" 1918
"../../../Engine/Content/Internationalization/icudt64l/region/yue_HK.res" 1919
"../../../Engine/Content/Internationalization/icudt64l/region/yue_Hant_HK.res" 1920
"../../../Engine/Content/Internationalization/icudt64l/region/yue_Hant.res" 1921
"../../../Engine/Content/Internationalization/icudt64l/region/yue.res" 1922
"../../../Engine/Content/Internationalization/icudt64l/lang/zgh.res" 1923
"../../../Engine/Content/Internationalization/icudt64l/region/zgh.res" 1924
"../../../Engine/Content/Internationalization/icudt64l/lang/zh.res" 1925
"../../../Engine/Content/Internationalization/icudt64l/lang/zh_Hans.res" 1926
"../../../Engine/Content/Internationalization/icudt64l/lang/zh_CN.res" 1927
"../../../Engine/Content/Internationalization/icudt64l/lang/zh_Hans_CN.res" 1928
"../../../Engine/Content/Internationalization/icudt64l/region/zh_CN.res" 1929
"../../../Engine/Content/Internationalization/icudt64l/region/zh_Hans_CN.res" 1930
"../../../Engine/Content/Internationalization/icudt64l/region/zh_Hans.res" 1931
"../../../Engine/Content/Internationalization/icudt64l/region/zh.res" 1932
"../../../Engine/Content/Internationalization/icudt64l/lang/zh_HK.res" 1933
"../../../Engine/Content/Internationalization/icudt64l/lang/zh_Hant_HK.res" 1934
"../../../Engine/Content/Internationalization/icudt64l/lang/zh_Hant.res" 1935
"../../../Engine/Content/Internationalization/icudt64l/region/zh_HK.res" 1936
"../../../Engine/Content/Internationalization/icudt64l/region/zh_Hant_HK.res" 1937
"../../../Engine/Content/Internationalization/icudt64l/region/zh_Hant.res" 1938
"../../../Engine/Content/Internationalization/icudt64l/lang/zh_MO.res" 1939
"../../../Engine/Content/Internationalization/icudt64l/lang/zh_Hant_MO.res" 1940
"../../../Engine/Content/Internationalization/icudt64l/region/zh_MO.res" 1941
"../../../Engine/Content/Internationalization/icudt64l/region/zh_Hant_MO.res" 1942
"../../../Engine/Content/Internationalization/icudt64l/lang/zh_SG.res" 1943
"../../../Engine/Content/Internationalization/icudt64l/lang/zh_Hans_SG.res" 1944
"../../../Engine/Content/Internationalization/icudt64l/region/zh_SG.res" 1945
"../../../Engine/Content/Internationalization/icudt64l/region/zh_Hans_SG.res" 1946
"../../../Engine/Content/Internationalization/icudt64l/lang/zh_TW.res" 1947
"../../../Engine/Content/Internationalization/icudt64l/lang/zh_Hant_TW.res" 1948
"../../../Engine/Content/Internationalization/icudt64l/region/zh_TW.res" 1949
"../../../Engine/Content/Internationalization/icudt64l/region/zh_Hant_TW.res" 1950
"../../../Engine/Content/Internationalization/icudt64l/lang/zu.res" 1951
"../../../Engine/Content/Internationalization/icudt64l/region/zu.res" 1952
"../../../Engine/Content/Internationalization/icudt64l/lang/no.res" 1953
"../../../Engine/Content/Internationalization/icudt64l/lang/tl.res" 1954
"../../../Engine/Config/Android/DataDrivenPlatformInfo.ini" 1955
"../../../Engine/Config/IOS/DataDrivenPlatformInfo.ini" 1956
"../../../Engine/Config/Linux/DataDrivenPlatformInfo.ini" 1957
"../../../Engine/Config/Mac/DataDrivenPlatformInfo.ini" 1958
"../../../Engine/Config/TVOS/DataDrivenPlatformInfo.ini" 1959
"../../../Engine/Config/Unix/DataDrivenPlatformInfo.ini" 1960
"../../../Engine/Config/VulkanPC/DataDrivenPlatformInfo.ini" 1961
"../../../Engine/Config/Windows/DataDrivenPlatformInfo.ini" 1962
"../../../Engine/Platforms/VisionOS/Config/DataDrivenPlatformInfo.ini" 1963
"../../../Engine/Content/Renderer/TessellationTable.bin" 1964
"../../../Engine/DerivedDataCache/Compressed.ddp" 1965
"C:/Users/EnekoMartinGomez/AppData/Local/UnrealEngine/5.6/Saved/Zen/zen.version" 1966
"C:/Users/EnekoMartinGomez/AppData/Local/UnrealEngine/Common/Zen/Install/zen.version" 1967
"C:/Users/EnekoMartinGomez/AppData/Local/UnrealEngine/Common/Zen/Install/zenserver.runcontext" 1968
"C:/Users/EnekoMartinGomez/AppData/Local/UnrealEngine/Common/DerivedDataCache/TestData/0/TestData_4kb.dat" 1969
"C:/Users/EnekoMartinGomez/AppData/Local/UnrealEngine/Common/DerivedDataCache/TestData/1/TestData_4kb.dat" 1970
"C:/Users/EnekoMartinGomez/AppData/Local/UnrealEngine/Common/DerivedDataCache/TestData/0/TestData_8kb.dat" 1971
"C:/Users/EnekoMartinGomez/AppData/Local/UnrealEngine/Common/DerivedDataCache/TestData/1/TestData_8kb.dat" 1972
"C:/Users/EnekoMartinGomez/AppData/Local/UnrealEngine/Common/DerivedDataCache/TestData/0/TestData_16kb.dat" 1973
"C:/Users/EnekoMartinGomez/AppData/Local/UnrealEngine/Common/DerivedDataCache/TestData/1/TestData_16kb.dat" 1974
"C:/Users/EnekoMartinGomez/AppData/Local/UnrealEngine/Common/DerivedDataCache/TestData/0/TestData_64kb.dat" 1975
"C:/Users/EnekoMartinGomez/AppData/Local/UnrealEngine/Common/DerivedDataCache/TestData/1/TestData_64kb.dat" 1976
"C:/Users/EnekoMartinGomez/AppData/Local/UnrealEngine/Common/DerivedDataCache/TestData/0/TestData_128kb.dat" 1977
"C:/Users/EnekoMartinGomez/AppData/Local/UnrealEngine/Common/DerivedDataCache/TestData/1/TestData_128kb.dat" 1978
"C:/Users/EnekoMartinGomez/AppData/Local/UnrealEngine/Common/DerivedDataCache/TestData/0/TestData_256kb.dat" 1979
"C:/Users/EnekoMartinGomez/AppData/Local/UnrealEngine/Common/DerivedDataCache/TestData/1/TestData_256kb.dat" 1980
"C:/Users/EnekoMartinGomez/AppData/Roaming/Unreal Engine/UnrealBuildTool/BuildConfiguration.xml" 1981
"../../../../../../Users/EnekoMartinGomez/Desktop/Proyecto III/Casita/Casita/Intermediate/ShaderAutogen/PCD3D_SM6/AutogenShaderHeaders.ush" 1982
"../../../Engine/Shaders/Private/HairStrands/HairStrandsVertexFactory.ush" 1983
"../../../Engine/Shaders/Private/VertexFactoryCommon.ush" 1984
"../../../Engine/Shaders/Private/Common.ush" 1985
"../../../Engine/Shaders/Public/Platform.ush" 1986
"../../../Engine/Shaders/Public/FP16Math.ush" 1987
"../../../Engine/Shaders/Public/Platform/D3D/D3DCommon.ush" 1988
"../../../Engine/Shaders/Shared/HLSLReservedSpaces.h" 1989
"../../../Engine/Shaders/Public/BindlessResources.ush" 1990
"../../../Engine/Shaders/Public/Platform/D3D/PlatformBindlessResources.ush" 1991
"../../../Engine/Shaders/Shared/RayTracingBuiltInResources.h" 1992
"../../../Engine/Shaders/Shared/RayTracingDefinitions.h" 1993
"../../../Engine/Shaders/Public/OverloadMacros.ush" 1994
"../../../Engine/Shaders/Public/ShaderVersion.ush" 1995
"../../../Engine/Shaders/Shared/ThirdParty/NVIDIA/nvHLSLExtns.h" 1996
"../../../Engine/Shaders/Shared/ThirdParty/NVIDIA/nvHLSLExtnsInternal.h" 1997
"../../../Engine/Shaders/Shared/ThirdParty/NVIDIA/nvShaderExtnEnums.h" 1998
"../../../Engine/Shaders/Private/PackUnpack.ush" 1999
"../../../Engine/Shaders/Private/GeneratedUniformBufferTypes.ush" 2000
"../../../Engine/Shaders/Private/Nanite/NanitePackedNaniteView.ush" 2001
"../../../Engine/Shaders/Private/HairStrands/HairStrandsVisibilityCommonStruct.ush" 2002
"../../../Engine/Shaders/Private/HairStrands/HairStrandsVoxelPageCommonStruct.ush" 2003
"../../../Engine/Shaders/Private/HairStrands/HairStrandsDeepShadowCommonStruct.ush" 2004
"../../../Engine/Shaders/Shared/LightSceneData.h" 2005
"../../../Engine/Shaders/Shared/HLSLTypeAliases.h" 2006
"../../../Engine/Shaders/Private/LargeWorldCoordinates.ush" 2007
"../../../Engine/Shaders/Private/DoubleFloat.ush" 2008
"../../../Engine/Shaders/Private/RandomPCG.ush" 2009
"../../../Engine/Shaders/Private/DoubleFloatOperations.ush" 2010
"../../../Engine/Shaders/Private/DoubleFloatVectorDefinition.ush" 2011
"../../../Engine/Shaders/Private/LWCOperations.ush" 2012
"../../../Engine/Shaders/Shared/LightViewData.h" 2013
"../../../Engine/Shaders/Shared/RayTracingTypes.h" 2014
"../../../Engine/Shaders/Shared/HLSLStaticAssert.h" 2015
"../../../Engine/Shaders/Private/CommonViewUniformBuffer.ush" 2016
"../../../Engine/Shaders/Private/InstancedStereo.ush" 2017
"../../../Engine/Shaders/Private/Definitions.usf" 2018
"../../../Engine/Shaders/Private/AssertionMacros.ush" 2019
"../../../Engine/Shaders/Private/FastMath.ush" 2020
"../../../Engine/Shaders/Private/FastMathThirdParty.ush" 2021
"../../../Engine/Shaders/Private/Random.ush" 2022
"../../../Engine/Shaders/Private/RandomInterleavedGradientNoise.ush" 2023
"../../../Engine/Shaders/Private/SceneData.ush" 2024
"../../../Engine/Shaders/Private/OctahedralCommon.ush" 2025
"../../../Engine/Shaders/Private/WaveOpUtil.ush" 2026
"../../../Engine/Shaders/Private/ByteBuffer.ush" 2027
"../../../Engine/Shaders/Shared/SceneDefinitions.h" 2028
"../../../Engine/Shaders/Private/SceneDataMobileLoader.ush" 2029
"../../../Engine/Shaders/Private/LocalVertexFactoryCommon.ush" 2030
"../../../Engine/Shaders/Private/HairStrands/HairStrandsVisibilityCommon.ush" 2031
"../../../Engine/Shaders/Shared/HairStrandsDefinitions.h" 2032
"../../../Engine/Shaders/Private/HairStrands/HairStrandsVertexFactoryCommon.ush" 2033
"../../../Engine/Shaders/Private/HairStrands/HairStrandsPack.ush" 2034
"../../../Engine/Shaders/Private/HairStrands/HairStrandsAttributeCommon.ush" 2035
"../../../Engine/Shaders/Private/HairStrands/HairStrandsAttributeTemplate.ush" 2036
"../../../Engine/Shaders/Private/VertexFactoryDefaultInterface.ush" 2037
"../../../Engine/Shaders/Private/HairStrands/HairCardsVertexFactory.ush" 2038
"../../../Engine/Shaders/Private/HairStrands/HairCardsAttributeCommon.ush" 2039
"../../../Engine/Shaders/Private/RayTracing/RayTracingCommon.ush" 2040
"../../../Engine/Shaders/Private/ShadingCommon.ush" 2041
"../../../Engine/Shaders/Shared/RayTracingPayloadType.h" 2042
"../../../Engine/Shaders/Private/RayTracing/RayTracingRayCone.ush" 2043
"../../../Engine/Shaders/Private/Substrate/Substrate.ush" 2044
"../../../Engine/Shaders/Private/ShadingEnergyConservation.ush" 2045
"../../../Engine/Shaders/Private/ShadingEnergyConservationTemplate.ush" 2046
"../../../Engine/Shaders/Private/BRDF.ush" 2047
"../../../Engine/Shaders/Private/ColorSpace.ush" 2048
"../../../Engine/Shaders/Private/DeferredShadingCommon.ush" 2049
"../../../Engine/Shaders/Private/LightAccumulator.ush" 2050
"../../../Engine/Shaders/Private/SceneTexturesCommon.ush" 2051
"../../../Engine/Shaders/Private/MonteCarlo.ush" 2052
"../../../Engine/Shaders/Private/GBufferHelpers.ush" 2053
"../../../Engine/Shaders/Private/SceneTextureParameters.ush" 2054
"C:/Users/EnekoMartinGomez/Desktop/Proyecto III/Casita/Casita/Intermediate/ShaderAutogen/PCD3D_SM6/AutogenShaderHeaders.ush" 2055
"../../../Engine/Shaders/Private/ParticipatingMediaCommon.ush" 2056
"../../../Engine/Shaders/Private/ThinFilmBSDF.ush" 2057
"../../../Engine/Shaders/Private/MortonCode.ush" 2058
"../../../Engine/Shaders/Private/SubsurfaceProfileCommon.ush" 2059
"../../../Engine/Shaders/Private/BurleyNormalizedSSSCommon.ush" 2060
"../../../Engine/Shaders/Private/GammaCorrectionCommon.ush" 2061
"../../../Engine/Shaders/Shared/SubstrateDefinitions.h" 2062
"../../../Engine/Shaders/Private/Substrate/SubstrateStatisticalOperators.ush" 2063
"../../../Engine/Shaders/Private/Substrate/SubstrateSubsurface.ush" 2064
"../../../Engine/Shaders/Private/TransmissionCommon.ush" 2065
"../../../Engine/Shaders/Private/Substrate/SubstrateExportCommon.ush" 2066
"../../../Engine/Shaders/Private/SpecularProfileCommon.ush" 2067
"../../../Engine/Shaders/Private/RayTracing/RayTracingCommonMetal.ush" 2068
"../../../Engine/Shaders/Private/PositionReconstructionCommon.ush" 2069
"../../../Engine/Shaders/Private/RayTracing/TraceRayInline.ush" 2070
"../../../Engine/Shaders/Private/RayTracing/TraceRayInlineCommon.ush" 2071
"../../../Engine/Shaders/Private/RayTracing/TraceRayInlineVulkan.ush" 2072
"../../../Engine/Shaders/Private/RayTracing/TraceRayInlineMetal.ush" 2073
"../../../Engine/Shaders/Private/RayTracing/TraceRayInlineD3D12.ush" 2074
"../../../Engine/Shaders/Private/RayTracing/RayTracingHitGroupCommon.ush" 2075
"../../../Engine/Shaders/Private/Nanite/NaniteRayTrace.ush" 2076
"../../../Engine/Shaders/Private/Nanite/NaniteDataDecode.ush" 2077
"../../../Engine/Shaders/Private/BitPacking.ush" 2078
"../../../Engine/Shaders/Private/BitStreamReaderImplementation.ush" 2079
"../../../Engine/Shaders/Private/BoneTransform.ush" 2080
"../../../Engine/Shaders/Private/Quaternion.ush" 2081
"../../../Engine/Shaders/Shared/NaniteDefinitions.h" 2082
"../../../Engine/Shaders/Shared/SkinningDefinitions.h" 2083
"../../../Engine/Shaders/Private/Nanite/NaniteAttributeDecode.ush" 2084
"../../../Engine/Shaders/Private/Barycentrics.ush" 2085
"../../../Engine/Shaders/Private/DualNumber.ush" 2086
"../../../Engine/Shaders/Shared/ThirdParty/RayTriangleIntersection.h" 2087
"../../../Engine/Shaders/Private/Nanite/NaniteVertexFetch.ush" 2088
"../../../Engine/Shaders/Private/Nanite/NaniteSceneCommon.ush" 2089
"../../../Engine/Plugins/FX/Niagara/Shaders/Private/NiagaraSpriteVertexFactory.ush" 2090
"../../../Engine/Shaders/Private/ParticleVertexFactoryCommon.ush" 2091
"../../../Engine/Plugins/FX/Niagara/Shaders/Private/NiagaraVFCommon.usf" 2092
"../../../Engine/Plugins/FX/Niagara/Shaders/Private/NiagaraVFParticleAccess.usf" 2093
"../../../Engine/Plugins/FX/Niagara/Shaders/Private/NiagaraParticleAccess.ush" 2094
"../../../Engine/Plugins/FX/Niagara/Shaders/Private/NiagaraRibbonVertexFactory.ush" 2095
"../../../Engine/Plugins/FX/Niagara/Shaders/Private/NiagaraMeshVertexFactory.ush" 2096
"../../../Engine/Plugins/FX/Niagara/Shaders/Private/NiagaraCommon.ush" 2097
"../../../Engine/Plugins/FX/Niagara/Shaders/Private/NiagaraMeshParticleUtils.ush" 2098
"../../../Engine/Shaders/Private/VectorFieldVisualizationVertexFactory.ush" 2099
"../../../Engine/Shaders/Private/Nanite/NaniteVertexFactory.ush" 2100
"../../../Engine/Shaders/Private/LightmapData.ush" 2101
"../../../Engine/Shaders/Private/SplineMeshCommon.ush" 2102
"../../../Engine/Shaders/Shared/SplineMeshShaderParams.h" 2103
"../../../Engine/Shaders/Private/ShaderPrint.ush" 2104
"../../../Engine/Shaders/Private/ShaderPrintCommon.ush" 2105
"../../../Engine/Shaders/Private/MiniFontCommon.ush" 2106
"../../../Engine/Shaders/Private/MaterialCache/MaterialCacheCommon.ush" 2107
"../../../Engine/Shaders/Shared/MaterialCacheDefinitions.h" 2108
"../../../Engine/Shaders/Private/Nanite/NaniteVertexDeformation.ush" 2109
"../../../Engine/Shaders/Private/ViewData.ush" 2110
"../../../Engine/Shaders/Shared/ViewDefinitions.h" 2111
"../../../Engine/Shaders/Private/Matrices.ush" 2112
"../../../Engine/Shaders/Private/ParticleSpriteVertexFactory.ush" 2113
"../../../Engine/Shaders/Private/ParticleGPUSpriteVertexFactory.ush" 2114
"../../../Engine/Shaders/Private/ParticleSimulationCommon.ush" 2115
"../../../Engine/Shaders/Private/ParticleBeamTrailVertexFactory.ush" 2116
"../../../Engine/Shaders/Private/MeshParticleVertexFactory.ush" 2117
"../../../Engine/Shaders/Private/LocalVertexFactory.ush" 2118
"../../../Engine/Shaders/Private/GpuSkinCommon.ush" 2119
"../../../Engine/Shaders/Private/GpuSkinVertexFactory.ush" 2120
"../../../Engine/Shaders/Private/GeometryCollectionVertexFactory.ush" 2121
"../../../Engine/Shaders/Private/GeometryCacheVertexFactory.ush" 2122
"../../../Engine/Shaders/Private/LandscapeVertexFactory.ush" 2123
"../../../Engine/Plugins/Experimental/Compositing/CompositeCore/Shaders/Private/CompositeCoreMerge.usf" 2124
"../../../Engine/Shaders/Private/ScreenPass.ush" 2125
"../../../Engine/Shaders/Private/LensDistortion.ush" 2126
"../../../Engine/Plugins/Experimental/Compositing/CompositeCore/Shaders/Private/CompositeCoreDisplayTransform.usf" 2127
"../../../Engine/Plugins/Experimental/Compositing/CompositeCore/Shaders/Private/CompositeCoreDilate.usf" 2128
"../../../Engine/Plugins/VirtualProduction/CameraCalibrationCore/Shaders/Private/CrosshairOverlay.usf" 2129
"../../../Engine/Plugins/VirtualProduction/CameraCalibrationCore/Shaders/Private/DisplacementMapBlending.usf" 2130
"../../../Engine/Plugins/VirtualProduction/CameraCalibrationCore/Shaders/Private/RecenterSTDisplacementMaps.usf" 2131
"../../../Engine/Plugins/VirtualProduction/CameraCalibrationCore/Shaders/Private/FillSTDisplacementMap.usf" 2132
"../../../Engine/Plugins/VirtualProduction/CameraCalibrationCore/Shaders/Private/InvertDisplacementMap.usf" 2133
"../../../Engine/Plugins/VirtualProduction/CameraCalibrationCore/Shaders/Private/CropDisplacementMap.usf" 2134
"../../../Engine/Plugins/VirtualProduction/CameraCalibrationCore/Shaders/Private/BlendDisplacementMaps.usf" 2135
"../../../Engine/Plugins/VirtualProduction/CameraCalibrationCore/Shaders/Private/DrawDisplacementMaps.usf" 2136
"../../../Engine/Plugins/VirtualProduction/CameraCalibrationCore/Shaders/Private/UndistortImagePoints.usf" 2137
"../../../Engine/Plugins/VirtualProduction/CameraCalibrationCore/Shaders/Private/DistortionSTMapProcessor.usf" 2138
"../../../Engine/Plugins/NNE/NNEDenoiser/Shaders/NNEDenoiserShadersTransferFunctionOidn.usf" 2139
"../../../Engine/Plugins/NNE/NNEDenoiser/Shaders/NNEDenoiserShadersMappedCopy.usf" 2140
"../../../Engine/Plugins/NNE/NNEDenoiser/Shaders/NNEDenoiserShadersDefaultIOProcess.usf" 2141
"../../../Engine/Plugins/NNE/NNEDenoiser/Shaders/NNEDenoiserShadersAutoExposureReduceFinal.usf" 2142
"../../../Engine/Plugins/NNE/NNEDenoiser/Shaders/NNEDenoiserShadersAutoExposureReduce.usf" 2143
"../../../Engine/Plugins/NNE/NNEDenoiser/Shaders/NNEDenoiserShadersAutoExposureDownsample.usf" 2144
"../../../Engine/Plugins/Media/WmfMedia/Shaders/Private/MediaHardwareVideoDecoding.usf" 2145
"../../../Engine/Shaders/Private/ColorUtils.ush" 2146
"../../../Engine/Plugins/Media/ImgMedia/Shaders/Private/ExrSwizzler.usf" 2147
"../../../Engine/Plugins/Experimental/NFORDenoise/Shaders/NFORDenoise.usf" 2148
"../../../Engine/Plugins/Experimental/NFORDenoise/Shaders/NFORRegressionCommon.ush" 2149
"../../../Engine/Plugins/Experimental/NFORDenoise/Shaders/NFORRegression.ush" 2150
"../../../Engine/Plugins/Enterprise/GLTFExporter/Shaders/Private/SimpleTexture2DPS.usf" 2151
"../../../Engine/Shaders/Private/SimpleElementNormalMapPixelShader.usf" 2152
"../../../Engine/Plugins/Runtime/HairStrands/Shaders/Private/NiagaraCopyVelocityGrid.usf" 2153
"../../../Engine/Plugins/Runtime/HairStrands/Shaders/Private/NiagaraClearVelocityGrid.usf" 2154
"../../../Engine/Plugins/Runtime/HairStrands/Shaders/Private/NiagaraClearPressureGrid.usf" 2155
"../../../Engine/Plugins/Runtime/HairStrands/Shaders/Private/NiagaraInterpolateGroomGuides.usf" 2156
"../../../Engine/Plugins/Runtime/HairStrands/Shaders/Private/NiagaraGroomInterpolationUtils.ush" 2157
"../../../Engine/Plugins/FX/Niagara/Shaders/Private/NiagaraQuaternionUtils.ush" 2158
"../../../Engine/Shaders/Private/HairStrands/HairStrandsMesh.usf" 2159
"../../../Engine/Shaders/Private/HairStrands/HairStrandsBindingCommon.ush" 2160
"../../../Engine/Shaders/Private/HairStrands/HairStrandsFollicleMask.usf" 2161
"../../../Engine/Shaders/Private/HairStrands/HairStrandsSkinUpdate.usf" 2162
"../../../Engine/Shaders/Private/HairStrands/HairStrandsClusterCulling.usf" 2163
"../../../Engine/Shaders/Private/ColorMap.ush" 2164
"../../../Engine/Shaders/Private/HairStrands/HairStrandsAABBCommon.ush" 2165
"../../../Engine/Shaders/Private/HairStrands/HairStrandsClusterCommon.ush" 2166
"../../../Engine/Shaders/Private/ThreadGroupPrefixSum.ush" 2167
"../../../Engine/Shaders/Private/HairStrands/HairStrandsRaytracingGeometry.usf" 2168
"../../../Engine/Shaders/Private/HairStrands/HairStrandsTangent.usf" 2169
"../../../Engine/Shaders/Private/HairStrands/HairCardsDeformation.usf" 2170
"../../../Engine/Shaders/Private/HairStrands/HairStrandsInterpolation.usf" 2171
"../../../Engine/Shaders/Private/HairStrands/HairStrandsGuideDeform.usf" 2172
"../../../Engine/Shaders/Private/HairStrands/HairStrandsTexturesGeneration.usf" 2173
"../../../Engine/Shaders/Private/HairStrands/HairCardsTextureCommon.ush" 2174
"../../../Engine/Shaders/Private/HairStrands/HairStrandsTranscode.usf" 2175
"../../../Engine/Shaders/Private/HairStrands/HairStrandsDebug.usf" 2176
"../../../Engine/Shaders/Private/HairShadingCommon.ush" 2177
"../../../Engine/Shaders/Private/PostProcessCommon.ush" 2178
"../../../Engine/Shaders/Private/ShadingModels.ush" 2179
"../../../Engine/Shaders/Private/CapsuleLight.ush" 2180
"../../../Engine/Shaders/Private/RectLight.ush" 2181
"../../../Engine/Shaders/Private/LightData.ush" 2182
"../../../Engine/Shaders/Shared/LightDefinitions.h" 2183
"../../../Engine/Shaders/Private/AreaLightCommon.ush" 2184
"../../../Engine/Shaders/Private/HairBsdf.ush" 2185
"../../../Engine/Shaders/Private/MobileGGX.ush" 2186
"../../../Engine/Shaders/Private/HairStrands/HairStrandsCommon.ush" 2187
"../../../Engine/Shaders/Private/HairStrands/HairStrandsEnvironmentLightingCommon.ush" 2188
"../../../Engine/Shaders/Private/HairStrands/HairStrandsDeepTransmittanceCommon.ush" 2189
"../../../Engine/Shaders/Private/HairStrands/HairStrandsDeepTransmittanceDualScattering.ush" 2190
"../../../Engine/Shaders/Private/HairStrands/HairStrandsDeepShadowCommon.ush" 2191
"../../../Engine/Shaders/Private/HairStrands/HairStrandsDebugCommonStruct.ush" 2192
"../../../Engine/Plugins/FX/Niagara/Shaders/Private/NiagaraVertexFactoryExport.usf" 2193
"../../../Engine/Shaders/Private/ComputeShaderUtils.ush" 2194
"../../../Engine/Shaders/Private/MaterialTemplate.ush" 2195
"../../../Engine/Shaders/Private/WorldSpaceMath.ush" 2196
"../../../Engine/Shaders/Private/EyeAdaptationCommon.ush" 2197
"../../../Engine/Shaders/Private/SobolRandom.ush" 2198
"../../../Engine/Shaders/Private/DepthOfFieldCommon.ush" 2199
"../../../Engine/Shaders/Private/CircleDOFCommon.ush" 2200
"../../../Engine/Shaders/Private/DistanceField/GlobalDistanceFieldShared.ush" 2201
"../../../Engine/Shaders/Private/PhysicsFieldSampler.ush" 2202
"../../../Engine/Shaders/Private/PhysicsFieldShared.ush" 2203
"../../../Engine/Shaders/Private/SparseVolumeTexture/SparseVolumeTextureCommon.ush" 2204
"../../../Engine/Shaders/Shared/EnvironmentComponentsFlags.h" 2205
"../../../Engine/Shaders/Private/MeshPaintTextureCommon.ush" 2206
"../../../Engine/Shaders/Private/VirtualTextureMaterial.ush" 2207
"../../../Engine/Shaders/Private/MaterialCache/MaterialCacheMaterialCommon.ush" 2208
"../../../Engine/Shaders/Private/MaterialCache/MaterialCacheABuffer.ush" 2209
"../../../Engine/Shaders/Private/SpeedTreeCommon.ush" 2210
"../../../Engine/Shaders/Private/VirtualTextureCommon.ush" 2211
"../../../Engine/Shaders/Private/MaterialTexture.ush" 2212
"../../../Engine/Shaders/Private/MinMaterialTexCoords.ush" 2213
"../../../Engine/Shaders/Private/SkyAtmosphereCommon.ush" 2214
"../../../Engine/Shaders/Private/SingleLayerWaterCommon.ush" 2215
"../../../Engine/Shaders/Private/TextureSampling.ush" 2216
"../../../Engine/Shaders/Private/PaniniProjection.ush" 2217
"../../../Engine/Shaders/Private/DBufferNormalReprojection.ush" 2218
"../../../Engine/Shaders/Public/SubstratePublic.ush" 2219
"../../../Engine/Shaders/Private/Substrate/SubstrateTree.ush" 2220
"../../../Engine/Shaders/Private/Substrate/SubstrateEvaluation.ush" 2221
"../../../Engine/Shaders/Private/Substrate/Glint/GlintThirdParty.ush" 2222
"../../../Engine/Shaders/Private/BlueNoise.ush" 2223
"../../../Engine/Shaders/Private/SHCommon.ush" 2224
"../../../Engine/Shaders/Private/ShadingModelsSampling.ush" 2225
"../../../Engine/Shaders/Private/HairStrands/HairBsdfSample.ush" 2226
"../../../Engine/Shaders/Private/Substrate/SubstrateLegacyConversion.ush" 2227
"../../../Engine/Shaders/Private/DBufferDecalShared.ush" 2228
"../../../Engine/Plugins/FX/Niagara/Shaders/Private/NiagaraSortKeyGen.usf" 2229
"../../../Engine/Plugins/FX/Niagara/Shaders/Private/NiagaraGPURayTracingTransforms.usf" 2230
"../../../Engine/Plugins/FX/Niagara/Shaders/Private/NiagaraDrawIndirectArgsGen.usf" 2231
"../../../Engine/Plugins/FX/Niagara/Shaders/Private/NiagaraDispatchIndirectArgsGen.usf" 2232
"../../../Engine/Plugins/FX/Niagara/Shaders/Private/Stateless/NiagaraStatelessSimulationDefault.usf" 2233
"../../../Engine/Plugins/FX/Niagara/Shaders/Private/Stateless/NiagaraStatelessSimulationTemplate.ush" 2234
"../../../Engine/Plugins/FX/Niagara/Shaders/Private/Stateless/NiagaraStatelessCommon.ush" 2235
"../../../Engine/Plugins/FX/Niagara/Shaders/Shared/NiagaraStatelessDefinitions.h" 2236
"../../../Engine/Plugins/FX/Niagara/Shaders/Shared/NiagaraStatelessBuiltDistribution.h" 2237
"../../../Engine/Plugins/FX/Niagara/Shaders/Private/Stateless/NiagaraStatelessDistribution.ush" 2238
"../../../Engine/Plugins/FX/Niagara/Shaders/Private/Stateless/Modules/NiagaraStatelessModule_CalculateAccurateVelocity.ush" 2239
"../../../Engine/Plugins/FX/Niagara/Shaders/Private/Stateless/Modules/NiagaraStatelessModule_CameraOffset.ush" 2240
"../../../Engine/Plugins/FX/Niagara/Shaders/Private/Stateless/Modules/NiagaraStatelessModule_DynamicMaterialParameters.ush" 2241
"../../../Engine/Plugins/FX/Niagara/Shaders/Private/Stateless/Modules/NiagaraStatelessModule_InitializeParticle.ush" 2242
"../../../Engine/Plugins/FX/Niagara/Shaders/Private/Stateless/Modules/NiagaraStatelessModule_InitialMeshOrientation.ush" 2243
"../../../Engine/Plugins/FX/Niagara/Shaders/Private/Stateless/Modules/NiagaraStatelessModule_MeshIndex.ush" 2244
"../../../Engine/Plugins/FX/Niagara/Shaders/Private/Stateless/Modules/NiagaraStatelessModule_MeshRotationRate.ush" 2245
"../../../Engine/Plugins/FX/Niagara/Shaders/Private/Stateless/Modules/NiagaraStatelessModule_RotateAroundPoint.ush" 2246
"../../../Engine/Plugins/FX/Niagara/Shaders/Private/Stateless/Modules/NiagaraStatelessModule_ShapeLocation.ush" 2247
"../../../Engine/Plugins/FX/Niagara/Shaders/Private/Stateless/Modules/NiagaraStatelessModule_ScaleColor.ush" 2248
"../../../Engine/Plugins/FX/Niagara/Shaders/Private/Stateless/Modules/NiagaraStatelessModule_ScaleRibbonWidth.ush" 2249
"../../../Engine/Plugins/FX/Niagara/Shaders/Private/Stateless/Modules/NiagaraStatelessModule_ScaleSpriteSize.ush" 2250
"../../../Engine/Plugins/FX/Niagara/Shaders/Private/Stateless/Modules/NiagaraStatelessModule_ScaleSpriteSizeBySpeed.ush" 2251
"../../../Engine/Plugins/FX/Niagara/Shaders/Private/Stateless/Modules/NiagaraStatelessModule_ScaleMeshSize.ush" 2252
"../../../Engine/Plugins/FX/Niagara/Shaders/Private/Stateless/Modules/NiagaraStatelessModule_ScaleMeshSizebySpeed.ush" 2253
"../../../Engine/Plugins/FX/Niagara/Shaders/Private/Stateless/Modules/NiagaraStatelessModule_SolveVelocitiesAndForces.ush" 2254
"../../../Engine/Plugins/FX/Niagara/Shaders/Private/Stateless/Modules/NiagaraStatelessModule_SpriteFacingAndAlignment.ush" 2255
"../../../Engine/Plugins/FX/Niagara/Shaders/Private/Stateless/Modules/NiagaraStatelessModule_SpriteRotationRate.ush" 2256
"../../../Engine/Plugins/FX/Niagara/Shaders/Private/Stateless/Modules/NiagaraStatelessModule_SubUVAnimation.ush" 2257
"../../../Engine/Plugins/FX/Niagara/Shaders/Private/NiagaraBlendSVTsToDenseBuffer.usf" 2258
"../../../Engine/Plugins/FX/Niagara/Shaders/Private/NiagaraSVTToDenseBuffer.usf" 2259
"../../../Engine/Plugins/FX/Niagara/Shaders/Private/NiagaraFillIntBuffer.usf" 2260
"../../../Engine/Plugins/FX/Niagara/Shaders/Private/NiagaraComputeFreeIDs.usf" 2261
"../../../Engine/Plugins/FX/Niagara/Shaders/Private/NiagaraInitFreeIDBuffer.usf" 2262
"../../../Engine/Plugins/FX/Niagara/Shaders/Private/NiagaraEmitterInstanceShader.usf" 2263
"../../../Engine/Plugins/FX/Niagara/Shaders/Private/NiagaraShaderVersion.ush" 2264
"../../../Engine/Plugins/FX/Niagara/Shaders/Private/NiagaraPhysicsCommon.ush" 2265
"../../../Engine/Plugins/FX/Niagara/Shaders/Private/Ribbons/NiagaraRibbonAggregationApply.usf" 2266
"../../../Engine/Plugins/FX/Niagara/Shaders/Private/Ribbons/NiagaraRibbonCommon.ush" 2267
"../../../Engine/Plugins/FX/Niagara/Shaders/Private/Ribbons/NiagaraRibbonAggregationStep.usf" 2268
"../../../Engine/Plugins/FX/Niagara/Shaders/Private/Ribbons/NiagaraRibbonGenerateIndices.usf" 2269
"../../../Engine/Plugins/FX/Niagara/Shaders/Private/Ribbons/NiagaraRibbonInitializeIndices.usf" 2270
"../../../Engine/Plugins/FX/Niagara/Shaders/Private/Ribbons/NiagaraRibbonRibbonUVParamCalculation.usf" 2271
"../../../Engine/Plugins/FX/Niagara/Shaders/Private/Ribbons/NiagaraRibbonVertexReductionFinalization.usf" 2272
"../../../Engine/Plugins/FX/Niagara/Shaders/Private/Ribbons/NiagaraRibbonVertexReductionInitialization.usf" 2273
"../../../Engine/Plugins/FX/Niagara/Shaders/Private/Ribbons/NiagaraRibbonSortParticles.usf" 2274
"../../../Engine/Plugins/FX/Niagara/Shaders/Private/NiagaraLWCHelper.usf" 2275
"../../../Engine/Plugins/FX/Niagara/Shaders/Private/NiagaraUpdateMeshGPUSceneInstances.usf" 2276
"../../../Engine/Shaders/Private/GPUScene/GPUSceneWriter.ush" 2277
"../../../Engine/Plugins/FX/Niagara/Shaders/Private/NiagaraGenerateMips.usf" 2278
"../../../Engine/Plugins/FX/Niagara/Shaders/Private/NiagaraDebugDraw.usf" 2279
"../../../Engine/Plugins/FX/Niagara/Shaders/Private/NiagaraDebugDraw.ush" 2280
"../../../Engine/Plugins/FX/Niagara/Shaders/Private/NiagaraVisualizeTexture.usf" 2281
"../../../Engine/Plugins/FX/Niagara/Shaders/Private/NiagaraClearCounts.usf" 2282
"../../../Engine/Plugins/FX/Niagara/Shaders/Private/NiagaraBatchedElements.usf" 2283
"../../../Engine/Plugins/FX/Niagara/Shaders/Private/NiagaraRayTracingShaders.usf" 2284
"../../../Engine/Plugins/FX/Niagara/Shaders/Private/NiagaraAsyncGpuTraceCommon.ush" 2285
"../../../Engine/Shaders/Private/HashTable.ush" 2286
"../../../Engine/Shaders/Private/Hash.ush" 2287
"../../../Engine/Shaders/Private/RayTracing/VFXTraceRay.ush" 2288
"../../../Engine/Plugins/FX/Niagara/Shaders/Private/NiagaraRayMarchingShaders.usf" 2289
"../../../Engine/Plugins/FX/Niagara/Shaders/Private/NiagaraRayTraceCollisionGroupShaders.usf" 2290
"../../../Engine/Plugins/FX/Niagara/Shaders/Private/NiagaraAsyncGpuTraceUtils.usf" 2291
"../../../Engine/Plugins/Runtime/ComputeFramework/Shaders/Private/ComputeKernel.usf" 2292
"../../../Engine/Plugins/Runtime/ComputeFramework/Shaders/Private/ComputeKernelCommon.ush" 2293
"../../../Engine/Shaders/Private/VirtualTextureAdapter.usf" 2294
"../../../Engine/Shaders/Private/BlockCompressionCommon.ush" 2295
"../../../Engine/Shaders/Private/BCCompressionCommon.ush" 2296
"../../../Engine/Shaders/Private/TranslucentLightingShaders.usf" 2297
"../../../Engine/Shaders/Private/CubemapCommon.ush" 2298
"../../../Engine/Shaders/Private/VectorFieldCompositeShaders.usf" 2299
"../../../Engine/Shaders/Private/UpdateTextureShaders.usf" 2300
"../../../Engine/Shaders/Private/StereoLayerShader.usf" 2301
"../../../Engine/Shaders/Private/SparseVolumeTexture/UpdateSparseVolumeTexture.usf" 2302
"../../../Engine/Shaders/Private/MorphTargets.usf" 2303
"../../../Engine/Shaders/Private/SimpleElementColorChannelMaskPixelShader.usf" 2304
"../../../Engine/Shaders/Private/SimpleElementHitProxyPixelShader.usf" 2305
"../../../Engine/Shaders/Private/SimpleElementPixelShader.usf" 2306
"../../../Engine/Shaders/Private/IESLightProfilesCommon.ush" 2307
"../../../Engine/Shaders/Private/SimpleElementVertexShader.usf" 2308
"../../../Engine/Shaders/Private/ScreenPixelShaderOES.usf" 2309
"../../../Engine/Shaders/Private/ScreenVertexShader.usf" 2310
"../../../Engine/Shaders/Private/ScreenPixelShader.usf" 2311
"../../../Engine/Shaders/Private/SSProfilePreIntegratedMobile.usf" 2312
"../../../Engine/Shaders/Private/SpecularProfile.usf" 2313
"../../../Engine/Shaders/Private/Nanite/NaniteStreaming.usf" 2314
"../../../Engine/Shaders/Private/Nanite/NaniteStreaming.ush" 2315
"../../../Engine/Shaders/Private/Nanite/NaniteTranscode.usf" 2316
"../../../Engine/Shaders/Private/VolumetricLightmapStreaming.usf" 2317
"../../../Engine/Shaders/Private/PhysicsFieldReset.usf" 2318
"../../../Engine/Shaders/Private/PhysicsFieldBuilder.usf" 2319
"../../../Engine/Shaders/Private/PhysicsFieldEval.ush" 2320
"../../../Engine/Shaders/Private/ParticleSortKeyGen.usf" 2321
"../../../Engine/Shaders/Private/ParticleBoundsShader.usf" 2322
"../../../Engine/Shaders/Private/ParticleSimVisualizeShader.usf" 2323
"../../../Engine/Shaders/Private/ParticleInjectionShader.usf" 2324
"../../../Engine/Shaders/Private/ParticleSimulationShader.usf" 2325
"../../../Engine/Shaders/Private/ParticleCurveInjectionShader.usf" 2326
"../../../Engine/Shaders/Private/CopyUIntBuffer.usf" 2327
"../../../Engine/Shaders/Private/RadixSortShaders.usf" 2328
"../../../Engine/Shaders/Private/RecomputeTangentsPerVertexPass.usf" 2329
"../../../Engine/Shaders/Private/RecomputeTangentsCommon.ush" 2330
"../../../Engine/Shaders/Private/RecomputeTangentsPerTrianglePass.usf" 2331
"../../../Engine/Shaders/Private/GpuSkinCacheComputeShader.usf" 2332
"../../../Engine/Shaders/Private/HeightFieldAtlasManagement.usf" 2333
"../../../Engine/Shaders/Private/Landscape/LandscapeEditLayersUtils.usf" 2334
"../../../Engine/Shaders/Private/Landscape/LandscapeCommon.ush" 2335
"../../../Engine/Shaders/Private/Landscape/LandscapeEditLayersWeightmaps.usf" 2336
"../../../Engine/Shaders/Private/Landscape/LandscapeEditLayersHeightmaps.usf" 2337
"../../../Engine/Shaders/Private/Landscape/LandscapeLayersWeightmapsPS.usf" 2338
"../../../Engine/Shaders/Private/Landscape/LandscapeLayersHeightmapsPS.usf" 2339
"../../../Engine/Shaders/Private/LandscapeLayersCS.usf" 2340
"../../../Engine/Shaders/Private/LandscapeLayersPS.usf" 2341
"../../../Engine/Shaders/Private/LandscapeLayersVS.usf" 2342
"../../../Engine/Shaders/Private/LandscapePhysicalMaterial.usf" 2343
"../../../Engine/Shaders/Private/LandscapeGrassWeight.usf" 2344
"../../../Engine/Shaders/Private/Landscape/LandscapeCulling.usf" 2345
"../../../Engine/Shaders/Private/Nanite/NaniteHZBCull.ush" 2346
"../../../Engine/Shaders/Private/HZB.ush" 2347
"../../../Engine/Shaders/Private/Landscape/LandscapeMergeTexturesPS.usf" 2348
"../../../Engine/Shaders/Private/WideCustomResolveShaders.usf" 2349
"../../../Engine/Shaders/Private/WideCustomResolve_Wide.ush" 2350
"../../../Engine/Shaders/Private/WideCustomResolve_Wider.ush" 2351
"../../../Engine/Shaders/Private/WideCustomResolve_Widest.ush" 2352
"../../../Engine/Shaders/Private/WaterInfoTextureBlur.usf" 2353
"../../../Engine/Shaders/Private/WaterInfoTextureMerge.usf" 2354
"../../../Engine/Shaders/Private/PageTableUpdate.usf" 2355
"../../../Engine/Shaders/Private/VirtualTextureCompress.usf" 2356
"../../../Engine/Shaders/Private/ASTCCompressionCommon.ush" 2357
"../../../Engine/Shaders/Private/IntegerSequenceEncoding.ush" 2358
"../../../Engine/Shaders/Private/ETCCompressionCommon.ush" 2359
"../../../Engine/Shaders/Private/VirtualTextureMaterial.usf" 2360
"../../../Engine/Shaders/Private/PixelShaderOutputCommon.ush" 2361
"../../../Engine/Shaders/Private/ShaderOutputCommon.ush" 2362
"../../../Engine/Shaders/Private/VolumetricRenderTarget.usf" 2363
"../../../Engine/Shaders/Private/HeightFogCommon.ush" 2364
"../../../Engine/Shaders/Private/LocalFogVolumes/LocalFogVolumeCommon.ush" 2365
"../../../Engine/Shaders/Private/ReflectionEnvironmentShared.ush" 2366
"../../../Engine/Shaders/Private/VolumetricFogVoxelization.usf" 2367
"../../../Engine/Shaders/Private/VolumetricCloudMaterialPixelCommon.ush" 2368
"../../../Engine/Shaders/Private/VolumetricFogLightFunction.usf" 2369
"../../../Engine/Shaders/Private/LightFunctionCommon.ush" 2370
"../../../Engine/Shaders/Private/VolumetricFog.usf" 2371
"../../../Engine/Shaders/Private/DeferredLightingCommon.ush" 2372
"../../../Engine/Shaders/Private/DynamicLightingCommon.ush" 2373
"../../../Engine/Shaders/Private/CapsuleLightIntegrate.ush" 2374
"../../../Engine/Shaders/Private/CapsuleLightSampling.ush" 2375
"../../../Engine/Shaders/Private/RectLightIntegrate.ush" 2376
"../../../Engine/Shaders/Private/ScreenSpaceShadowRayCast.ush" 2377
"../../../Engine/Shaders/Private/LightFunctionAtlas/LightFunctionAtlasCommon.usf" 2378
"../../../Engine/Shaders/Private/HeterogeneousVolumes/HeterogeneousVolumesAdaptiveVolumetricShadowMapSampling.ush" 2379
"../../../Engine/Shaders/Private/HeterogeneousVolumes/HeterogeneousVolumesAdaptiveVolumetricShadowMapUtils.ush" 2380
"../../../Engine/Shaders/Private/HeterogeneousVolumes/HeterogeneousVolumesRayMarchingUtils.ush" 2381
"../../../Engine/Shaders/Private/HeterogeneousVolumes/HeterogeneousVolumesRayMarchingTypes.ush" 2382
"../../../Engine/Shaders/Private/PathTracing/Utilities/PathTracingRandomSequence.ush" 2383
"../../../Engine/Shaders/Private/HeterogeneousVolumes/HeterogeneousVolumesTracingUtils.ush" 2384
"../../../Engine/Shaders/Private/VelocityCommon.ush" 2385
"../../../Engine/Shaders/Private/HeterogeneousVolumes/HeterogeneousVolumesTransmittanceVolumeUtils.ush" 2386
"../../../Engine/Shaders/Private/ForwardShadowingCommon.ush" 2387
"../../../Engine/Shaders/Private/ShadowFilteringCommon.ush" 2388
"../../../Engine/Shaders/Private/PixelQuadMessagePassing.ush" 2389
"../../../Engine/Shaders/Private/VolumeLightingCommon.ush" 2390
"../../../Engine/Shaders/Private/ShadowProjectionCommon.ush" 2391
"../../../Engine/Shaders/Private/VolumeLightingCommonSampling.ush" 2392
"../../../Engine/Shaders/Private/Lumen/LumenTranslucencyVolumeShared.ush" 2393
"../../../Engine/Shaders/Private/Lumen/LumenRadianceCacheInterpolation.ush" 2394
"../../../Engine/Shaders/Private/HeterogeneousVolumes/HeterogeneousVolumesAdaptiveVolumetricShadowMapSampler.ush" 2395
"../../../Engine/Shaders/Private/LightGridCommon.ush" 2396
"../../../Engine/Shaders/Private/DistanceFieldAOShared.ush" 2397
"../../../Engine/Shaders/Private/IntersectionUtils.ush" 2398
"../../../Engine/Shaders/Private/VolumetricLightmapShared.ush" 2399
"../../../Engine/Shaders/Private/LightDataUniforms.ush" 2400
"../../../Engine/Shaders/Private/VirtualShadowMaps/VirtualShadowMapProjectionCommon.ush" 2401
"../../../Engine/Shaders/Private/VirtualShadowMaps/VirtualShadowMapPageAccessCommon.ush" 2402
"../../../Engine/Shaders/Shared/VirtualShadowMapDefinitions.h" 2403
"../../../Engine/Shaders/Shared/HLSLMathAliases.h" 2404
"../../../Engine/Shaders/Private/VirtualShadowMaps/VirtualShadowMapProjectionStructs.ush" 2405
"../../../Engine/Shaders/Private/VolumetricCloudCommon.ush" 2406
"../../../Engine/Shaders/Private/VolumetricCloud.usf" 2407
"../../../Engine/Shaders/Private/VisualizeVolumetricLightmap.usf" 2408
"../../../Engine/Shaders/Private/VirtualShadowMaps/VirtualShadowMapProjectionComposite.usf" 2409
"../../../Engine/Shaders/Private/LightShaderParameters.ush" 2410
"../../../Engine/Shaders/Private/VirtualShadowMaps/VirtualShadowMapMaskBitsCommon.ush" 2411
"../../../Engine/Shaders/Private/VirtualShadowMaps/VirtualShadowMapLightGrid.ush" 2412
"../../../Engine/Shaders/Private/VirtualShadowMaps/VirtualShadowMapProjection.usf" 2413
"../../../Engine/Shaders/Private/Visualization.ush" 2414
"../../../Engine/Shaders/Private/VirtualShadowMaps/VirtualShadowMapProjectionFilter.ush" 2415
"../../../Engine/Shaders/Private/VirtualShadowMaps/VirtualShadowMapProjectionDirectional.ush" 2416
"../../../Engine/Shaders/Private/VirtualShadowMaps/VirtualShadowMapSMRTCommon.ush" 2417
"../../../Engine/Shaders/Private/VirtualShadowMaps/VirtualShadowMapSMRTTemplate.ush" 2418
"../../../Engine/Shaders/Private/VirtualShadowMaps/VirtualShadowMapProjectionSpot.ush" 2419
"../../../Engine/Shaders/Private/VirtualShadowMaps/VirtualShadowMapTransmissionCommon.ush" 2420
"../../../Engine/Shaders/Private/VirtualShadowMaps/VirtualShadowMapScreenRayTrace.ush" 2421
"../../../Engine/Shaders/Private/VirtualShadowMaps/VirtualShadowMapStats.ush" 2422
"../../../Engine/Shaders/Private/HairStrands/HairStrandsVoxelPageCommon.ush" 2423
"../../../Engine/Shaders/Private/HairStrands/HairStrandsVoxelPageTraversal.ush" 2424
"../../../Engine/Shaders/Private/VirtualShadowMaps/VirtualShadowMapCacheGPUInvalidation.usf" 2425
"../../../Engine/Shaders/Private/VirtualShadowMaps/VirtualShadowMapPageCacheCommon.ush" 2426
"../../../Engine/Shaders/Private/VirtualShadowMaps/VirtualShadowMapCacheInvalidation.ush" 2427
"../../../Engine/Shaders/Private/VirtualShadowMaps/VirtualShadowMapPageOverlap.ush" 2428
"../../../Engine/Shaders/Private/ScreenSpaceDenoise/SSDDefinitions.ush" 2429
"../../../Engine/Shaders/Private/InstanceCulling/InstanceCullingLoadBalancer.ush" 2430
"../../../Engine/Shaders/Private/VirtualShadowMaps/VirtualShadowMapCacheLoadBalancer.usf" 2431
"../../../Engine/Shaders/Private/VirtualShadowMaps/VirtualShadowMapCopyStats.usf" 2432
"../../../Engine/Shaders/Private/VirtualShadowMaps/VirtualShadowMapDebug.usf" 2433
"../../../Engine/Shaders/Private/VirtualShadowMaps/Desaturate.usf" 2434
"../../../Engine/Shaders/Private/VirtualShadowMaps/VirtualShadowMapPhysicalPageManagement.usf" 2435
"../../../Engine/Shaders/Private/ReductionCommon.ush" 2436
"../../../Engine/Shaders/Private/GPUMessaging.ush" 2437
"../../../Engine/Shaders/Private/VirtualShadowMaps/VirtualShadowMapPerPageDispatch.ush" 2438
"../../../Engine/Shaders/Private/VirtualShadowMaps/VirtualShadowMapCompactViews.usf" 2439
"../../../Engine/Shaders/Shared/SceneCullingDefinitions.h" 2440
"../../../Engine/Shaders/Private/VirtualShadowMaps/VirtualShadowMapBuildPerPageDrawCommands.usf" 2441
"../../../Engine/Shaders/Private/Nanite/NaniteCullingCommon.ush" 2442
"../../../Engine/Shaders/Private/Nanite/NaniteCulling.ush" 2443
"../../../Engine/Shaders/Private/Nanite/NaniteHierarchyTraversalCommon.ush" 2444
"../../../Engine/Shaders/Private/InstanceCulling/InstanceCullingCommon.ush" 2445
"../../../Engine/Shaders/Shared/InstanceCullingDefinitions.h" 2446
"../../../Engine/Shaders/Private/VirtualShadowMaps/VirtualShadowMapPrintStats.usf" 2447
"../../../Engine/Shaders/Private/VirtualShadowMaps/VirtualShadowMapPageManagement.usf" 2448
"../../../Engine/Shaders/Private/VirtualShadowMaps/VirtualShadowMapPageMarking.usf" 2449
"../../../Engine/Shaders/Shared/SingleLayerWaterDefinitions.h" 2450
"../../../Engine/Shaders/Private/HairStrands/HairStrandsTileCommon.ush" 2451
"../../../Engine/Shaders/Private/Froxel/Froxel.ush" 2452
"../../../Engine/Shaders/Shared/FroxelDefinitions.h" 2453
"../../../Engine/Shaders/Private/DiaphragmDOF/DOFCommon.ush" 2454
"../../../Engine/Shaders/Private/VariableRateShading/VRSShadingRatePreview.usf" 2455
"../../../Engine/Shaders/Private/VariableRateShading/VRSShadingRateCommon.ush" 2456
"../../../Engine/Shaders/Private/VariableRateShading/VRSShadingRateCombine.usf" 2457
"../../../Engine/Shaders/Private/VariableRateShading/VRSShadingRateFoveated.usf" 2458
"../../../Engine/Shaders/Private/VariableRateShading/VRSShadingRateReproject.usf" 2459
"../../../Engine/Shaders/Private/VariableRateShading/VRSShadingRateCalculate.usf" 2460
"../../../Engine/Shaders/Private/TranslucencyUpsampling.usf" 2461
"../../../Engine/Shaders/Private/ComposeSeparateTranslucency.usf" 2462
"../../../Engine/Shaders/Private/SeparateTranslucency.ush" 2463
"../../../Engine/Shaders/Private/TranslucentLightInjectionShaders.usf" 2464
"../../../Engine/Shaders/Private/TranslucentShadowDepthShaders.usf" 2465
"../../../Engine/Shaders/Private/ShadowDepthCommon.ush" 2466
"../../../Engine/Shaders/Private/RayTracing/RayTracingTest.usf" 2467
"../../../Engine/Shaders/Private/PostprocessSubsurfaceTile.usf" 2468
"../../../Engine/Shaders/Private/PostProcessSubsurfaceCommon.ush" 2469
"../../../Engine/Shaders/Private/Substrate/SubstrateVisualize.usf" 2470
"../../../Engine/Shaders/Private/Substrate/SubstrateTile.ush" 2471
"../../../Engine/Shaders/Shared/SubstrateVisualizeDefinitions.h" 2472
"../../../Engine/Shaders/Private/Substrate/SubstrateVisualizeCommon.ush" 2473
"../../../Engine/Shaders/Private/SkyLightingDiffuseShared.ush" 2474
"../../../Engine/Shaders/Private/SkyLightingShared.ush" 2475
"../../../Engine/Shaders/Private/ClearCoatCommon.ush" 2476
"../../../Engine/Shaders/Private/ReflectionEnvironmentComposite.ush" 2477
"../../../Engine/Shaders/Private/Substrate/SubstrateLightingCommon.ush" 2478
"../../../Engine/Shaders/Private/Substrate/SubstrateRoughRefraction.usf" 2479
"../../../Engine/Shaders/Private/PathTracing/Material/PathTracingFresnel.ush" 2480
"../../../Engine/Shaders/Private/PathTracing/Material/PathTracingGlossy.ush" 2481
"../../../Engine/Shaders/Private/Substrate/SubstrateMaterialSampling.usf" 2482
"../../../Engine/Shaders/Private/Substrate/SubstrateMaterialSampling.ush" 2483
"../../../Engine/Shaders/Private/Lumen/LumenPosition.ush" 2484
"../../../Engine/Shaders/Private/Substrate/SubstrateTile.usf" 2485
"../../../Engine/Shaders/Private/Substrate/SubstrateMaterialClassification.usf" 2486
"../../../Engine/Shaders/Private/Substrate/SubstrateDBuffer.usf" 2487
"../../../Engine/Shaders/Private/StochasticLighting/StochasticLightingDenoising.usf" 2488
"../../../Engine/Shaders/Private/Lumen/LumenMaterial.ush" 2489
"../../../Engine/Shaders/Private/StochasticLighting/StochasticLightingCommon.ush" 2490
"../../../Engine/Shaders/Private/SplineMeshSceneTexture.usf" 2491
"../../../Engine/Shaders/Private/SparseVolumeTexture/VisualizeSparseVolumeTexture.usf" 2492
"../../../Engine/Shaders/Private/SkyAtmosphere.usf" 2493
"../../../Engine/Shaders/Private/Skinning/SkinnedMeshDebug.usf" 2494
"../../../Engine/Shaders/Private/Skinning/AnimBankEval.usf" 2495
"../../../Engine/Shaders/Private/SingleLayerWaterComposite.usf" 2496
"../../../Engine/Shaders/Private/Froxel/FroxelBuild.ush" 2497
"../../../Engine/Shaders/Private/SingleLayerWaterRefractionCulling.usf" 2498
"../../../Engine/Shaders/Private/ScreenSpaceShadows.usf" 2499
"../../../Engine/Shaders/Private/bend_sss_gpu.ush" 2500
"../../../Engine/Shaders/Private/ShadowFactorsUpsampleCommon.ush" 2501
"../../../Engine/Shaders/Private/FirstPersonSelfShadow.usf" 2502
"../../../Engine/Shaders/Private/HZBTracing.ush" 2503
"../../../Engine/Shaders/Private/ShadowProjectionVertexShader.usf" 2504
"../../../Engine/Shaders/Private/ShadowProjectionPixelShader.usf" 2505
"../../../Engine/Shaders/Private/MobileLightingCommon.ush" 2506
"../../../Engine/Shaders/Private/PlanarReflectionShared.ush" 2507
"../../../Engine/Shaders/Private/MobileSSR.ush" 2508
"../../../Engine/Shaders/Private/SSRT/SSRTRayCast.ush" 2509
"../../../Engine/Shaders/Private/ShadowPercentageCloserFiltering.ush" 2510
"../../../Engine/Shaders/Private/TransmissionThickness.ush" 2511
"../../../Engine/Shaders/Private/CopyShadowMaps.usf" 2512
"../../../Engine/Shaders/Private/ShadowDepthPixelShader.usf" 2513
"../../../Engine/Shaders/Private/ShadowDepthVertexShader.usf" 2514
"../../../Engine/Shaders/Private/ShadingEnergyConservationTable.usf" 2515
"../../../Engine/Shaders/Shared/PathTracingDefinitions.h" 2516
"../../../Engine/Shaders/Private/ShadingFurnaceTest.usf" 2517
"../../../Engine/Shaders/Private/Substrate/SubstrateDeferredLighting.ush" 2518
"../../../Engine/Shaders/Private/ShaderPrintDraw.usf" 2519
"../../../Engine/Shaders/Private/ShaderPrintDrawPrimitive.usf" 2520
"../../../Engine/Shaders/Private/DefaultSSRTiles.usf" 2521
"../../../Engine/Shaders/Private/ScreenSpaceReflectionTileCommons.ush" 2522
"../../../Engine/Shaders/Private/SSRT/SSRTDiffuseIndirect.usf" 2523
"../../../Engine/Shaders/Private/SSRT/SSRTTileClassificationBuffer.ush" 2524
"../../../Engine/Shaders/Private/SSRT/SSRTReflections.usf" 2525
"../../../Engine/Shaders/Private/ScreenSpaceDenoise/SSDPublic.ush" 2526
"../../../Engine/Shaders/Private/SSRT/SSRTTileClassification.usf" 2527
"../../../Engine/Shaders/Private/SSRT/SSRTPrevFrameReduction.usf" 2528
"../../../Engine/Shaders/Private/ScreenSpaceDenoise/SSDComposeHarmonics.usf" 2529
"../../../Engine/Shaders/Private/ScreenSpaceDenoise/SSDPublicHarmonics.ush" 2530
"../../../Engine/Shaders/Private/ScreenSpaceDenoise/SSDSignalFramework.ush" 2531
"../../../Engine/Shaders/Private/ScreenSpaceDenoise/SSDCommon.ush" 2532
"../../../Engine/Shaders/Private/SphericalGaussian.ush" 2533
"../../../Engine/Shaders/Public/WaveBroadcastIntrinsics.ush" 2534
"../../../Engine/Shaders/Private/ScreenSpaceDenoise/SSDMetadata.ush" 2535
"../../../Engine/Shaders/Private/ScreenSpaceDenoise/SSDSignalCore.ush" 2536
"../../../Engine/Shaders/Private/ScreenSpaceDenoise/DenoisingCommon.ush" 2537
"../../../Engine/Shaders/Private/ScreenSpaceDenoise/SSDSignalArray.ush" 2538
"../../../Engine/Shaders/Private/ScreenSpaceDenoise/SSDSignalBufferEncoding.ush" 2539
"../../../Engine/Shaders/Private/ScreenSpaceDenoise/SSDPublicBufferEncoding.ush" 2540
"../../../Engine/Shaders/Private/Lumen/LumenBufferEncoding.ush" 2541
"../../../Engine/Shaders/Private/ScreenSpaceDenoise/SSDTemporalAccumulation.usf" 2542
"../../../Engine/Shaders/Private/ScreenSpaceDenoise/SSDSpatialKernel.ush" 2543
"../../../Engine/Shaders/Private/ScreenSpaceDenoise/SSDSignalAccumulatorArray.ush" 2544
"../../../Engine/Shaders/Private/ScreenSpaceDenoise/SSDSignalAccumulator.ush" 2545
"../../../Engine/Shaders/Private/ScreenSpaceDenoise/SSDSignalCompression.ush" 2546
"../../../Engine/Shaders/Private/ScreenSpaceDenoise/SSDSpatialAccumulation.usf" 2547
"../../../Engine/Shaders/Private/ScreenSpaceDenoise/SSDInjest.usf" 2548
"../../../Engine/Shaders/Private/ScreenSpaceDenoise/SSDCompressMetadata.usf" 2549
"../../../Engine/Shaders/Private/DownsampleDepthPixelShader.usf" 2550
"../../../Engine/Shaders/Private/ScreenPass.usf" 2551
"../../../Engine/Shaders/Private/HZB.usf" 2552
"../../../Engine/Shaders/Private/OcclusionFeedbackShaders.usf" 2553
"../../../Engine/Shaders/Private/HZBOcclusion.usf" 2554
"../../../Engine/Shaders/Private/OcclusionQueryPixelShader.usf" 2555
"../../../Engine/Shaders/Private/OcclusionQueryVertexShader.usf" 2556
"../../../Engine/Shaders/Private/HitProxyCopy.usf" 2557
"../../../Engine/Shaders/Private/HitProxyPixelShader.usf" 2558
"../../../Engine/Shaders/Private/HitProxyVertexShader.usf" 2559
"../../../Engine/Shaders/Private/SceneCulling/SceneCullingDebugRender.usf" 2560
"../../../Engine/Shaders/Private/SceneCulling/SceneCulling.ush" 2561
"../../../Engine/Shaders/Private/SceneCulling/SceneCullingBuildExplicitBounds.usf" 2562
"../../../Engine/Shaders/Private/SceneCapturePixelShader.usf" 2563
"../../../Engine/Shaders/Private/RendererUtils.usf" 2564
"../../../Engine/Shaders/Private/RTWriteMaskDecode.usf" 2565
"../../../Engine/Shaders/Private/ReflectionEnvironmentShaders.usf" 2566
"../../../Engine/Shaders/Private/RectLightAtlas.usf" 2567
"../../../Engine/Shaders/Private/RayTracing/TraceRayInlineStatistics.usf" 2568
"../../../Engine/Shaders/Private/RayTracing/CompositeSkyLightPS.usf" 2569
"../../../Engine/Shaders/Private/RayTracing/GenerateSkyLightVisibilityRaysCS.usf" 2570
"../../../Engine/Shaders/Private/RayTracing/RayTracingSkyLightCommon.ush" 2571
"../../../Engine/Shaders/Private/RayTracing/SkyLightVisibilityRaysData.ush" 2572
"../../../Engine/Shaders/Private/Raytracing/RaytracingSkylightRGS.usf" 2573
"../../../Engine/Shaders/Private/HairStrands/HairStrandsRaytracing.ush" 2574
"../../../Engine/Shaders/Private/Raytracing/RayTracingSkyLightEvaluation.ush" 2575
"../../../Engine/Shaders/Private/Raytracing/RayTracingDeferredShadingCommon.ush" 2576
"../../../Engine/Shaders/Private/RayTracing/RayTracingOcclusionRGS.usf" 2577
"../../../Engine/Shaders/Private/RayTracing/RayTracingDirectionalLight.ush" 2578
"../../../Engine/Shaders/Private/RayTracing/RayTracingRectLight.ush" 2579
"../../../Engine/Shaders/Private/RayTracing/RayTracingSphereLight.ush" 2580
"../../../Engine/Shaders/Private/RayTracing/RayTracingCapsuleLight.ush" 2581
"../../../Engine/Shaders/Private/Raytracing/RayTracingFeedback.usf" 2582
"../../../Engine/Shaders/Shared/RayTracingDebugTypes.h" 2583
"../../../Engine/Shaders/Private/RayTracing/RayTracingPrimaryRays.usf" 2584
"../../../Engine/Shaders/Private/RayTracing/RayTracingLightingCommon.ush" 2585
"../../../Engine/Shaders/Private/RayTracing/RayTracingLightCullingCommon.ush" 2586
"../../../Engine/Shaders/Private/RayTracing/RayTracingMaterialDefaultHitShaders.usf" 2587
"../../../Engine/Shaders/Private/RayTracing/RayTracingMaterialHitShaders.usf" 2588
"../../../Engine/Shaders/Private/RayTracing/RayTracingShaderUtils.ush" 2589
"../../../Engine/Shaders/Private/RayTracing/RayTracingCalcInterpolants.ush" 2590
"../../../Engine/Shaders/Private/LightmapCommon.ush" 2591
"../../../Engine/Shaders/Private/Lumen/LumenHardwareRayTracingPayloadCommon.ush" 2592
"../../../Engine/Shaders/Shared/LumenDefinitions.h" 2593
"../../../Engine/Shaders/Private/Substrate/SubstrateExport.ush" 2594
"../../../Engine/Shaders/Private/RayTracing/RayTracingLightingMS.usf" 2595
"../../../Engine/Shaders/Private/Lumen/LumenDiffuseColorBoost.ush" 2596
"../../../Engine/Shaders/Private/RayTracing/RayTracingLightFunctionCommon.ush" 2597
"../../../Engine/Shaders/Private/RayTracing/RayTracingBuildLightGrid.usf" 2598
"../../../Engine/Shaders/Private/Raytracing/RayTracingInstanceBufferUtil.usf" 2599
"../../../Engine/Shaders/Private/RayTracing/RayTracingDynamicMesh.usf" 2600
"../../../Engine/Shaders/Private/RayTracing/RayTracingDefaultDecalHitShader.usf" 2601
"../../../Engine/Shaders/Private/RayTracing/RayTracingDecalMaterialShader.usf" 2602
"../../../Engine/Shaders/Private/PathTracing/PathTracingShaderUtils.ush" 2603
"../../../Engine/Shaders/Private/PathTracing/PathTracingCommon.ush" 2604
"../../../Engine/Shaders/Private/PathTracing/Material/PathTracingMaterialCommon.ush" 2605
"../../../Engine/Shaders/Private/PathTracing/Utilities/PathTracingRIS.ush" 2606
"../../../Engine/Shaders/Private/RayTracing/RayTracingBuildDecalGrid.usf" 2607
"../../../Engine/Shaders/Private/RayTracing/RayTracingDebugHitStatsUtils.usf" 2608
"../../../Engine/Shaders/Private/RayTracing/RayTracingDebugInstanceOverlap.usf" 2609
"../../../Engine/Shaders/Private/RayTracing/RayTracingDebugPicking.usf" 2610
"../../../Engine/Shaders/Private/RayTracing/RayTracingDebugUtils.ush" 2611
"../../../Engine/Shaders/Private/RayTracing/RayTracingDebugTraversal.usf" 2612
"../../../Engine/Shaders/Private/RayTracing/RayTracingDeferredMaterials.ush" 2613
"../../../Engine/Shaders/Shared/ThirdParty/AMD/ags_shader_intrinsics_dx12.h" 2614
"../../../Engine/Shaders/Shared/RayTracingDebugDefinitions.h" 2615
"../../../Engine/Shaders/Private/RayTracing/RayTracingDebugHitStatsCHS.usf" 2616
"../../../Engine/Shaders/Private/RayTracing/RayTracingDebugHitStats.usf" 2617
"../../../Engine/Shaders/Private/RayTracing/RayTracingDebugMS.usf" 2618
"../../../Engine/Shaders/Private/RayTracing/RayTracingDebugCHS.usf" 2619
"../../../Engine/Shaders/Private/RayTracing/RayTracingDebug.usf" 2620
"../../../Engine/Shaders/Private/RayTracing/RayTracingBuiltInShaders.usf" 2621
"../../../Engine/Shaders/Private/RayTracing/RayTracingBarycentrics.usf" 2622
"../../../Engine/Shaders/Private/RayTracing/RayTracingAmbientOcclusionRGS.usf" 2623
"../../../Engine/Shaders/Private/VisualizeShadingModels.usf" 2624
"../../../Engine/Shaders/Private/MotionBlur/VisualizeMotionVectors.usf" 2625
"../../../Engine/Shaders/Private/TemporalSuperResolution/TSRVisualize.usf" 2626
"../../../Engine/Shaders/Private/TemporalSuperResolution/TSRColorSpace.ush" 2627
"../../../Engine/Shaders/Private/TemporalSuperResolution/TSRCommon.ush" 2628
"../../../Engine/Shaders/Public/DualPixelVectorization.ush" 2629
"../../../Engine/Shaders/Private/TemporalSuperResolution/TSRReprojectionField.ush" 2630
"../../../Engine/Shaders/Private/TemporalSuperResolution/TSRResolveHistory.usf" 2631
"../../../Engine/Shaders/Private/TemporalSuperResolution/TSRConvolutionNetwork.ush" 2632
"../../../Engine/Shaders/Private/TemporalSuperResolution/TSRKernels.ush" 2633
"../../../Engine/Shaders/Public/LaneVectorization.ush" 2634
"../../../Engine/Shaders/Private/TemporalSuperResolution/TSRUpdateHistory.usf" 2635
"../../../Engine/Shaders/Private/TemporalSuperResolution/TSRSpatialAntiAliasing.ush" 2636
"../../../Engine/Shaders/Private/TemporalSuperResolution/TSRSpatialAntiAliasing.usf" 2637
"../../../Engine/Shaders/Private/TemporalSuperResolution/TSRRejectShading.usf" 2638
"../../../Engine/Shaders/Private/TemporalSuperResolution/TSRShadingAnalysis.ush" 2639
"../../../Engine/Shaders/Private/TemporalSuperResolution/TSRConvolutionNetworkPass.ush" 2640
"../../../Engine/Shaders/Private/TemporalSuperResolution/TSRDecimateHistory.usf" 2641
"../../../Engine/Shaders/Private/TemporalSuperResolution/TSRDepthVelocityAnalysis.ush" 2642
"../../../Engine/Shaders/Private/TemporalSuperResolution/TSRClosestOccluder.ush" 2643
"../../../Engine/Shaders/Private/TemporalSuperResolution/TSRWeightRelaxation.usf" 2644
"../../../Engine/Shaders/Private/TemporalSuperResolution/TSRThinGeometryCommon.ush" 2645
"../../../Engine/Shaders/Private/TemporalSuperResolution/TSRDetectThinGeometry.usf" 2646
"../../../Engine/Shaders/Private/TemporalSuperResolution/TSRDilateVelocity.usf" 2647
"../../../Engine/Shaders/Private/MotionBlur/MotionBlurVelocityFlatten.ush" 2648
"../../../Engine/Shaders/Private/MotionBlur/MotionBlurCommon.ush" 2649
"../../../Engine/Shaders/Private/TemporalSuperResolution/TSRClearPrevTextures.usf" 2650
"../../../Engine/Shaders/Private/TemporalSuperResolution/TSRMeasureCoverage.usf" 2651
"../../../Engine/Shaders/Private/TemporalSuperResolution/TSRMeasureFlickeringLuma.usf" 2652
"../../../Engine/Shaders/Private/TemporalAA.usf" 2653
"../../../Engine/Shaders/Private/FilterPixelShader.usf" 2654
"../../../Engine/Shaders/Private/FilterVertexShader.usf" 2655
"../../../Engine/Shaders/Private/VisualizeVirtualTexture.usf" 2656
"../../../Engine/Shaders/Private/PostProcessVisualizeBuffer.usf" 2657
"../../../Engine/Shaders/Private/PostProcessVisualizeLocalExposure.usf" 2658
"../../../Engine/Shaders/Private/PostProcessHistogramCommon.ush" 2659
"../../../Engine/Shaders/Private/TonemapCommon.ush" 2660
"../../../Engine/Shaders/Private/ACES/ACESCommon.ush" 2661
"../../../Engine/Shaders/Private/ACES/ACESOutputTransform.ush" 2662
"../../../Engine/Shaders/Private/ACES/ACESUtilities.ush" 2663
"../../../Engine/Shaders/Private/ACES/ACESTonescale.ush" 2664
"../../../Engine/Shaders/Private/ACES/ACESDisplayEncoding.ush" 2665
"../../../Engine/Shaders/Private/ACES/ACES_v1.3.ush" 2666
"../../../Engine/Shaders/Private/PostProcessVisualizeLevelInstance.usf" 2667
"../../../Engine/Shaders/Private/PostProcessVisualizeHDR.usf" 2668
"../../../Engine/Shaders/Private/ShaderComplexityApplyPixelShader.usf" 2669
"../../../Engine/Shaders/Private/QuadOverdraw.ush" 2670
"../../../Engine/Shaders/Private/PostProcessUpscale.usf" 2671
"../../../Engine/Shaders/Private/PostProcessTonemap.usf" 2672
"../../../Engine/Shaders/Private/PostProcessing/FilmGrainPackConstants.usf" 2673
"../../../Engine/Shaders/Private/PostProcessing/FilmGrainReduce.usf" 2674
"../../../Engine/Shaders/Private/PostProcessTestImage.usf" 2675
"../../../Engine/Shaders/Private/PostProcessSubsurface.usf" 2676
"../../../Engine/Shaders/Private/SeparableSSS.ush" 2677
"../../../Engine/Shaders/Private/SubsurfaceBurleyNormalized.ush" 2678
"../../../Engine/Shaders/Private/PostProcessSelectionOutline.usf" 2679
"../../../Engine/Shaders/Private/MotionBlur/MotionBlurVisualize.usf" 2680
"../../../Engine/Shaders/Private/MotionBlur/MotionBlurApply.usf" 2681
"../../../Engine/Shaders/Private/MotionBlur/MotionBlurFilterTileClassify.usf" 2682
"../../../Engine/Shaders/Private/MotionBlur/MotionBlurTileScatter.usf" 2683
"../../../Engine/Shaders/Private/MotionBlur/MotionBlurTileGather.usf" 2684
"../../../Engine/Shaders/Private/MotionBlur/MotionBlurVelocityFlatten.usf" 2685
"../../../Engine/Shaders/Private/PostProcessMobile.usf" 2686
"../../../Engine/Shaders/Private/PostProcessMitchellNetravali.usf" 2687
"../../../Engine/Shaders/Private/PostProcessMaterialShaders.usf" 2688
"../../../Engine/Shaders/Private/NeuralPostProcessCommon.usf" 2689
"../../../Engine/Shaders/Private/PostProcessLocalExposure.usf" 2690
"../../../Engine/Shaders/Private/PostProcessLensFlares.usf" 2691
"../../../Engine/Shaders/Private/PostProcessGBufferHints.usf" 2692
"../../../Engine/Shaders/Private/PostProcessHMD.usf" 2693
"../../../Engine/Shaders/Private/Histogram.usf" 2694
"../../../Engine/Shaders/Private/PostProcessHistogramReduce.usf" 2695
"../../../Engine/Shaders/Private/PostProcessHistogram.usf" 2696
"../../../Engine/Shaders/Private/Bloom/BloomFinalizeApplyConstants.usf" 2697
"../../../Engine/Shaders/Private/Bloom/BloomCommon.ush" 2698
"../../../Engine/Shaders/Private/Bloom/BloomResizeKernel.usf" 2699
"../../../Engine/Shaders/Private/Bloom/BloomDownsampleKernel.usf" 2700
"../../../Engine/Shaders/Private/Bloom/BloomClampKernel.usf" 2701
"../../../Engine/Shaders/Private/Bloom/BloomPackKernelConstants.usf" 2702
"../../../Engine/Shaders/Private/Bloom/BloomSumScatterDispersionEnergy.usf" 2703
"../../../Engine/Shaders/Private/Bloom/BloomReduceKernelSurvey.usf" 2704
"../../../Engine/Shaders/Private/Bloom/BloomSurveyKernelCenterEnergy.usf" 2705
"../../../Engine/Shaders/Private/Bloom/BloomSurveyMaxScatterDispersion.usf" 2706
"../../../Engine/Shaders/Private/Bloom/BloomFindKernelCenter.usf" 2707
"../../../Engine/Shaders/Private/PostProcessEyeAdaptation.usf" 2708
"../../../Engine/Shaders/Private/TranslucencyVolumeCommon.ush" 2709
"../../../Engine/Shaders/Private/PostProcessEyeAdaptationUtils.usf" 2710
"../../../Engine/Shaders/Private/PostProcessDownsample.usf" 2711
"../../../Engine/Shaders/Private/PostProcessDOF.usf" 2712
"../../../Engine/Shaders/Private/PostProcessDeviceEncodingOnly.usf" 2713
"../../../Engine/Shaders/Private/PostProcessCompositePrimitives.usf" 2714
"../../../Engine/Shaders/Private/PostProcessCombineLUTs.usf" 2715
"../../../Engine/Shaders/Private/PostProcessVisualizeDOF.usf" 2716
"../../../Engine/Shaders/Private/PostProcessBloom.usf" 2717
"../../../Engine/Shaders/Private/PostProcessAmbientOcclusionMobile.usf" 2718
"../../../Engine/Shaders/Private/PostProcessAmbientOcclusionCommon.ush" 2719
"../../../Engine/Shaders/Private/FXAAShader.usf" 2720
"../../../Engine/Shaders/Private/Fxaa3_11.ush" 2721
"../../../Engine/Shaders/Private/PaniniProjection.usf" 2722
"../../../Engine/Shaders/Private/DiaphragmDOF/DOFRecombine.usf" 2723
"../../../Engine/Shaders/Private/DiaphragmDOF/DOFHybridScatterPixelShader.usf" 2724
"../../../Engine/Shaders/Private/DiaphragmDOF/DOFHybridScatterCommon.ush" 2725
"../../../Engine/Shaders/Private/DiaphragmDOF/DOFVignetteCommon.ush" 2726
"../../../Engine/Shaders/Private/DiaphragmDOF/DOFHybridScatterVertexShader.usf" 2727
"../../../Engine/Shaders/Private/DiaphragmDOF/DOFPostfiltering.usf" 2728
"../../../Engine/Shaders/Private/DiaphragmDOF/DOFGatherTileSuggest.ush" 2729
"../../../Engine/Shaders/Private/DiaphragmDOF/DOFCocTileCommon.ush" 2730
"../../../Engine/Shaders/Private/DiaphragmDOF/DOFGatherPass.usf" 2731
"../../../Engine/Shaders/Private/DiaphragmDOF/DOFGatherCommon.ush" 2732
"../../../Engine/Shaders/Private/DiaphragmDOF/DOFGatherAccumulator.ush" 2733
"../../../Engine/Shaders/Private/DiaphragmDOF/DOFGatherKernel.ush" 2734
"../../../Engine/Shaders/Private/DiaphragmDOF/DOFBokehLUT.usf" 2735
"../../../Engine/Shaders/Private/DiaphragmDOF/DOFHybridScatterCompilation.usf" 2736
"../../../Engine/Shaders/Private/DiaphragmDOF/DOFReduce.usf" 2737
"../../../Engine/Shaders/Private/DiaphragmDOF/DOFDownsample.ush" 2738
"../../../Engine/Shaders/Private/DiaphragmDOF/DOFHybridScatterCompilation.ush" 2739
"../../../Engine/Shaders/Private/DiaphragmDOF/DOFDownsample.usf" 2740
"../../../Engine/Shaders/Private/DiaphragmDOF/DOFCocTileDilate.usf" 2741
"../../../Engine/Shaders/Private/DiaphragmDOF/DOFCocTileFlatten.usf" 2742
"../../../Engine/Shaders/Private/DiaphragmDOF/DOFSetup.usf" 2743
"../../../Engine/Shaders/Private/Tools/DebugAlphaChannel.usf" 2744
"../../../Engine/Shaders/Private/PostProcessAlphaInvert.usf" 2745
"../../../Engine/Shaders/Private/PlanarReflectionShaders.usf" 2746
"../../../Engine/Shaders/Private/PhysicsFieldVisualizer.usf" 2747
"../../../Engine/Shaders/Private/PathTracing/PathTracingSpatialTemporalDenoising.usf" 2748
"../../../Engine/Shaders/Private/ColorDifference.ush" 2749
"../../../Engine/Shaders/Private/PathTracing/PathTracingCompositingPixelShader.usf" 2750
"../../../Engine/Shaders/Private/PathTracing/PathTracingAdaptiveUtils.ush" 2751
"../../../Engine/Shaders/Private/PathTracing/PathTracingDefaultHitShader.usf" 2752
"../../../Engine/Shaders/Private/PathTracing/PathTracingGPULightmassMaterialHitShader.usf" 2753
"../../../Engine/Shaders/Private/PathTracing/PathTracingMaterialHitShader.usf" 2754
"../../../Engine/Shaders/Private/PathTracing/Material/PathTracingSubstrateCommon.ush" 2755
"../../../Engine/Shaders/Private/PathTracing/PathTracingLightingMissShader.usf" 2756
"../../../Engine/Shaders/Private/PathTracing/PathTracingMissShader.usf" 2757
"../../../Engine/Shaders/Private/PathTracing/PathTracingAdaptiveStart.usf" 2758
"../../../Engine/Shaders/Private/PathTracing/PathTracingBuildAdaptiveError.usf" 2759
"../../../Engine/Shaders/Private/PathTracing/PathTracingVolumetricCloudMaterialShader.usf" 2760
"../../../Engine/Shaders/Private/PathTracing/Volume/PathTracingCloudsMaterialCommon.ush" 2761
"../../../Engine/Shaders/Private/PathTracing/Volume/PathTracingVolumeCommon.ush" 2762
"../../../Engine/Shaders/Private/PathTracing/Volume/PathTracingCloudsCommon.ush" 2763
"../../../Engine/Shaders/Private/PathTracing/Volume/PathTracingFog.ush" 2764
"../../../Engine/Shaders/Private/PathTracing/Volume/PathTracingAtmosphere.ush" 2765
"../../../Engine/Shaders/Private/PathTracing/Volume/PathTracingAtmosphereCommon.ush" 2766
"../../../Engine/Shaders/Private/PathTracing/Volume/PathTracingVolumeSampling.ush" 2767
"../../../Engine/Shaders/Private/PathTracing/PathTracingBuildCloudAccelerationMap.usf" 2768
"../../../Engine/Shaders/Private/PathTracing/PathTracingBuildAtmosphereLUT.usf" 2769
"../../../Engine/Shaders/Private/PathTracing/PathTracingSwizzleScanlines.usf" 2770
"../../../Engine/Shaders/Private/PathTracing/PathTracingInitExtinctionCoefficient.usf" 2771
"../../../Engine/Shaders/Private/PathTracing/PathTracingCopyDepth.usf" 2772
"../../../Engine/Shaders/Private/PathTracing/PathTracingDebug.usf" 2773
"../../../Engine/Shaders/Private/RayTracing/RayTracingDecalGrid.ush" 2774
"../../../Engine/Shaders/Private/PathTracing/Material/PathTracingMaterialSampling.ush" 2775
"../../../Engine/Shaders/Private/PathTracing/Material/PathTracingLambert.ush" 2776
"../../../Engine/Shaders/Private/PathTracing/Material/PathTracingSubstrate.ush" 2777
"../../../Engine/Shaders/Private/PathTracing/Material/PathTracingSubstrateFoliage.ush" 2778
"../../../Engine/Shaders/Private/PathTracing/Material/PathTracingSubstrateSolidGlass.ush" 2779
"../../../Engine/Shaders/Private/PathTracing/Material/PathTracingSubstrateThinGlass.ush" 2780
"../../../Engine/Shaders/Private/PathTracing/Material/PathTracingSolidGlass.ush" 2781
"../../../Engine/Shaders/Private/PathTracing/Material/PathTracingEnergyConservation.ush" 2782
"../../../Engine/Shaders/Private/PathTracing/Material/PathTracingThinGlass.ush" 2783
"../../../Engine/Shaders/Private/PathTracing/Material/PathTracingDefaultLit.ush" 2784
"../../../Engine/Shaders/Private/PathTracing/Material/PathTracingClearCoat.ush" 2785
"../../../Engine/Shaders/Private/PathTracing/Material/PathTracingTwoSidedFoliage.ush" 2786
"../../../Engine/Shaders/Private/PathTracing/Material/PathTracingCloth.ush" 2787
"../../../Engine/Shaders/Private/PathTracing/Material/PathTracingSubsurfaceProfile.ush" 2788
"../../../Engine/Shaders/Private/PathTracing/Material/PathTracingEye.ush" 2789
"../../../Engine/Shaders/Private/PathTracing/Material/PathTracingHair.ush" 2790
"../../../Engine/Shaders/Private/PathTracing/Material/PathTracingMedium.ush" 2791
"../../../Engine/Shaders/Private/PathTracing/Light/PathTracingLightSampling.ush" 2792
"../../../Engine/Shaders/Private/PathTracing/Light/PathTracingLightCommon.ush" 2793
"../../../Engine/Shaders/Private/PathTracing/Light/PathTracingDirectionalLight.ush" 2794
"../../../Engine/Shaders/Private/PathTracing/Light/PathTracingPointLight.ush" 2795
"../../../Engine/Shaders/Private/PathTracing/Light/PathTracingCapsuleLight.ush" 2796
"../../../Engine/Shaders/Private/PathTracing/Light/PathTracingRectLight.ush" 2797
"../../../Engine/Shaders/Private/PathTracing/Light/PathTracingSkyLight.ush" 2798
"../../../Engine/Shaders/Private/PathTracing/Light/PathTracingLightGrid.ush" 2799
"../../../Engine/Shaders/Private/PathTracing/PathTracing.usf" 2800
"../../../Engine/Shaders/Private/PathTracing/PathTracingCore.ush" 2801
"../../../Engine/Shaders/Private/HeterogeneousVolumes/HeterogeneousVolumesVoxelGridTypes.ush" 2802
"../../../Engine/Shaders/Private/PathTracing/Volume/PathTracingVolume.ush" 2803
"../../../Engine/Shaders/Private/PathTracing/Volume/PathTracingClouds.ush" 2804
"../../../Engine/Shaders/Private/PathTracing/Volume/PathTracingHeterogeneousVolumes.ush" 2805
"../../../Engine/Shaders/Private/HeterogeneousVolumes/HeterogeneousVolumesVoxelGridTraversal.ush" 2806
"../../../Engine/Shaders/Private/HeterogeneousVolumes/HeterogeneousVolumesVoxelGridUtils.ush" 2807
"../../../Engine/Shaders/Private/HeterogeneousVolumes/HeterogeneousVolumesFrustumVoxelGridUtils.ush" 2808
"../../../Engine/Shaders/Private/PathTracing/PathTracingBuildLightGrid.usf" 2809
"../../../Engine/Shaders/Private/PathTracing/PathTracingSkylightMISCompensation.usf" 2810
"../../../Engine/Shaders/Private/PathTracing/PathTracingSkylightPrepare.usf" 2811
"../../../Engine/Shaders/Private/OIT/OITSorting.usf" 2812
"../../../Engine/Shaders/Private/OITCombine.usf" 2813
"../../../Engine/Shaders/Private/OITCommon.ush" 2814
"../../../Engine/Shaders/Private/Nanite/Voxel/RasterizeBricks.usf" 2815
"../../../Engine/Shaders/Private/Nanite/Voxel/Brick.ush" 2816
"../../../Engine/Shaders/Private/Nanite/Voxel/Voxel.ush" 2817
"../../../Engine/Shaders/Private/Nanite/Voxel/ScatterBricks.usf" 2818
"../../../Engine/Shaders/Private/Nanite/Voxel/TileBricks.usf" 2819
"../../../Engine/Shaders/Private/Nanite/Voxel/AutoVoxel.usf" 2820
"../../../Engine/Shaders/Private/Nanite/NaniteDebugViews.usf" 2821
"../../../Engine/Shaders/Private/Nanite/NaniteEditorCommon.ush" 2822
"../../../Engine/Shaders/Private/BinarySearch.ush" 2823
"../../../Engine/Shaders/Private/Nanite/NaniteDepthDecode.usf" 2824
"../../../Engine/Shaders/Private/HTileEncoding.ush" 2825
"../../../Engine/Shaders/Private/Nanite/NaniteVisualize.usf" 2826
"../../../Engine/Shaders/Private/Nanite/NaniteStreamOut.usf" 2827
"../../../Engine/Shaders/Private/Nanite/NaniteHierarchyTraversal.ush" 2828
"../../../Engine/Shaders/Private/Nanite/NaniteSkinningUpdateViewData.usf" 2829
"../../../Engine/Shaders/Private/Skinning/TransformProviders.usf" 2830
"../../../Engine/Shaders/Private/Nanite/NaniteShadeBinning.usf" 2831
"../../../Engine/Shaders/Private/Nanite/NaniteShadeCommon.ush" 2832
"../../../Engine/Shaders/Private/Nanite/NaniteFastClear.usf" 2833
"../../../Engine/Shaders/Private/Nanite/NaniteExportGBuffer.usf" 2834
"../../../Engine/Shaders/Private/Nanite/NaniteClusterCulling.usf" 2835
"../../../Engine/Shaders/Private/Nanite/NanitePrintStats.usf" 2836
"../../../Engine/Shaders/Private/Nanite/NaniteRasterizer.usf" 2837
"../../../Engine/Shaders/Private/Nanite/NaniteRasterizationCommon.ush" 2838
"../../../Engine/Shaders/Private/Nanite/NaniteRasterizer.ush" 2839
"../../../Engine/Shaders/Private/Nanite/NaniteWritePixel.ush" 2840
"../../../Engine/Shaders/Private/Nanite/NaniteTessellation.ush" 2841
"../../../Engine/Shaders/Private/WorkDistribution.ush" 2842
"../../../Engine/Shaders/Private/Nanite/NaniteDice.ush" 2843
"../../../Engine/Shaders/Private/ShaderBundleWorkGraphCommon.ush" 2844
"../../../Engine/Shaders/Public/RootConstants.ush" 2845
"../../../Engine/Shaders/Public/Platform/D3D/D3DRootConstants.ush" 2846
"../../../Engine/Shaders/Private/Nanite/NaniteSplit.usf" 2847
"../../../Engine/Shaders/Private/Nanite/NaniteRasterBinning.usf" 2848
"../../../Engine/Shaders/Private/Nanite/NaniteInstanceCulling.usf" 2849
"../../../Engine/Shaders/Private/Nanite/NaniteImposter.ush" 2850
"../../../Engine/Shaders/Private/Nanite/NaniteInstanceHierarchyCulling.usf" 2851
"../../../Engine/Shaders/Private/WorkGroupLoadBalancer.ush" 2852
"../../../Engine/Shaders/Private/Nanite/NanitePrimitiveFilter.usf" 2853
"../../../Engine/Shaders/Private/Nanite/NaniteRasterClear.usf" 2854
"../../../Engine/Shaders/Private/Nanite/NaniteDepthExport.usf" 2855
"../../../Engine/Shaders/Private/Nanite/NaniteEmitShadow.usf" 2856
"../../../Engine/Shaders/Private/MobileDeferredUtils.usf" 2857
"../../../Engine/Shaders/Private/MobileLocalLightsBuffer.usf" 2858
"../../../Engine/Shaders/Private/MobileFog.usf" 2859
"../../../Engine/Shaders/Private/DistortApplyScreenPS.usf" 2860
"../../../Engine/Shaders/Private/MobileDeferredShading.usf" 2861
"../../../Engine/Shaders/Private/MobileBasePassPixelShader.usf" 2862
"../../../Engine/Shaders/Private/MobileBasePassCommon.ush" 2863
"../../../Engine/Shaders/Private/BasePassCommon.ush" 2864
"../../../Engine/Shaders/Private/ShadingModelsMaterial.ush" 2865
"../../../Engine/Shaders/Private/ThinTranslucentCommon.ush" 2866
"../../../Engine/Shaders/Private/SingleLayerWaterShading.ush" 2867
"../../../Engine/Shaders/Private/DistortionCommon.ush" 2868
"../../../Engine/Shaders/Private/Substrate/SubstrateMobileForwardLighting.ush" 2869
"../../../Engine/Shaders/Private/MobileBasePassVertexShader.usf" 2870
"../../../Engine/Shaders/Private/MeshEdges.usf" 2871
"../../../Engine/Shaders/Private/MegaLights/MegaLightsVSMTracing.usf" 2872
"../../../Engine/Shaders/Private/MegaLights/MegaLights.ush" 2873
"../../../Engine/Shaders/Shared/MegaLightsDefinitions.h" 2874
"../../../Engine/Shaders/Private/HairStrands/HairStrandsVisibilityUtils.ush" 2875
"../../../Engine/Shaders/Private/MegaLights/MegaLightsRayTracing.ush" 2876
"../../../Engine/Shaders/Private/MegaLights/MegaLightsRayTracing.usf" 2877
"../../../Engine/Shaders/Private/DistanceField/GlobalDistanceFieldUtils.ush" 2878
"../../../Engine/Shaders/Private/Lumen/LumenScreenTracing.ush" 2879
"../../../Engine/Shaders/Private/MegaLights/MegaLightsVolumeRayTracing.usf" 2880
"../../../Engine/Shaders/Private/MegaLights/MegaLightsVolume.ush" 2881
"../../../Engine/Shaders/Private/MegaLights/MegaLightsVolumeHardwareRayTracing.usf" 2882
"../../../Engine/Shaders/Private/Lumen/LumenHardwareRayTracingCommon.ush" 2883
"../../../Engine/Shaders/Private/RayTracing/RayTracingReflectionEnvironment.ush" 2884
"../../../Engine/Shaders/Private/Lumen/LumenHardwareRayTracingPlatformCommon.ush" 2885
"../../../Engine/Shaders/Private/Lumen/LumenReflectionsCombine.ush" 2886
"../../../Engine/Shaders/Private/Lumen/LumenTracingCommon.ush" 2887
"../../../Engine/Shaders/Private/Lumen/SurfaceCache/LumenSurfaceCacheSampling.ush" 2888
"../../../Engine/Shaders/Private/Lumen/SurfaceCache/LumenSurfaceCache.ush" 2889
"../../../Engine/Shaders/Private/Lumen/LumenCardCommon.ush" 2890
"../../../Engine/Shaders/Private/Lumen/LumenCardTileShadowDownsampleFactor.ush" 2891
"../../../Engine/Shaders/Private/MegaLights/MegaLightsHardwareRayTracing.usf" 2892
"../../../Engine/Shaders/Private/MegaLights/MegaLights.usf" 2893
"../../../Engine/Shaders/Private/MegaLights/MegaLightsShading.ush" 2894
"../../../Engine/Shaders/Private/MegaLights/MegaLightsFilterVisibleLightHash.usf" 2895
"../../../Engine/Shaders/Private/MegaLights/MegaLightsDenoiserSpatial.usf" 2896
"../../../Engine/Shaders/Private/Lumen/LumenReflectionDenoiserCommon.ush" 2897
"../../../Engine/Shaders/Private/MegaLights/MegaLightsDenoiserTemporal.usf" 2898
"../../../Engine/Shaders/Private/MegaLights/MegaLightsShading.usf" 2899
"../../../Engine/Shaders/Private/StochasticLighting/StochasticLightingUpsample.ush" 2900
"../../../Engine/Shaders/Private/MegaLights/MegaLightsVisibleLightHash.usf" 2901
"../../../Engine/Shaders/Private/MegaLights/MegaLightsVolumeShading.usf" 2902
"../../../Engine/Shaders/Private/MegaLights/MegaLightsSampling.usf" 2903
"../../../Engine/Shaders/Private/MegaLights/MegaLightsSampling.ush" 2904
"../../../Engine/Shaders/Private/MegaLights/MegaLightsVolumeSampling.usf" 2905
"../../../Engine/Shaders/Private/MaterialCache/MaterialCacheABufferPages.usf" 2906
"../../../Engine/Shaders/Private/MaterialCache/MaterialCacheShade.usf" 2907
"../../../Engine/Shaders/Private/MaterialCache/MaterialCacheUnwrapNaniteShade.usf" 2908
"../../../Engine/Shaders/Private/MaterialCache/MaterialCacheUnwrapPixelShader.usf" 2909
"../../../Engine/Shaders/Private/MaterialCache/MaterialCacheUnwrapVertexShader.usf" 2910
"../../../Engine/Shaders/Private/Lumen/LumenVisualizeRadianceCache.usf" 2911
"../../../Engine/Shaders/Private/Lumen/LumenRadianceCacheCommon.ush" 2912
"../../../Engine/Shaders/Private/Lumen/LumenVisualizeHardwareRayTracing.usf" 2913
"../../../Engine/Shaders/Private/Lumen/LumenVisualize.ush" 2914
"../../../Engine/Shaders/Private/Lumen/LumenHairTracing.ush" 2915
"../../../Engine/Shaders/Private/Lumen/LumenVisualize.usf" 2916
"../../../Engine/Shaders/Private/Lumen/LumenSoftwareRayTracing.ush" 2917
"../../../Engine/Shaders/Private/DistanceField/GlobalDistanceFieldObjectGrid.ush" 2918
"../../../Engine/Shaders/Private/DistanceFieldLightingShared.ush" 2919
"../../../Engine/Shaders/Private/Lumen/LumenVisualizeTraces.ush" 2920
"../../../Engine/Shaders/Private/Lumen/LumenTranslucencyVolumeLighting.usf" 2921
"../../../Engine/Shaders/Private/Lumen/LumenRadianceCacheMarkCommon.ush" 2922
"../../../Engine/Shaders/Private/Lumen/LumenTranslucencyVolumeLightingShared.ush" 2923
"../../../Engine/Shaders/Private/Lumen/LumenScreenProbeCommon.ush" 2924
"../../../Engine/Shaders/Private/RayTracing/RayGenUtils.ush" 2925
"../../../Engine/Shaders/Private/Lumen/LumenRadianceCacheTracingCommon.ush" 2926
"../../../Engine/Shaders/Private/Lumen/LumenTranslucencyVolumeHardwareRayTracing.usf" 2927
"../../../Engine/Shaders/Private/Lumen/LumenTranslucencyRadianceCacheMarkShaders.usf" 2928
"../../../Engine/Shaders/Private/Lumen/SurfaceCache/LumenSurfaceCache.usf" 2929
"../../../Engine/Shaders/Private/Lumen/LumenShortRangeAOHardwareRayTracing.usf" 2930
"../../../Engine/Shaders/Private/Lumen/LumenScreenSpaceBentNormal.ush" 2931
"../../../Engine/Shaders/Private/Lumen/LumenScreenSpaceBentNormal.usf" 2932
"../../../Engine/Shaders/Private/Lumen/LumenScreenProbeTracing.usf" 2933
"../../../Engine/Shaders/Private/Lumen/LumenScreenProbeTracingCommon.ush" 2934
"../../../Engine/Shaders/Private/Lumen/LumenFloatQuantization.ush" 2935
"../../../Engine/Shaders/Private/Lumen/LumenScreenProbeImportanceSampling.usf" 2936
"../../../Engine/Shaders/Private/Lumen/LumenScreenProbeImportanceSamplingShared.ush" 2937
"../../../Engine/Shaders/Private/Lumen/LumenScreenProbeHardwareRayTracing.usf" 2938
"../../../Engine/Shaders/Private/Lumen/LumenScreenProbeDebug.usf" 2939
"../../../Engine/Shaders/Private/Lumen/LumenScreenProbeGather.usf" 2940
"../../../Engine/Shaders/Private/Lumen/LumenScreenProbeGatherTemporal.usf" 2941
"../../../Engine/Shaders/Private/Lumen/LumenScreenProbeFiltering.usf" 2942
"../../../Engine/Shaders/Private/Lumen/LumenSceneLighting.usf" 2943
"../../../Engine/Shaders/Private/Lumen/LumenCardTile.ush" 2944
"../../../Engine/Shaders/Private/Lumen/LumenSceneLighting.ush" 2945
"../../../Engine/Shaders/Private/Lumen/Radiosity/LumenRadiosity.ush" 2946
"../../../Engine/Shaders/Private/Lumen/LumenSceneLightingDebug.usf" 2947
"../../../Engine/Shaders/Private/Lumen/LumenScene.usf" 2948
"../../../Engine/Shaders/Private/Lumen/LumenSceneDirectLightingHardwareRayTracing.usf" 2949
"../../../Engine/Shaders/Private/Lumen/LumenSceneDirectLightingStochastic.ush" 2950
"../../../Engine/Shaders/Private/Lumen/LumenReflectionCommon.ush" 2951
"../../../Engine/Shaders/Private/Lumen/LumenSceneDirectLighting.ush" 2952
"../../../Engine/Shaders/Private/Lumen/LumenSceneDebugHardwareRayTracing.usf" 2953
"../../../Engine/Shaders/Private/Lumen/LumenSceneDirectLightingStochastic.usf" 2954
"../../../Engine/Shaders/Private/Lumen/LumenSceneDirectLightingSoftwareRayTracing.usf" 2955
"../../../Engine/Shaders/Private/DistanceFieldShadowingShared.ush" 2956
"../../../Engine/Shaders/Private/Lumen/LumenSceneDirectLightingPerLightShadowCommon.ush" 2957
"../../../Engine/Shaders/Private/Lumen/LumenSceneDirectLightingShadowMask.usf" 2958
"../../../Engine/Shaders/Private/Lumen/LumenSceneDirectLighting.usf" 2959
"../../../Engine/Shaders/Private/Lumen/LumenSceneDirectLightingCulling.usf" 2960
"../../../Engine/Shaders/Private/Lumen/LumenCardComputeShader.usf" 2961
"../../../Engine/Shaders/Private/Lumen/LumenCardBasePass.ush" 2962
"../../../Engine/Shaders/Private/Lumen/LumenCardPixelShader.usf" 2963
"../../../Engine/Shaders/Private/Lumen/LumenCardVertexShader.usf" 2964
"../../../Engine/Shaders/Private/Lumen/LumenReSTIRGather.usf" 2965
"../../../Engine/Shaders/Private/Lumen/LumenReflectionTracing.usf" 2966
"../../../Engine/Shaders/Private/Lumen/LumenReflectionDenoiserSpatial.usf" 2967
"../../../Engine/Shaders/Private/Lumen/LumenReflectionDenoiserClear.usf" 2968
"../../../Engine/Shaders/Private/Lumen/LumenReflectionDenoiserTemporal.usf" 2969
"../../../Engine/Shaders/Private/Lumen/LumenReflectionResolve.usf" 2970
"../../../Engine/Shaders/Private/Lumen/LumenReflections.usf" 2971
"../../../Engine/Shaders/Private/Lumen/RayTracedTranslucency.usf" 2972
"../../../Engine/Shaders/Private/Lumen/LumenReflectionHardwareRayTracing.usf" 2973
"../../../Engine/Shaders/Private/Lumen/Radiosity/LumenVisualizeRadiosityProbes.usf" 2974
"../../../Engine/Shaders/Private/Lumen/Radiosity/LumenRadiosity.usf" 2975
"../../../Engine/Shaders/Private/Lumen/Radiosity/LumenRadiosityHardwareRayTracing.usf" 2976
"../../../Engine/Shaders/Private/Lumen/Radiosity/LumenRadiosityCulling.usf" 2977
"../../../Engine/Shaders/Private/Lumen/LumenRadianceCacheHardwareRayTracing.usf" 2978
"../../../Engine/Shaders/Private/Lumen/LumenRadianceCache.usf" 2979
"../../../Engine/Shaders/Private/Lumen/LumenRadianceCacheUpdate.ush" 2980
"../../../Engine/Shaders/Private/Lumen/LumenRadianceCacheDebug.usf" 2981
"../../../Engine/Shaders/Private/Lumen/LumenRadianceCacheUpdate.usf" 2982
"../../../Engine/Shaders/Private/Lumen/LumenMeshSDFCulling.usf" 2983
"../../../Engine/Shaders/Private/HybridIndirectLighting.ush" 2984
"../../../Engine/Shaders/Private/MeshDistanceFieldCommon.ush" 2985
"../../../Engine/Shaders/Private/Lumen/LumenIrradianceFieldGather.usf" 2986
"../../../Engine/Shaders/Private/Lumen/LumenHardwareRayTracingMaterials.usf" 2987
"../../../Engine/Shaders/Private/Lumen/LumenFrontLayerTranslucency.usf" 2988
"../../../Engine/Shaders/Private/LocalFogVolumes/LocalFogVolumeSplat.usf" 2989
"../../../Engine/Shaders/Private/LocalFogVolumes/LocalFogVolumeTiledCulling.usf" 2990
"../../../Engine/Shaders/Private/LightShaftShader.usf" 2991
"../../../Engine/Shaders/Private/StationaryLightOverlapShaders.usf" 2992
"../../../Engine/Shaders/Private/DeferredLightPixelShaders.usf" 2993
"../../../Engine/Shaders/Private/DeferredLightVertexShaders.usf" 2994
"../../../Engine/Shaders/Private/LightMapDensityShader.usf" 2995
"../../../Engine/Shaders/Private/LightGridInjection.usf" 2996
"../../../Engine/Shaders/Shared/LightGridDefinitions.h" 2997
"../../../Engine/Shaders/Private/LightFunctionPixelShader.usf" 2998
"../../../Engine/Shaders/Private/LightFunctionVertexShader.usf" 2999
"../../../Engine/Shaders/Private/LightFunctionAtlas/LightFunctionAtlasRender.usf" 3000
"../../../Engine/Shaders/Private/InstanceCulling/InstanceCullingOcclusionQuery.usf" 3001
"../../../Engine/Shaders/Private/InstanceCulling/InstanceCullingSetup.ush" 3002
"../../../Engine/Shaders/Private/InstanceCulling/BuildInstanceDrawCommands.usf" 3003
"../../../Engine/Shaders/Private/InstanceCulling/InstanceCompactionCommon.ush" 3004
"../../../Engine/Shaders/Private/SceneDataMobileWriter.ush" 3005
"../../../Engine/Shaders/Private/InstanceCulling/CompactVisibleInstances.usf" 3006
"../../../Engine/Shaders/Private/ReflectionEnvironmentPixelShader.usf" 3007
"../../../Engine/Shaders/Private/AmbientCubemapComposite.usf" 3008
"../../../Engine/Shaders/Private/DiffuseIndirectComposite.usf" 3009
"../../../Engine/Shaders/Private/IESAtlas.usf" 3010
"../../../Engine/Shaders/Private/HeterogeneousVolumes/HeterogeneousVolumesVoxelGridShadows.usf" 3011
"../../../Engine/Shaders/Private/HeterogeneousVolumes/HeterogeneousVolumesStochasticFiltering.ush" 3012
"../../../Engine/Shaders/Private/HeterogeneousVolumes/HeterogeneousVolumesVoxelGridRenderingUtils.ush" 3013
"../../../Engine/Shaders/Private/HeterogeneousVolumes/HeterogeneousVolumesLightingUtils.ush" 3014
"../../../Engine/Shaders/Private/HeterogeneousVolumes/HeterogeneousVolumesVoxelGridRendering.usf" 3015
"../../../Engine/Shaders/Private/HeterogeneousVolumes/HeterogeneousVolumesVoxelGridPipeline.usf" 3016
"../../../Engine/Shaders/Private/HeterogeneousVolumes/HeterogeneousVolumesMaterialBakingPipeline.usf" 3017
"../../../Engine/Shaders/Private/HeterogeneousVolumes/HeterogeneousVolumesLiveShadingUtils.ush" 3018
"../../../Engine/Shaders/Private/HeterogeneousVolumes/HeterogeneousVolumesFrustumVoxelGrid.usf" 3019
"../../../Engine/Shaders/Private/HeterogeneousVolumes/HeterogeneousVolumesSparseVoxelPipeline.usf" 3020
"../../../Engine/Shaders/Private/HeterogeneousVolumes/HeterogeneousVolumesSparseVoxelUtils.ush" 3021
"../../../Engine/Shaders/Private/HeterogeneousVolumes/HeterogeneousVolumesSparseVoxelUniformBufferUtils.ush" 3022
"../../../Engine/Shaders/Private/HeterogeneousVolumes/HeterogeneousVolumesPreshadingPipeline.usf" 3023
"../../../Engine/Shaders/Private/HeterogeneousVolumes/HeterogeneousVolumesLiveShadingShadows.usf" 3024
"../../../Engine/Shaders/Private/HeterogeneousVolumes/HeterogeneousVolumesLiveShadingGlobalPipeline.usf" 3025
"../../../Engine/Shaders/Private/HeterogeneousVolumes/HeterogeneousVolumesLiveShadingPipeline.usf" 3026
"../../../Engine/Shaders/Private/HeterogeneousVolumes/HeterogeneousVolumesHardwareRayTracing.usf" 3027
"../../../Engine/Shaders/Private/HeterogeneousVolumes/HeterogeneousVolumesAmbientOcclusionPipeline.usf" 3028
"../../../Engine/Shaders/Private/HeterogeneousVolumes/HeterogeneousVolumesComposite.usf" 3029
"../../../Engine/Shaders/Private/HdrCustomResolveShaders.usf" 3030
"../../../Engine/Shaders/Private/HairStrands/RenderCurveRaster.usf" 3031
"../../../Engine/Shaders/Private/HairStrands/HairStrandsVoxelRasterCompute.usf" 3032
"../../../Engine/Shaders/Private/HairStrands/HairStrandsHitProxy.usf" 3033
"../../../Engine/Shaders/Private/HairStrands/HairStrandsVisibilityRasterComputeNaive.usf" 3034
"../../../Engine/Shaders/Private/HairStrands/HairStrandsVisibilityRasterHW.usf" 3035
"../../../Engine/Shaders/Private/HairStrands/HairStrandsVisibilityRasterCompute.usf" 3036
"../../../Engine/Shaders/Private/HairStrands/HairStrandsVisibilityRasterClassification.usf" 3037
"../../../Engine/Shaders/Private/HairStrands/HairStrandsCoverage.usf" 3038
"../../../Engine/Shaders/Private/HairStrands/HairStrandsVisibilityDepthPS.usf" 3039
"../../../Engine/Shaders/Private/HairStrands/HairStrandsVisibilityTransmittanceDepthPS.usf" 3040
"../../../Engine/Shaders/Private/HairStrands/HairStrandsVisibilityFillOpaqueDepthPS.usf" 3041
"../../../Engine/Shaders/Private/HairStrands/HairStrandsVisibilityCompactionComputeRaster.usf" 3042
"../../../Engine/Shaders/Private/HairStrands/HairStrandsVisibilityCompaction.usf" 3043
"../../../Engine/Shaders/Private/HairStrands/HairStrandsVisibilityCopyIndirectArg.usf" 3044
"../../../Engine/Shaders/Private/HairStrands/HairStrandsVisibilityClearPS.usf" 3045
"../../../Engine/Shaders/Private/HairStrands/HairStrandsVisibilityPS.usf" 3046
"../../../Engine/Shaders/Private/HairStrands/HairStrandsVisibilityVS.usf" 3047
"../../../Engine/Shaders/Private/HairStrands/HairStrandsVelocity.usf" 3048
"../../../Engine/Shaders/Private/HairStrands/HairStrandsVisibilityComputeSampleCoverage.usf" 3049
"../../../Engine/Shaders/Private/HairStrands/HairStrandsMaterialPS.usf" 3050
"../../../Engine/Shaders/Private/HairStrands/HairStrandsMaterialCommon.ush" 3051
"../../../Engine/Shaders/Private/HairStrands/HairStrandsMaterialVS.usf" 3052
"../../../Engine/Shaders/Private/HairStrands/HairStrandsLightSample.usf" 3053
"../../../Engine/Shaders/Private/HairStrands/HairStrandsDeepShadowMask.usf" 3054
"../../../Engine/Shaders/Private/HairStrands/HairStrandsDeepTransmittanceMask.usf" 3055
"../../../Engine/Shaders/Private/HairStrands/HairStrandsVisibilityTile.usf" 3056
"../../../Engine/Shaders/Private/HairStrands/HairStrandsDeepShadowPS.usf" 3057
"../../../Engine/Shaders/Private/HairStrands/HairStrandsDeepShadowVS.usf" 3058
"../../../Engine/Shaders/Private/HairStrands/HairStrandsAABB.usf" 3059
"../../../Engine/Shaders/Private/HairStrands/HairStrandsLUT.usf" 3060
"../../../Engine/Shaders/Private/HairStrands/HairStrandsForwardRaster.usf" 3061
"../../../Engine/Shaders/Private/HairStrands/HairStrandsForwardCulling.usf" 3062
"../../../Engine/Shaders/Private/HairStrands/HairStrandsEnvironmentLighting.usf" 3063
"../../../Engine/Shaders/Private/HairStrands/HairStrandsEnvironmentAO.usf" 3064
"../../../Engine/Shaders/Private/HairStrands/HairStrandsDeepShadowAllocation.usf" 3065
"../../../Engine/Shaders/Private/HairStrands/HairStrandsVoxelDebug.usf" 3066
"../../../Engine/Shaders/Private/HairStrands/HairStrandsComposition.usf" 3067
"../../../Engine/Shaders/Private/HairStrands/HairStrandsGBufferCommon.ush" 3068
"../../../Engine/Shaders/Private/GPUScene/GPUSceneDataManagement.usf" 3069
"../../../Engine/Shaders/Private/GPUSceneDebugRender.usf" 3070
"../../../Engine/Shaders/Private/GPUFeedbackCompaction.usf" 3071
"../../../Engine/Shaders/Private/GPUFastFourierTransform.usf" 3072
"../../../Engine/Shaders/Private/GPUFastFourierTransform2DCore.ush" 3073
"../../../Engine/Shaders/Private/GPUFastFourierTransformCore.ush" 3074
"../../../Engine/Shaders/Private/GPUBenchmark.usf" 3075
"../../../Engine/Shaders/Private/DistanceField/GlobalDistanceFieldDebug.usf" 3076
"../../../Engine/Shaders/Private/DistanceField/GlobalDistanceFieldUpdate.ush" 3077
"../../../Engine/Shaders/Private/DistanceField/GlobalDistanceFieldMip.usf" 3078
"../../../Engine/Shaders/Private/DistanceField/GlobalDistanceField.usf" 3079
"../../../Engine/Shaders/Private/DistanceField/GlobalDistanceFieldCompositeObjects.usf" 3080
"../../../Engine/Shaders/Private/DistanceField/GlobalDistanceFieldHeightfields.usf" 3081
"../../../Engine/Shaders/Private/HeightfieldLightingShared.ush" 3082
"../../../Engine/Shaders/Private/GenerateConservativeDepth.usf" 3083
"../../../Engine/Shaders/Private/HeightFogPixelShader.usf" 3084
"../../../Engine/Shaders/Private/HeightFogVertexShader.usf" 3085
"../../../Engine/Shaders/Private/DistortFiltering.usf" 3086
"../../../Engine/Shaders/Private/DistortAccumulatePS.usf" 3087
"../../../Engine/Shaders/Private/DistortAccumulateVS.usf" 3088
"../../../Engine/Shaders/Private/DistanceFieldVisualization.usf" 3089
"../../../Engine/Shaders/Private/DistanceFieldStreaming.usf" 3090
"../../../Engine/Shaders/Private/DistanceFieldShadowing.usf" 3091
"../../../Engine/Shaders/Private/DistanceFieldScreenGridLighting.usf" 3092
"../../../Engine/Shaders/Private/DistanceFieldObjectCulling.usf" 3093
"../../../Engine/Shaders/Private/DistanceFieldLightingPost.usf" 3094
"../../../Engine/Shaders/Private/DitheredTransitionStencil.usf" 3095
"../../../Engine/Shaders/Private/CopyDepthTexture.usf" 3096
"../../../Engine/Shaders/Private/CopyDepthTextureCS.usf" 3097
"../../../Engine/Shaders/Private/DeferredDecal.usf" 3098
"../../../Engine/Shaders/Private/DecalCommon.ush" 3099
"../../../Engine/Shaders/Private/DebugViewModeVertexShader.usf" 3100
"../../../Engine/Shaders/Private/DebugViewModeCommon.ush" 3101
"../../../Engine/Shaders/Private/DebugViewModePixelShader.usf" 3102
"../../../Engine/Shaders/Private/DebugProbes.usf" 3103
"../../../Engine/Shaders/Private/MeshDecals.usf" 3104
"../../../Engine/Shaders/Private/PostProcessAmbientOcclusion.usf" 3105
"../../../Engine/Shaders/Private/ClusteredDeferredShadingPixelShader.usf" 3106
"../../../Engine/Shaders/Private/ClusteredDeferredShadingVertexShader.usf" 3107
"../../../Engine/Shaders/Private/CapsuleShadowShaders.usf" 3108
"../../../Engine/Shaders/Private/BasePassPixelShader.usf" 3109
"../../../Engine/Shaders/Private/ForwardLightingCommon.ush" 3110
"../../../Engine/Shaders/Private/Substrate/SubstrateForwardLighting.ush" 3111
"../../../Engine/Shaders/Private/ComputeShaderOutputCommon.ush" 3112
"../../../Engine/Shaders/Private/BasePassVertexShader.usf" 3113
"../../../Engine/Shaders/Private/BasePassVertexCommon.ush" 3114
"../../../Engine/Shaders/Private/SimpleElementVolumeTexturePreviewPixelShader.usf" 3115
"../../../Engine/Shaders/Private/SimpleElementTexture2DPreviewPixelShader.usf" 3116
"../../../Engine/Shaders/Private/meshpaintdilatepixelshader.usf" 3117
"../../../Engine/Shaders/Private/meshpaintdilatevertexshader.usf" 3118
"../../../Engine/Shaders/Private/MeshPaintPixelShader.usf" 3119
"../../../Engine/Shaders/Private/MeshPaintVertexShader.usf" 3120
"../../../Engine/Shaders/Private/SlateElementPixelShader.usf" 3121
"../../../Engine/Shaders/Private/SlateShaderCommon.ush" 3122
"../../../Engine/Shaders/Private/SlateMaskingShader.usf" 3123
"../../../Engine/Shaders/Private/SlateVertexShader.usf" 3124
"../../../Engine/Shaders/Private/CompositeUIPixelShader.usf" 3125
"../../../Engine/Shaders/Private/ColorDeficiency.ush" 3126
"../../../Engine/Shaders/Private/SlatePostProcessColorDeficiencyPixelShader.usf" 3127
"../../../Engine/Shaders/Private/SlatePostProcessPixelShader.usf" 3128
"../../../Engine/Shaders/Private/Tools/VisualizeTexture.usf" 3129
"../../../Engine/Shaders/Private/UpdateDescriptorHandle.usf" 3130
"../../../Engine/Shaders/Private/ByteBuffer.usf" 3131
"../../../Engine/Shaders/Private/ShaderBundleWorkGraphDispatch.usf" 3132
"../../../Engine/Shaders/Private/ShaderBundleDispatch.usf" 3133
"../../../Engine/Shaders/Private/ResolveVertexShader.usf" 3134
"../../../Engine/Shaders/Private/ResolvePixelShader.usf" 3135
"../../../Engine/Shaders/Private/Tools/SetupIndirectArgs.usf" 3136
"../../../Engine/Shaders/Private/ClearReplacementShaders.usf" 3137
"../../../Engine/Shaders/Private/Tools/DrawTexture.usf" 3138
"../../../Engine/Shaders/Private/RayTracing/RayTracingValidation.usf" 3139
"../../../Engine/Shaders/Private/RenderGraphUtilities.usf" 3140
"../../../Engine/Shaders/Private/OneColorShader.usf" 3141
"../../../Engine/Shaders/Private/OculusShaders.usf" 3142
"../../../Engine/Shaders/Private/MediaShaders.usf" 3143
"../../../Engine/Shaders/Private/GPUMessaging.usf" 3144
"../../../Engine/Shaders/Private/Tools/GPUDebugCrashUtils.usf" 3145
"../../../Engine/Shaders/Private/NullPixelShader.usf" 3146
"../../../Engine/Shaders/Private/ComputeGenerateMips.usf" 3147
"../../../Engine/Shaders/Private/Tools/DumpTexture.usf" 3148
"../../../Engine/Shaders/Private/CopyTextureShaders.usf" 3149
"../../../Engine/Shaders/Private/Tools/FullscreenVertexShader.usf" 3150
"../../../Engine/Shaders/Private/RayTracing/RayTracingDispatchDesc.usf" 3151
"../../../Engine/Shaders/Private/Bink.usf" 3152
"../../../Engine/Shaders/Private/VelocityShader.usf" 3153
"../../../Engine/Shaders/Private/DepthOnlyPixelShader.usf" 3154
"../../../Engine/Shaders/Private/PositionOnlyDepthVertexShader.usf" 3155
"../../../Engine/Shaders/Private/DepthOnlyVertexShader.usf" 3156
"../../../Engine/Shaders/Private/AnisotropyPassShader.usf" 3157
"C:/Users/EnekoMartinGomez/Desktop/Proyecto III/Casita/Casita/Content/Materials/Water.uasset" 3158
"C:/Users/EnekoMartinGomez/Desktop/Proyecto III/Casita/Casita/Content/Particles/NS_HardWaterSystem.uasset" 3159
"C:/Users/EnekoMartinGomez/Desktop/Proyecto III/Casita/Casita/Content/HardWaterStream/BP_Valve.uasset" 3160
"C:/Users/EnekoMartinGomez/Desktop/Proyecto III/Casita/Casita/Content/HardWaterStream/BP_HardWaterStream.uasset" 3161
"C:/Users/EnekoMartinGomez/Desktop/Proyecto III/Casita/Casita/Content/Art/Static/Building/Baserri/Baserri.uasset" 3162
"C:/Users/EnekoMartinGomez/Desktop/Proyecto III/Casita/Casita/Content/__ExternalActors__/Levels/Baserri/F/3I/GVYO8ND4TRNUZ1TTZ3X3PO.uasset" 3163
"C:/Users/EnekoMartinGomez/Desktop/Proyecto III/Casita/Casita/Content/__ExternalActors__/Levels/Baserri/8/LL/6QQYHXA946SZY5IKNWACKI.uasset" 3164
"C:/Users/EnekoMartinGomez/Desktop/Proyecto III/Casita/Casita/Content/Art/Static/Enviroment/Enviro/Valla/Valla_low.uasset" 3165
"C:/Users/EnekoMartinGomez/Desktop/Proyecto III/Casita/Casita/Content/Art/Static/Enviroment/Enviro/Silla/Silla_Low.uasset" 3166
"C:/Users/EnekoMartinGomez/Desktop/Proyecto III/Casita/Casita/Content/Art/Static/Enviroment/Enviro/Pozo/CK_Metal.uasset" 3167
"C:/Users/EnekoMartinGomez/Desktop/Proyecto III/Casita/Casita/Content/Art/Static/Enviroment/Enviro/Pozo/CK_Wood03.uasset" 3168
"C:/Users/EnekoMartinGomez/Desktop/Proyecto III/Casita/Casita/Content/Art/Static/Enviroment/Enviro/Pozo/Pozo_low.uasset" 3169
"C:/Users/EnekoMartinGomez/Desktop/Proyecto III/Casita/Casita/Content/Art/Static/Enviroment/Enviro/Silla/CK_Wood02.uasset" 3170
"C:/Users/EnekoMartinGomez/Desktop/Proyecto III/Casita/Casita/Content/Art/Static/Enviroment/Enviro/Pozo/CK_Rockdoor.uasset" 3171
"C:/Users/EnekoMartinGomez/Desktop/Proyecto III/Casita/Casita/Content/Art/Static/Enviroment/Enviro/Pozo/CK_Wood02.uasset" 3172
"C:/Users/EnekoMartinGomez/Desktop/Proyecto III/Casita/Casita/Content/Art/Static/Enviroment/Enviro/Pozo/CK_Rockwall.uasset" 3173
"C:/Users/EnekoMartinGomez/Desktop/Proyecto III/Casita/Casita/Content/Art/Static/Enviroment/Enviro/Mesa/CK_Wood01.uasset" 3174
"C:/Users/EnekoMartinGomez/Desktop/Proyecto III/Casita/Casita/Content/Art/Static/Enviroment/Enviro/Pozo/CK_Metalblack.uasset" 3175
"C:/Users/EnekoMartinGomez/Desktop/Proyecto III/Casita/Casita/Content/Art/Static/Enviroment/Enviro/Mesa/CK_Wood02.uasset" 3176
"C:/Users/EnekoMartinGomez/Desktop/Proyecto III/Casita/Casita/Content/Art/Static/Enviroment/Enviro/Pozo/CK_Wood01.uasset" 3177
"C:/Users/EnekoMartinGomez/Desktop/Proyecto III/Casita/Casita/Content/Art/Static/Enviroment/Enviro/Mesa/Mesa_Low.uasset" 3178
"C:/Users/EnekoMartinGomez/Desktop/Proyecto III/Casita/Casita/Content/Art/Static/Enviroment/Enviro/Valla/CK_Wood02.uasset" 3179
"C:/Users/EnekoMartinGomez/Desktop/Proyecto III/Casita/Casita/Content/Art/Static/Enviroment/Enviro/Valla/CK_Wood03.uasset" 3180
"C:/Users/EnekoMartinGomez/Desktop/Proyecto III/Casita/Casita/Content/Art/Static/Enviroment/Enviro/Macetas/Maceta02/CK_Grass01.uasset" 3181
"C:/Users/EnekoMartinGomez/Desktop/Proyecto III/Casita/Casita/Content/Art/Static/Enviroment/Enviro/Macetas/Maceta01/Maceta1_low.uasset" 3182
"C:/Users/EnekoMartinGomez/Desktop/Proyecto III/Casita/Casita/Content/Art/Static/Enviroment/Enviro/Macetas/Maceta02/CK_Wood01.uasset" 3183
"C:/Users/EnekoMartinGomez/Desktop/Proyecto III/Casita/Casita/Content/Art/Static/Enviroment/Enviro/Macetas/Maceta01/Ck_tejas01.uasset" 3184
"C:/Users/EnekoMartinGomez/Desktop/Proyecto III/Casita/Casita/Content/Art/Static/Enviroment/Enviro/Chimenea/CK_Wallrockg.uasset" 3185
"C:/Users/EnekoMartinGomez/Desktop/Proyecto III/Casita/Casita/Content/Art/Static/Enviroment/Enviro/Macetas/Maceta02/CK_Grass02.uasset" 3186
"C:/Users/EnekoMartinGomez/Desktop/Proyecto III/Casita/Casita/Content/Art/Static/Enviroment/Enviro/Macetas/Maceta02/Maceta2_low.uasset" 3187
"C:/Users/EnekoMartinGomez/Desktop/Proyecto III/Casita/Casita/Content/Art/Static/Enviroment/Enviro/Macetas/Maceta01/CK_Grass01.uasset" 3188
"C:/Users/EnekoMartinGomez/Desktop/Proyecto III/Casita/Casita/Content/Art/Static/Enviroment/Enviro/Macetas/Maceta1_low.uasset" 3189
"C:/Users/EnekoMartinGomez/Desktop/Proyecto III/Casita/Casita/Content/Art/Static/Enviroment/Enviro/Macetas/Maceta01/CK_Wallrockg.uasset" 3190
"C:/Users/EnekoMartinGomez/Desktop/Proyecto III/Casita/Casita/Content/Art/Static/Enviroment/Enviro/Macetas/Maceta01/CK_Grass02.uasset" 3191
"C:/Users/EnekoMartinGomez/Desktop/Proyecto III/Casita/Casita/Content/Art/Static/Enviroment/Enviro/Chimenea/Ck_tejas02.uasset" 3192
"C:/Users/EnekoMartinGomez/Desktop/Proyecto III/Casita/Casita/Content/Art/Static/Enviroment/Enviro/Chimenea/Ck_tejas01.uasset" 3193
"C:/Users/EnekoMartinGomez/Desktop/Proyecto III/Casita/Casita/Content/Art/Static/Enviroment/Enviro/Cajas_madera/Caja02/CK_Metal.uasset" 3194
"C:/Users/EnekoMartinGomez/Desktop/Proyecto III/Casita/Casita/Content/Art/Static/Enviroment/Enviro/Barriles/Barril03/CK_Wood01.uasset" 3195
"C:/Users/EnekoMartinGomez/Desktop/Proyecto III/Casita/Casita/Content/Art/Static/Enviroment/Enviro/Cajas_madera/Caja01/CK_Wood02.uasset" 3196
"C:/Users/EnekoMartinGomez/Desktop/Proyecto III/Casita/Casita/Content/Art/Static/Enviroment/Enviro/Cajas_madera/Caja01/Caja_madera_01.uasset" 3197
"C:/Users/EnekoMartinGomez/Desktop/Proyecto III/Casita/Casita/Content/Art/Static/Enviroment/Enviro/Chimenea/CK_Rockwall.uasset" 3198
"C:/Users/EnekoMartinGomez/Desktop/Proyecto III/Casita/Casita/Content/Art/Static/Enviroment/Enviro/Barriles/Barril03/CK_Metal.uasset" 3199
"C:/Users/EnekoMartinGomez/Desktop/Proyecto III/Casita/Casita/Content/Art/Static/Enviroment/Enviro/Chimenea/Chimenea_low.uasset" 3200
"C:/Users/EnekoMartinGomez/Desktop/Proyecto III/Casita/Casita/Content/Art/Static/Enviroment/Enviro/Cajas_madera/Caja02/CK_Wood02.uasset" 3201
"C:/Users/EnekoMartinGomez/Desktop/Proyecto III/Casita/Casita/Content/Art/Static/Enviroment/Enviro/Cajas_madera/Caja01/CK_Wood01.uasset" 3202
"C:/Users/EnekoMartinGomez/Desktop/Proyecto III/Casita/Casita/Content/Art/Static/Enviroment/Enviro/Cajas_madera/Caja02/Caja_madera_02.uasset" 3203
"C:/Users/EnekoMartinGomez/Desktop/Proyecto III/Casita/Casita/Content/Art/Static/Enviroment/Enviro/Barriles/Barril03/Barril03.uasset" 3204
"C:/Users/EnekoMartinGomez/Desktop/Proyecto III/Casita/Casita/Content/Art/Static/Enviroment/Enviro/Barriles/Barril02/CK_Metal.uasset" 3205
"C:/Users/EnekoMartinGomez/Desktop/Proyecto III/Casita/Casita/Content/Art/Static/Enviroment/Enviro/Cajas_madera/Caja02/CK_Wood01.uasset" 3206
"C:/Users/EnekoMartinGomez/Desktop/Proyecto III/Casita/Casita/Content/Art/Static/Enviroment/Enviro/Barriles/Barril02/CK_Wood01.uasset" 3207
"C:/Users/EnekoMartinGomez/Desktop/Proyecto III/Casita/Casita/Content/Art/Static/Enviroment/Enviro/Barriles/Barril01/CK_Metal.uasset" 3208
"C:/Users/EnekoMartinGomez/Desktop/Proyecto III/Casita/Casita/Content/Art/Static/Enviroment/Enviro/Barriles/Barril01/CK_Wood01.uasset" 3209
"C:/Users/EnekoMartinGomez/Desktop/Proyecto III/Casita/Casita/Content/Art/Static/Enviroment/Enviro/Barriles/Barril02/Barril02.uasset" 3210
"C:/Users/EnekoMartinGomez/Desktop/Proyecto III/Casita/Casita/Content/Art/Static/Enviroment/Enviro/Barriles/Barril01/Barril.uasset" 3211
"C:/Users/EnekoMartinGomez/Desktop/Proyecto III/Casita/Casita/Content/Art/Static/Enviroment/Enviro/Banco/CK_Wood02.uasset" 3212
"C:/Users/EnekoMartinGomez/Desktop/Proyecto III/Casita/Casita/Content/Art/Static/Enviroment/Enviro/Banco/Banco_Low.uasset" 3213
"/Engine/EngineResources/WhiteSquareTexture" 3214
"../../../Engine/Content/EngineResources/WhiteSquareTexture.uasset" 3215
"/Engine/EngineResources/GradientTexture0" 3216
"../../../Engine/Content/EngineResources/GradientTexture0.uasset" 3217
"/Engine/EngineResources/Black" 3218
"../../../Engine/Content/EngineResources/Black.uasset" 3219
"/Engine/EditorResources/S_Actor" 3220
"../../../Engine/Content/EditorResources/S_Actor.uasset" 3221
"/Engine/EngineFonts/RobotoDistanceField" 3222
"../../../Engine/Content/EngineFonts/RobotoDistanceField.uasset" 3223
"/Engine/EngineMaterials/DefaultTextMaterialOpaque" 3224
"../../../Engine/Content/EngineMaterials/DefaultTextMaterialOpaque.uasset" 3225
"/Engine/Functions/Engine_MaterialFunctions01/Shading/PowerToRoughness" 3226
"../../../Engine/Content/Functions/Engine_MaterialFunctions01/Shading/PowerToRoughness.uasset" 3227
"/Engine/Functions/Engine_MaterialFunctions01/Shading/ConvertFromDiffSpec" 3228
"../../../Engine/Content/Functions/Engine_MaterialFunctions01/Shading/ConvertFromDiffSpec.uasset" 3229
"/Engine/EngineMaterials/WorldGridMaterial" 3230
"../../../Engine/Content/EngineMaterials/WorldGridMaterial.uasset" 3231
"../../../Engine/Content/Functions/Engine_MaterialFunctions01/Opacity/CameraDepthFade.uasset" 3232
"../../../Engine/Content/EngineMaterials/T_Default_Material_Grid_M.uasset" 3233
"../../../Engine/Content/EngineMaterials/T_Default_Material_Grid_N.uasset" 3234
"/Engine/EngineMaterials/DefaultDeferredDecalMaterial" 3235
"../../../Engine/Content/EngineMaterials/DefaultDeferredDecalMaterial.uasset" 3236
"../../../Engine/Content/EngineMaterials/DefaultDiffuse.uasset" 3237
"/Engine/EngineMaterials/DefaultLightFunctionMaterial" 3238
"../../../Engine/Content/EngineMaterials/DefaultLightFunctionMaterial.uasset" 3239
"/Engine/EngineMaterials/DefaultPostProcessMaterial" 3240
"../../../Engine/Content/EngineMaterials/DefaultPostProcessMaterial.uasset" 3241
"../../../Engine/Content/Functions/Engine_MaterialFunctions02/Utility/BreakOutFloat2Components.uasset" 3242
"/Engine/EditorResources/S_Trigger" 3243
"../../../Engine/Content/EditorResources/S_Trigger.uasset" 3244
"/Engine/EditorResources/S_BoxReflectionCapture" 3245
"../../../Engine/Content/EditorResources/S_BoxReflectionCapture.uasset" 3246
"/Engine/EngineResources/DefaultTexture" 3247
"../../../Engine/Content/EngineResources/DefaultTexture.uasset" 3248
"/Engine/EditorResources/S_TriggerBox" 3249
"../../../Engine/Content/EditorResources/S_TriggerBox.uasset" 3250
"/Engine/EditorResources/S_TriggerCapsule" 3251
"../../../Engine/Content/EditorResources/S_TriggerCapsule.uasset" 3252
"/Engine/EditorResources/S_TriggerSphere" 3253
"../../../Engine/Content/EditorResources/S_TriggerSphere.uasset" 3254
"/Engine/EngineDamageTypes/DmgTypeBP_Environmental" 3255
"../../../Engine/Content/EngineDamageTypes/DmgTypeBP_Environmental.uasset" 3256
"/Engine/EngineMeshes/Sphere" 3257
"../../../Engine/Content/EngineMeshes/Sphere.uasset" 3258
"/Engine/EngineResources/DefaultTextureCube" 3259
"../../../Engine/Content/EngineResources/DefaultTextureCube.uasset" 3260
"/Engine/EngineResources/DefaultVolumeTexture" 3261
"../../../Engine/Content/EngineResources/DefaultVolumeTexture.uasset" 3262
"../../../Engine/Content/EngineResources/DefaultVolumeTexture2D.uasset" 3263
"/Engine/VREditor/TransformGizmo/SM_Sequencer_Node" 3264
"../../../Engine/Content/VREditor/TransformGizmo/SM_Sequencer_Node.uasset" 3265
"../../../Engine/Content/VREditor/TransformGizmo/Main.uasset" 3266
"../../../Engine/Content/VREditor/TransformGizmo/Xray.uasset" 3267
"/Engine/EditorResources/S_Solver" 3268
"../../../Engine/Content/EditorResources/S_Solver.uasset" 3269
"/Engine/EngineDebugMaterials/VolumeToRender" 3270
"../../../Engine/Content/EngineDebugMaterials/VolumeToRender.uasset" 3271
"/Engine/EngineDebugMaterials/M_VolumeRenderSphereTracePP" 3272
"../../../Engine/Content/EngineDebugMaterials/M_VolumeRenderSphereTracePP.uasset" 3273
"../../../Engine/Content/Functions/Engine_MaterialFunctions02/Utility/CameraDirectionVector.uasset" 3274
"/Engine/EditorMeshes/Camera/SM_CraneRig_Base" 3275
"../../../Engine/Content/EditorMeshes/Camera/SM_CraneRig_Base.uasset" 3276
"../../../Engine/Content/EditorMaterials/Camera/MI_CineMat_Rig.uasset" 3277
"../../../Engine/Content/EditorMaterials/Camera/CineMat.uasset" 3278
"/Engine/EditorMeshes/Camera/SM_CraneRig_Arm" 3279
"../../../Engine/Content/EditorMeshes/Camera/SM_CraneRig_Arm.uasset" 3280
"/Engine/EditorMeshes/Camera/SM_CraneRig_Mount" 3281
"../../../Engine/Content/EditorMeshes/Camera/SM_CraneRig_Mount.uasset" 3282
"/Engine/EditorMeshes/Camera/SM_CraneRig_Body" 3283
"../../../Engine/Content/EditorMeshes/Camera/SM_CraneRig_Body.uasset" 3284
"/Engine/EditorMeshes/Camera/SM_RailRig_Track" 3285
"../../../Engine/Content/EditorMeshes/Camera/SM_RailRig_Track.uasset" 3286
"/Engine/EditorMeshes/Camera/SM_RailRig_Mount" 3287
"../../../Engine/Content/EditorMeshes/Camera/SM_RailRig_Mount.uasset" 3288
"/Engine/EditorLandscapeResources/SplineEditorMesh" 3289
"../../../Engine/Content/EditorLandscapeResources/SplineEditorMesh.uasset" 3290
"../../../Engine/Content/EditorLandscapeResources/SplineEditorMeshMat.uasset" 3291
"/HairStrands/Materials/HairDebugMaterial" 3292
"../../Plugins/Runtime/HairStrands/Content/Materials/HairDebugMaterial.uasset" 3293
"../../../Engine/Content/Functions/Engine_MaterialFunctions02/Utility/MakeFloat2.uasset" 3294
"../../../Engine/Content/Functions/Engine_MaterialFunctions02/Utility/MakeFloat3.uasset" 3295
"../../../Engine/Content/EngineMaterials/HairColorMap.uasset" 3296
"../../../Engine/Content/EngineMaterials/HairDebugColor.uasset" 3297
"../../Plugins/Runtime/HairStrands/Content/Materials/HairGroupColors.uasset" 3298
"/HairStrands/Materials/HairDefaultMaterial" 3299
"../../Plugins/Runtime/HairStrands/Content/Materials/HairDefaultMaterial.uasset" 3300
"/HairStrands/Materials/HairCardsDefaultMaterial" 3301
"../../Plugins/Runtime/HairStrands/Content/Materials/HairCardsDefaultMaterial.uasset" 3302
"/HairStrands/Materials/HairMeshesDefaultMaterial" 3303
"../../Plugins/Runtime/HairStrands/Content/Materials/HairMeshesDefaultMaterial.uasset" 3304
"/Engine/BasicShapes/Cube" 3305
"../../../Engine/Content/BasicShapes/Cube.uasset" 3306
"/CameraCalibrationCore/Materials/M_DefaultOddSquare" 3307
"../../Plugins/VirtualProduction/CameraCalibrationCore/Content/Materials/M_DefaultOddSquare.uasset" 3308
"/CameraCalibrationCore/Materials/M_DefaultEvenSquare" 3309
"../../Plugins/VirtualProduction/CameraCalibrationCore/Content/Materials/M_DefaultEvenSquare.uasset" 3310
"/Engine/EngineMaterials/Widget3DPassThrough_Translucent" 3311
"../../../Engine/Content/EngineMaterials/Widget3DPassThrough_Translucent.uasset" 3312
"../../../Engine/Content/EngineMaterials/Widget3DPassThrough.uasset" 3313
"/Engine/EngineMaterials/Widget3DPassThrough_Translucent_OneSided" 3314
"../../../Engine/Content/EngineMaterials/Widget3DPassThrough_Translucent_OneSided.uasset" 3315
"/Engine/EngineMaterials/Widget3DPassThrough_Opaque" 3316
"../../../Engine/Content/EngineMaterials/Widget3DPassThrough_Opaque.uasset" 3317
"/Engine/EngineMaterials/Widget3DPassThrough_Opaque_OneSided" 3318
"../../../Engine/Content/EngineMaterials/Widget3DPassThrough_Opaque_OneSided.uasset" 3319
"/Engine/EngineMaterials/Widget3DPassThrough_Masked" 3320
"../../../Engine/Content/EngineMaterials/Widget3DPassThrough_Masked.uasset" 3321
"/Engine/EngineMaterials/Widget3DPassThrough_Masked_OneSided" 3322
"../../../Engine/Content/EngineMaterials/Widget3DPassThrough_Masked_OneSided.uasset" 3323
"/Engine/VREditor/ViewportInteractionAssetContainerData" 3324
"../../../Engine/Content/VREditor/ViewportInteractionAssetContainerData.uasset" 3325
"../../../Engine/Content/VREditor/SnapGrid/SnapGridMaterial.uasset" 3326
"../../../Engine/Content/VREditor/TransformGizmo/TransformGizmoMaterial_Inst.uasset" 3327
"../../../Engine/Content/VREditor/TransformGizmo/TranslucentTransformGizmoMaterial_Inst.uasset" 3328
"../../../Engine/Content/VREditor/SnapGrid/SnapGridPlaneMesh.uasset" 3329
"../../../Engine/Content/VREditor/Sounds/UI/Drop_Item_From_ContentBrowser.uasset" 3330
"../../../Engine/Content/VREditor/Sounds/UI/Gizmo_Handle_Clicked.uasset" 3331
"../../../Engine/Content/VREditor/Sounds/UI/Object_PickUp.uasset" 3332
"../../../Engine/Content/VREditor/Sounds/UI/Object_Snaps_To_Another_Actor.uasset" 3333
"../../../Engine/Content/VREditor/Sounds/UI/Object_Snaps_To_Grid.uasset" 3334
"../../../Engine/Content/VREditor/Sounds/UI/Scaling_Down.uasset" 3335
"../../../Engine/Content/VREditor/Sounds/UI/Scaling_Up.uasset" 3336
"../../../Engine/Content/VREditor/Sounds/UI/Selection_Changes.uasset" 3337
"../../../Engine/Content/VREditor/TransformGizmo/PlaneTranslationHandle.uasset" 3338
"../../../Engine/Content/VREditor/TransformGizmo/RotationHandleFull.uasset" 3339
"../../../Engine/Content/VREditor/TransformGizmo/RotationHandleIndicator.uasset" 3340
"../../../Engine/Content/VREditor/TransformGizmo/RotationHandleQuarter.uasset" 3341
"../../../Engine/Content/VREditor/TransformGizmo/StartRotationHandleIndicator.uasset" 3342
"../../../Engine/Content/VREditor/TransformGizmo/TransformGizmoFreeRotation.uasset" 3343
"../../../Engine/Content/VREditor/TransformGizmo/TranslateArrowHandle.uasset" 3344
"../../../Engine/Content/VREditor/TransformGizmo/UniformScaleHandle.uasset" 3345
"../../../Engine/Content/Functions/Engine_MaterialFunctions02/Math/Transform3x3Matrix.uasset" 3346
"../../../Engine/Content/Functions/Engine_MaterialFunctions02/SplitComponents.uasset" 3347
"../../../Engine/Content/VREditor/TransformGizmo/TransformGizmoMaterial.uasset" 3348
"../../../Engine/Content/VREditor/TransformGizmo/TranslucentTransformGizmoMaterial.uasset" 3349
"../../../Engine/Content/Functions/Engine_MaterialFunctions02/Utility/BreakOutFloat3Components.uasset" 3350
"../../../Engine/Content/VREditor/LaserPointer/VR_LaserPower_01.uasset" 3351
"/Engine/VREditor/TransformGizmo/BoundingBoxCorner" 3352
"../../../Engine/Content/VREditor/TransformGizmo/BoundingBoxCorner.uasset" 3353
"/Engine/VREditor/TransformGizmo/BoundingBoxEdge" 3354
"../../../Engine/Content/VREditor/TransformGizmo/BoundingBoxEdge.uasset" 3355
"/Engine/ArtTools/RenderToTexture/Meshes/S_1_Unit_Plane" 3356
"../../../Engine/Content/ArtTools/RenderToTexture/Meshes/S_1_Unit_Plane.uasset" 3357
"/Engine/EngineDebugMaterials/M_SimpleUnlitTranslucent" 3358
"../../../Engine/Content/EngineDebugMaterials/M_SimpleUnlitTranslucent.uasset" 3359
"/Engine/EngineFonts/Roboto" 3360
"../../../Engine/Content/EngineFonts/Roboto.uasset" 3361
"../../../Engine/Content/EngineFonts/Faces/DroidSansFallback.uasset" 3362
"../../../Engine/Content/EngineFonts/Faces/RobotoBold.uasset" 3363
"../../../Engine/Content/EngineFonts/Faces/RobotoBoldItalic.uasset" 3364
"../../../Engine/Content/EngineFonts/Faces/RobotoItalic.uasset" 3365
"../../../Engine/Content/EngineFonts/Faces/RobotoLight.uasset" 3366
"../../../Engine/Content/EngineFonts/Faces/RobotoRegular.uasset" 3367
"/Engine/EditorMaterials/ParticleSystems/PSysThumbnail_NoImage" 3368
"../../../Engine/Content/EditorMaterials/ParticleSystems/PSysThumbnail_NoImage.uasset" 3369
"/Engine/EditorMaterials/ParticleSystems/PSysThumbnail_OOD" 3370
"../../../Engine/Content/EditorMaterials/ParticleSystems/PSysThumbnail_OOD.uasset" 3371
"/Engine/EngineResources/LandscapeVisibilityLayerInfo" 3372
"../../../Engine/Content/EngineResources/LandscapeVisibilityLayerInfo.uasset" 3373
"../../../Engine/Content/Internationalization/icudt64l/coll/en.res" 3374
"/ACLPlugin/ACLAnimBoneCompressionSettings" 3375
"../../Plugins/Animation/ACLPlugin/Content/ACLAnimBoneCompressionSettings.uasset" 3376
"/Engine/Animation/DefaultRecorderBoneCompression" 3377
"../../../Engine/Content/Animation/DefaultRecorderBoneCompression.uasset" 3378
"/ACLPlugin/ACLAnimCurveCompressionSettings" 3379
"../../Plugins/Animation/ACLPlugin/Content/ACLAnimCurveCompressionSettings.uasset" 3380
"/Engine/Animation/DefaultVariableFrameStrippingSettings" 3381
"../../../Engine/Content/Animation/DefaultVariableFrameStrippingSettings.uasset" 3382
"/AudioWidgets/Resources/ScrubHandleDown_Clamped" 3383
"../../Plugins/Runtime/AudioWidgets/Content/Resources/ScrubHandleDown_Clamped.uasset" 3384
"/Paper2D/MaskedUnlitSpriteMaterial" 3385
"../../Plugins/2D/Paper2D/Content/MaskedUnlitSpriteMaterial.uasset" 3386
"../../Plugins/2D/Paper2D/Content/DefaultSpriteMaterial.uasset" 3387
"../../Plugins/2D/Paper2D/Content/PlaceholderTextures/DummySpriteTexture.uasset" 3388
"/Paper2D/OpaqueUnlitSpriteMaterial" 3389
"../../Plugins/2D/Paper2D/Content/OpaqueUnlitSpriteMaterial.uasset" 3390
"/Paper2D/DefaultPaperTerrainMaterial" 3391
"../../Plugins/2D/Paper2D/Content/DefaultPaperTerrainMaterial.uasset" 3392
"../../Plugins/2D/Paper2D/Content/DummySprite.uasset" 3393
"/ControlRig/Controls/ControlRigXRayMaterial" 3394
"../../Plugins/Animation/ControlRig/Content/Controls/ControlRigXRayMaterial.uasset" 3395
"/ControlRig/Controls/DefaultGizmoLibraryNormalized" 3396
"../../Plugins/Animation/ControlRig/Content/Controls/DefaultGizmoLibraryNormalized.uasset" 3397
"/ControlRig/M_Manip" 3398
"../../Plugins/Animation/ControlRig/Content/M_Manip.uasset" 3399
"../../../Engine/Content/Functions/Engine_MaterialFunctions02/WorldPositionOffset/CameraOffset.uasset" 3400
"C:/Program Files/Epic Games/UE_5.6/Engine/Binaries/ThirdParty/USD/UsdResources/Win64/plugins/plugInfo.json" 3401
"C:/Program Files/Epic Games/UE_5.6/Engine/Binaries/ThirdParty/USD/UsdResources/Win64/plugins/glf/resources/plugInfo.json" 3402
"C:/Program Files/Epic Games/UE_5.6/Engine/Binaries/ThirdParty/USD/UsdResources/Win64/plugins/usdSemantics/resources/plugInfo.json" 3403
"C:/Program Files/Epic Games/UE_5.6/Engine/Binaries/ThirdParty/USD/UsdResources/Win64/plugins/hd/resources/plugInfo.json" 3404
"C:/Program Files/Epic Games/UE_5.6/Engine/Binaries/ThirdParty/USD/UsdResources/Win64/plugins/usdProc/resources/plugInfo.json" 3405
"C:/Program Files/Epic Games/UE_5.6/Engine/Binaries/ThirdParty/USD/UsdResources/Win64/plugins/hdGp/resources/plugInfo.json" 3406
"C:/Program Files/Epic Games/UE_5.6/Engine/Binaries/ThirdParty/USD/UsdResources/Win64/plugins/usdUtilsValidators/resources/plugInfo.json" 3407
"C:/Program Files/Epic Games/UE_5.6/Engine/Binaries/ThirdParty/USD/UsdResources/Win64/plugins/usdAbc/resources/plugInfo.json" 3408
"C:/Program Files/Epic Games/UE_5.6/Engine/Binaries/ThirdParty/USD/UsdResources/Win64/plugins/usdGeomValidators/resources/plugInfo.json" 3409
"C:/Program Files/Epic Games/UE_5.6/Engine/Binaries/ThirdParty/USD/UsdResources/Win64/plugins/unreal/resources/plugInfo.json" 3410
"C:/Program Files/Epic Games/UE_5.6/Engine/Binaries/ThirdParty/USD/UsdResources/Win64/plugins/usdRi/resources/plugInfo.json" 3411
"C:/Program Files/Epic Games/UE_5.6/Engine/Binaries/ThirdParty/USD/UsdResources/Win64/plugins/usdLux/resources/plugInfo.json" 3412
"C:/Program Files/Epic Games/UE_5.6/Engine/Binaries/ThirdParty/USD/UsdResources/Win64/plugins/usdSkelImaging/resources/plugInfo.json" 3413
"C:/Program Files/Epic Games/UE_5.6/Engine/Binaries/ThirdParty/USD/UsdResources/Win64/plugins/hdx/resources/plugInfo.json" 3414
"C:/Program Files/Epic Games/UE_5.6/Engine/Binaries/ThirdParty/USD/UsdResources/Win64/plugins/usdImaging/resources/plugInfo.json" 3415
"C:/Program Files/Epic Games/UE_5.6/Engine/Binaries/ThirdParty/USD/UsdResources/Win64/plugins/usdShade/resources/plugInfo.json" 3416
"C:/Program Files/Epic Games/UE_5.6/Engine/Binaries/ThirdParty/USD/UsdResources/Win64/plugins/hdSt/resources/plugInfo.json" 3417
"C:/Program Files/Epic Games/UE_5.6/Engine/Binaries/ThirdParty/USD/UsdResources/Win64/plugins/hgiGL/resources/plugInfo.json" 3418
"C:/Program Files/Epic Games/UE_5.6/Engine/Binaries/ThirdParty/USD/UsdResources/Win64/plugins/hdStorm/resources/plugInfo.json" 3419
"C:/Program Files/Epic Games/UE_5.6/Engine/Binaries/ThirdParty/USD/UsdResources/Win64/plugins/hio/resources/plugInfo.json" 3420
"C:/Program Files/Epic Games/UE_5.6/Engine/Binaries/ThirdParty/USD/UsdResources/Win64/plugins/usdPhysics/resources/plugInfo.json" 3421
"C:/Program Files/Epic Games/UE_5.6/Engine/Binaries/ThirdParty/USD/UsdResources/Win64/plugins/usdGeom/resources/plugInfo.json" 3422
"C:/Program Files/Epic Games/UE_5.6/Engine/Binaries/ThirdParty/USD/UsdResources/Win64/plugins/usdUI/resources/plugInfo.json" 3423
"C:/Program Files/Epic Games/UE_5.6/Engine/Binaries/ThirdParty/USD/UsdResources/Win64/plugins/usdVol/resources/plugInfo.json" 3424
"C:/Program Files/Epic Games/UE_5.6/Engine/Binaries/ThirdParty/USD/UsdResources/Win64/plugins/usdMtlx/resources/plugInfo.json" 3425
"C:/Program Files/Epic Games/UE_5.6/Engine/Binaries/ThirdParty/USD/UsdResources/Win64/plugins/usdImagingGL/resources/plugInfo.json" 3426
"C:/Program Files/Epic Games/UE_5.6/Engine/Binaries/ThirdParty/USD/UsdResources/Win64/plugins/hioAvif/resources/plugInfo.json" 3427
"C:/Program Files/Epic Games/UE_5.6/Engine/Binaries/ThirdParty/USD/UsdResources/Win64/plugins/usdShaders/resources/plugInfo.json" 3428
"C:/Program Files/Epic Games/UE_5.6/Engine/Binaries/ThirdParty/USD/UsdResources/Win64/plugins/ndr/resources/plugInfo.json" 3429
"C:/Program Files/Epic Games/UE_5.6/Engine/Binaries/ThirdParty/USD/UsdResources/Win64/plugins/usdShadeValidators/resources/plugInfo.json" 3430
"C:/Program Files/Epic Games/UE_5.6/Engine/Binaries/ThirdParty/USD/UsdResources/Win64/plugins/sdf/resources/plugInfo.json" 3431
"C:/Program Files/Epic Games/UE_5.6/Engine/Binaries/ThirdParty/USD/UsdResources/Win64/plugins/ueCloth/resources/plugInfo.json" 3432
"C:/Program Files/Epic Games/UE_5.6/Engine/Binaries/ThirdParty/USD/UsdResources/Win64/plugins/usd/resources/plugInfo.json" 3433
"C:/Program Files/Epic Games/UE_5.6/Engine/Binaries/ThirdParty/USD/UsdResources/Win64/plugins/usdSkel/resources/plugInfo.json" 3434
"C:/Program Files/Epic Games/UE_5.6/Engine/Binaries/ThirdParty/USD/UsdResources/Win64/plugins/usdMedia/resources/plugInfo.json" 3435
"C:/Program Files/Epic Games/UE_5.6/Engine/Binaries/ThirdParty/USD/UsdResources/Win64/plugins/usdRender/resources/plugInfo.json" 3436
"C:/Program Files/Epic Games/UE_5.6/Engine/Binaries/ThirdParty/USD/UsdResources/Win64/plugins/usdSkelValidators/resources/plugInfo.json" 3437
"C:/Program Files/Epic Games/UE_5.6/Engine/Binaries/ThirdParty/USD/UsdResources/Win64/plugins/usdRiPxrImaging/resources/plugInfo.json" 3438
"C:/Program Files/Epic Games/UE_5.6/Engine/Binaries/ThirdParty/USD/UsdResources/Win64/plugins/usdValidation/resources/plugInfo.json" 3439
"C:/Program Files/Epic Games/UE_5.6/Engine/Binaries/ThirdParty/USD/UsdResources/Win64/plugins/usdHydra/resources/plugInfo.json" 3440
"C:/Program Files/Epic Games/UE_5.6/Engine/Binaries/ThirdParty/USD/UsdResources/Win64/plugins/ar/resources/plugInfo.json" 3441
"C:/Program Files/Epic Games/UE_5.6/Engine/Binaries/ThirdParty/USD/UsdResources/Win64/plugins/sdrGlslfx/resources/plugInfo.json" 3442
"C:/Program Files/Epic Games/UE_5.6/Engine/Binaries/ThirdParty/USD/UsdResources/Win64/plugins/usdVolImaging/resources/plugInfo.json" 3443
"C:/Program Files/Epic Games/UE_5.6/Engine/Binaries/ThirdParty/USD/UsdResources/Win64/plugins/usdProcImaging/resources/plugInfo.json" 3444
"C:/Program Files/Epic Games/UE_5.6/Engine/Binaries/ThirdParty/USD/UsdResources/Win64/plugins/usd/resources/codegenTemplates/plugInfo.json" 3445
"../../../Engine/Intermediate/ProjectFiles/PrimaryProjectPath.txt" 3446
"/SpeedTreeImporter/SpeedTree9/SpeedTreeMaster" 3447
"../../Plugins/Editor/SpeedTreeImporter/Content/SpeedTree9/SpeedTreeMaster.uasset" 3448
"../../../Engine/Content/Functions/Engine_MaterialFunctions02/ObjectLocalBounds.uasset" 3449
"../../../Engine/Content/Functions/Engine_MaterialFunctions02/SafeNormalize.uasset" 3450
"../../../Engine/Content/Functions/Engine_MaterialFunctions02/Utility/VectorLength.uasset" 3451
"../../../Engine/Content/Functions/Engine_MaterialFunctions02/UVs/BoundingBoxBased_0-1_UVW.uasset" 3452
"../../../Engine/Content/Functions/Engine_MaterialFunctions02/WorldPositionOffset/ObjectScale.uasset" 3453
"../../Plugins/Editor/SpeedTreeImporter/Content/SpeedTree9/SpeedTreeBranchMotion.uasset" 3454
"../../Plugins/Editor/SpeedTreeImporter/Content/SpeedTree9/SpeedTreeCameraFacing.uasset" 3455
"../../Plugins/Editor/SpeedTreeImporter/Content/SpeedTree9/SpeedTreeWind.uasset" 3456
"../../Plugins/Editor/SpeedTreeImporter/Content/SpeedTree9/SpeedTreeWindMotion.uasset" 3457
"../../Plugins/Editor/SpeedTreeImporter/Content/SpeedTree9/UnpackDirection.uasset" 3458
"../../Plugins/Editor/SpeedTreeImporter/Content/SpeedTree9/UnpackInteger3.uasset" 3459
"../../Plugins/Editor/SpeedTreeImporter/Content/SpeedTree9/Empty.uasset" 3460
"../../Plugins/Editor/SpeedTreeImporter/Content/SpeedTree9/EmptyNormal.uasset" 3461
"../../Plugins/Editor/SpeedTreeImporter/Content/SpeedTree9/game_wind_noise.uasset" 3462
"/SpeedTreeImporter/SpeedTree9/SpeedTreeBillboardMaster" 3463
"../../Plugins/Editor/SpeedTreeImporter/Content/SpeedTree9/SpeedTreeBillboardMaster.uasset" 3464
"../../Plugins/Editor/SpeedTreeImporter/Content/SpeedTree9/SpeedTreeBillboard.uasset" 3465
"/MediaPlate/SM_MediaPlateScreen" 3466
"../../Plugins/Media/MediaPlate/Content/SM_MediaPlateScreen.uasset" 3467
"/Engine/BasicShapes/BasicShapeMaterial" 3468
"../../../Engine/Content/BasicShapes/BasicShapeMaterial.uasset" 3469
"/Engine/EditorMaterials/Dataflow/DataflowVertexMaterial" 3470
"../../../Engine/Content/EditorMaterials/Dataflow/DataflowVertexMaterial.uasset" 3471
"/Engine/EditorMaterials/Dataflow/DataflowTwoSidedVertexMaterial" 3472
"../../../Engine/Content/EditorMaterials/Dataflow/DataflowTwoSidedVertexMaterial.uasset" 3473
"/Engine/EditorLandscapeResources/LayerVisMaterial" 3474
"../../../Engine/Content/EditorLandscapeResources/LayerVisMaterial.uasset" 3475
"../../../Engine/Content/EditorLandscapeResources/WhiteSquareTexture.uasset" 3476
"/Engine/EditorLandscapeResources/SelectBrushMaterial_Selected" 3477
"../../../Engine/Content/EditorLandscapeResources/SelectBrushMaterial_Selected.uasset" 3478
"../../../Engine/Content/EditorLandscapeResources/SelectBrushMaterial.uasset" 3479
"../../../Engine/Content/Functions/Engine_MaterialFunctions03/Math/WithinRangeFloat2.uasset" 3480
"../../../Engine/Content/EditorLandscapeResources/DefaultAlphaTexture.uasset" 3481
"/Engine/EditorLandscapeResources/SelectBrushMaterial_SelectedRegion" 3482
"../../../Engine/Content/EditorLandscapeResources/SelectBrushMaterial_SelectedRegion.uasset" 3483
"/Engine/EditorLandscapeResources/MaskBrushMaterial_MaskedRegion" 3484
"../../../Engine/Content/EditorLandscapeResources/MaskBrushMaterial_MaskedRegion.uasset" 3485
"../../../Engine/Content/EditorLandscapeResources/MaskBrushMaterial.uasset" 3486
"/Engine/EditorLandscapeResources/ColorMaskBrushMaterial_MaskedRegion" 3487
"../../../Engine/Content/EditorLandscapeResources/ColorMaskBrushMaterial_MaskedRegion.uasset" 3488
"../../../Engine/Content/EditorLandscapeResources/ColorMaskBrushMaterial.uasset" 3489
"/Engine/EditorLandscapeResources/LandscapeDirtyMaterial" 3490
"../../../Engine/Content/EditorLandscapeResources/LandscapeDirtyMaterial.uasset" 3491
"/Engine/EditorLandscapeResources/LandscapeLayerUsageMaterial" 3492
"../../../Engine/Content/EditorLandscapeResources/LandscapeLayerUsageMaterial.uasset" 3493
"../../../Engine/Content/Functions/Engine_MaterialFunctions01/Debug/DebugIntValues.uasset" 3494
"../../../Engine/Content/Functions/Engine_MaterialFunctions01/Texturing/ScaleUVsByCenter.uasset" 3495
"../../../Engine/Content/Functions/Engine_MaterialFunctions02/WorldPositionOffset/LocalPosition.uasset" 3496
"../../../Engine/Content/Functions/Engine_MaterialFunctions01/Texturing/TextureCropping.uasset" 3497
"../../../Engine/Content/Functions/Engine_MaterialFunctions02/ExampleContent/DebugNumberStrip.uasset" 3498
"C:/Users/EnekoMartinGomez/AppData/Local/UnrealEngine/Editor/UInteractiveToolsPresetCollectionAsset_DefaultCollection.json" 3499
"/Engine/EngineMaterials/NaniteHiddenSectionMaterial" 3500
"../../../Engine/Content/EngineMaterials/NaniteHiddenSectionMaterial.uasset" 3501
"/Engine/EngineMaterials/RemoveSurfaceMaterial" 3502
"../../../Engine/Content/EngineMaterials/RemoveSurfaceMaterial.uasset" 3503
"/Engine/EngineDebugMaterials/DebugMeshMaterial" 3504
"../../../Engine/Content/EngineDebugMaterials/DebugMeshMaterial.uasset" 3505
"/Engine/EngineMaterials/EmissiveMeshMaterial" 3506
"../../../Engine/Content/EngineMaterials/EmissiveMeshMaterial.uasset" 3507
"../../../Engine/Content/EngineMaterials/DefaultWhiteGrid_Low.uasset" 3508
"/Engine/EngineMaterials/M_InvalidLightmapSettings" 3509
"../../../Engine/Content/EngineMaterials/M_InvalidLightmapSettings.uasset" 3510
"../../../Engine/Content/EngineMaterials/InvalidLightmapSettings.uasset" 3511
"/Engine/EngineMaterials/GizmoMaterial" 3512
"../../../Engine/Content/EngineMaterials/GizmoMaterial.uasset" 3513
"/Engine/EngineMaterials/PhAT_JointLimitMaterial" 3514
"../../../Engine/Content/EngineMaterials/PhAT_JointLimitMaterial.uasset" 3515
"/Engine/EngineMaterials/FlattenMaterial" 3516
"../../../Engine/Content/EngineMaterials/FlattenMaterial.uasset" 3517
"../../../Engine/Content/EngineMaterials/BaseFlattenDiffuseMap.uasset" 3518
"../../../Engine/Content/EngineMaterials/BaseFlattenEmissiveMap.uasset" 3519
"../../../Engine/Content/EngineMaterials/BaseFlattenGrayscaleMap.uasset" 3520
"../../../Engine/Content/EngineMaterials/BaseFlattenLinearColor.uasset" 3521
"../../../Engine/Content/EngineMaterials/BaseFlattenNormalMap.uasset" 3522
"../../../Engine/Content/Functions/Engine_MaterialFunctions02/PivotPainter2/Black_1x1_EXR_Texture.uasset" 3523
"/Engine/EngineMaterials/FlattenMaterial_VT" 3524
"../../../Engine/Content/EngineMaterials/FlattenMaterial_VT.uasset" 3525
"../../../Engine/Content/EngineMaterials/BaseFlattenDiffuseMap_VT.uasset" 3526
"../../../Engine/Content/EngineMaterials/BaseFlattenEmissiveMap_VT.uasset" 3527
"../../../Engine/Content/EngineMaterials/BaseFlattenGrayscaleMap_VT.uasset" 3528
"../../../Engine/Content/EngineMaterials/BaseFlattenLinearColor_VT.uasset" 3529
"../../../Engine/Content/EngineMaterials/BaseFlattenNormalMap_VT.uasset" 3530
"../../../Engine/Content/EngineMaterials/Black_1x1_EXR_Texture_VT.uasset" 3531
"/Engine/EngineMaterials/FlattenMaterial_WS_Normal_VT" 3532
"../../../Engine/Content/EngineMaterials/FlattenMaterial_WS_Normal_VT.uasset" 3533
"/Engine/EngineMaterials/Good64x64TilingNoiseHighFreq" 3534
"../../../Engine/Content/EngineMaterials/Good64x64TilingNoiseHighFreq.uasset" 3535
"/Engine/EngineMaterials/DefaultBokeh" 3536
"../../../Engine/Content/EngineMaterials/DefaultBokeh.uasset" 3537
"/Engine/EngineMaterials/MiniFont" 3538
"../../../Engine/Content/EngineMaterials/MiniFont.uasset" 3539
"/Engine/EngineMaterials/WeightMapPlaceholderTexture" 3540
"../../../Engine/Content/EngineMaterials/WeightMapPlaceholderTexture.uasset" 3541
"/Engine/EngineMaterials/WeightMapArrayPlaceholderTexture" 3542
"../../../Engine/Content/EngineMaterials/WeightMapArrayPlaceholderTexture.uasset" 3543
"/Engine/EngineMaterials/DefaultWhiteGrid" 3544
"../../../Engine/Content/EngineMaterials/DefaultWhiteGrid.uasset" 3545
"/Engine/EngineMaterials/PreintegratedSkinBRDF" 3546
"../../../Engine/Content/EngineMaterials/PreintegratedSkinBRDF.uasset" 3547
"/Engine/EngineMaterials/LTC/GGX_LTCAmp" 3548
"../../../Engine/Content/EngineMaterials/LTC/GGX_LTCAmp.uasset" 3549
"/Engine/EngineMaterials/LTC/GGX_LTCMat" 3550
"../../../Engine/Content/EngineMaterials/LTC/GGX_LTCMat.uasset" 3551
"/Engine/EngineMaterials/EnergyConservation/GGX_ReflectionEnergy" 3552
"../../../Engine/Content/EngineMaterials/EnergyConservation/GGX_ReflectionEnergy.uasset" 3553
"/Engine/EngineMaterials/EnergyConservation/GGX_TransmissionEnergyArray" 3554
"../../../Engine/Content/EngineMaterials/EnergyConservation/GGX_TransmissionEnergyArray.uasset" 3555
"/Engine/EngineMaterials/EnergyConservation/SheenLegacy_Energy" 3556
"../../../Engine/Content/EngineMaterials/EnergyConservation/SheenLegacy_Energy.uasset" 3557
"/Engine/EngineMaterials/DefaultPhysicalMaterial" 3558
"../../../Engine/Content/EngineMaterials/DefaultPhysicalMaterial.uasset" 3559
"/Engine/EngineMaterials/DefaultDestructiblePhysicalMaterial" 3560
"../../../Engine/Content/EngineMaterials/DefaultDestructiblePhysicalMaterial.uasset" 3561
"C:/Users/EnekoMartinGomez/AppData/Local/UnrealEngine/5.6/Saved/AutoLoadProject.txt" 3562
"C:/Users/EnekoMartinGomez/AppData/Local/UnrealEngine/Editor/ProjectEditorRecords.json" 3563
"/Niagara/ParameterDefinitions/SpriteRenderer" 3564
"../../Plugins/FX/Niagara/Content/ParameterDefinitions/SpriteRenderer.uasset" 3565
"/Niagara/ParameterDefinitions/RibbonRenderer" 3566
"../../Plugins/FX/Niagara/Content/ParameterDefinitions/RibbonRenderer.uasset" 3567
"/Niagara/ParameterDefinitions/MeshRenderer" 3568
"../../Plugins/FX/Niagara/Content/ParameterDefinitions/MeshRenderer.uasset" 3569
"/Niagara/ParameterDefinitions/LightRenderer" 3570
"../../Plugins/FX/Niagara/Content/ParameterDefinitions/LightRenderer.uasset" 3571
"/Niagara/ParameterDefinitions/DecalRenderer" 3572
"../../Plugins/FX/Niagara/Content/ParameterDefinitions/DecalRenderer.uasset" 3573
"/Niagara/ParameterDefinitions/CoreParameters" 3574
"../../Plugins/FX/Niagara/Content/ParameterDefinitions/CoreParameters.uasset" 3575
"/DeformerGraph/Deformers/DG_LinearBlendSkin_Morph_Cloth" 3576
"../../Plugins/Animation/DeformerGraph/Content/Deformers/DG_LinearBlendSkin_Morph_Cloth.uasset" 3577
"../../Plugins/Animation/DeformerGraph/Content/DeformerFunctions/DG_Function_LinearBlendSkin_Morph_Cloth.uasset" 3578
"/DeformerGraph/Deformers/DG_LinearBlendSkin_Morph_Cloth_RecomputeNormals" 3579
"../../Plugins/Animation/DeformerGraph/Content/Deformers/DG_LinearBlendSkin_Morph_Cloth_RecomputeNormals.uasset" 3580
"../../Plugins/Animation/DeformerGraph/Content/DeformerFunctions/DG_Function_ComputeNormalsTangents.uasset" 3581
"../../Plugins/Animation/DeformerGraph/Content/DeformerFunctions/DG_Function_LinearBlendSkin_Morph_Cloth_PositionOnly.uasset" 3582
"/Engine/EngineFonts/DroidSansMono" 3583
"../../../Engine/Content/EngineFonts/DroidSansMono.uasset" 3584
"../../../Engine/Content/EngineFonts/Faces/DroidSansMono.uasset" 3585
"/Engine/BasicShapes/Sphere" 3586
"../../../Engine/Content/BasicShapes/Sphere.uasset" 3587
"../../../Engine/Content/EngineMaterials/DefaultMaterial.uasset" 3588
"/Engine/BasicShapes/Cylinder" 3589
"../../../Engine/Content/BasicShapes/Cylinder.uasset" 3590
"/Engine/BasicShapes/Cone" 3591
"../../../Engine/Content/BasicShapes/Cone.uasset" 3592
"/Engine/BasicShapes/Plane" 3593
"../../../Engine/Content/BasicShapes/Plane.uasset" 3594
"../../../Engine/Documentation/Source/Shared/Types/ABrush/ABrush.INT.udn" 3595
"../../../Engine/Content/Internationalization/icudt64l/brkitr/es.res" 3596
"../../../Engine/Content/Internationalization/icudt64l/brkitr/root.res" 3597
"../../../Engine/Content/Internationalization/icudt64l/brkitr/char.brk" 3598
"../../../Engine/Content/Internationalization/icudt64l/brkitr/word.brk" 3599
"/Engine/EditorResources/SequenceRecorder/Countdown" 3600
"../../../Engine/Content/EditorResources/SequenceRecorder/Countdown.uasset" 3601
"/Engine/EditorResources/SequenceRecorder/RecordingIndicator" 3602
"../../../Engine/Content/EditorResources/SequenceRecorder/RecordingIndicator.uasset" 3603
"/Engine/EditorMaterials/PhAT_UnselectedMaterial" 3604
"../../../Engine/Content/EditorMaterials/PhAT_UnselectedMaterial.uasset" 3605
"/Engine/EditorMaterials/PhAT_NoCollisionMaterial" 3606
"../../../Engine/Content/EditorMaterials/PhAT_NoCollisionMaterial.uasset" 3607
"/Engine/EditorResources/S_Terrain" 3608
"../../../Engine/Content/EditorResources/S_Terrain.uasset" 3609
"../../../Engine/Plugins/FX/Niagara/Shaders/Private/NiagaraDataInterfaceTexture2DArrayTemplate.ush" 3610
"../../../Engine/Plugins/FX/Niagara/Shaders/Private/NiagaraDataInterfaceActorComponentTemplate.ush" 3611
"../../../Engine/Plugins/FX/Niagara/Shaders/Private/NiagaraDataInterfaceArrayTemplate.ush" 3612
"../../../Engine/Plugins/FX/Niagara/Shaders/Private/NiagaraDataInterfaceArrayRWTemplate.ush" 3613
"../../../Engine/Plugins/FX/Niagara/Shaders/Private/NiagaraDataInterfaceAsyncGpuTrace.ush" 3614
"../../../Engine/Plugins/FX/Niagara/Shaders/Private/NiagaraDataInterfaceAsyncGpuTraceTemplate.ush" 3615
"../../../Engine/Plugins/FX/Niagara/Shaders/Private/NiagaraDataInterfaceCamera.ush" 3616
"../../../Engine/Plugins/Experimental/ChaosNiagara/Shaders/NiagaraDataInterfaceChaosDestruction.ush" 3617
"../../../Engine/Plugins/FX/Niagara/Shaders/Private/NiagaraDataInterfaceCollisionQuery.ush" 3618
"C:/Users/EnekoMartinGomez/Desktop/Proyecto III/Casita/Casita/Intermediate/ShaderAutogen/PCD3D_SM5/AutogenShaderHeaders.ush" 3619
"../../../Engine/Plugins/FX/Niagara/Shaders/Private/NiagaraDataInterfaceCollisionQueryTemplate.ush" 3620
"../../../Engine/Plugins/FX/Niagara/Shaders/Private/NiagaraDataInterfaceCurveTemplate.ush" 3621
"../../../Engine/Plugins/FX/Niagara/Shaders/Private/NiagaraDataInterfaceCubeTextureTemplate.ush" 3622
"../../../Engine/Plugins/FX/Niagara/Shaders/Private/DataChannel/NiagaraDataInterfaceDataChannelCommon.ush" 3623
"../../../Engine/Plugins/FX/Niagara/Shaders/Private/DataChannel/NiagaraDataInterfaceDataChannelTemplateCommon.ush" 3624
"../../../Engine/Plugins/FX/Niagara/Shaders/Private/DataChannel/NiagaraDataInterfaceDataChannelTemplateReadCommon.ush" 3625
"../../../Engine/Plugins/FX/Niagara/Shaders/Private/DataChannel/NiagaraDataInterfaceDataChannelTemplate_Read.ush" 3626
"../../../Engine/Plugins/FX/Niagara/Shaders/Private/DataChannel/NiagaraDataInterfaceDataChannelTemplate_Consume.ush" 3627
"../../../Engine/Plugins/FX/Niagara/Shaders/Private/DataChannel/NiagaraDataInterfaceDataChannelTemplateWriteCommon.ush" 3628
"../../../Engine/Plugins/FX/Niagara/Shaders/Private/DataChannel/NiagaraDataInterfaceDataChannelTemplate_Append.ush" 3629
"../../../Engine/Plugins/FX/Niagara/Shaders/Private/NiagaraDataInterfaceDataTableTemplate.ush" 3630
"../../../Engine/Plugins/FX/Niagara/Shaders/Private/NiagaraDataInterfaceDebugDraw.ush" 3631
"../../../Engine/Plugins/FX/Niagara/Shaders/Private/NiagaraDataInterfaceDebugDrawTemplate.ush" 3632
"../../../Engine/Plugins/FX/Niagara/Shaders/Private/NiagaraDataInterfaceDynamicMeshTemplate.ush" 3633
"../../../Engine/Plugins/FX/Niagara/Shaders/Private/NiagaraDataInterfaceEmitterPropertiesTemplate.ush" 3634
"../../../Engine/Plugins/FX/Niagara/Shaders/Private/NiagaraDataInterfaceExportTemplate.ush" 3635
"../../../Engine/Plugins/FX/Niagara/Shaders/Private/NiagaraDataInterfaceGBufferTemplate.ush" 3636
"../../../Engine/Plugins/Experimental/ChaosNiagara/Shaders/NiagaraDataInterfaceGeometryCollection.ush" 3637
"../../../Engine/Plugins/FX/Niagara/Shaders/Private/NiagaraTransformUtils.ush" 3638
"../../../Engine/Plugins/Runtime/HairStrands/Shaders/Private/NiagaraStrandsExternalForce.ush" 3639
"../../../Engine/Plugins/Runtime/HairStrands/Shaders/Private/NiagaraHookeSpringMaterial.ush" 3640
"../../../Engine/Plugins/Runtime/HairStrands/Shaders/Private/NiagaraAngularSpringMaterial.ush" 3641
"../../../Engine/Plugins/Runtime/HairStrands/Shaders/Private/NiagaraConstantVolumeMaterial.ush" 3642
"../../../Engine/Plugins/Runtime/HairStrands/Shaders/Private/NiagaraCosseratRodMaterial.ush" 3643
"../../../Engine/Plugins/Runtime/HairStrands/Shaders/Private/NiagaraStaticCollisionConstraint.ush" 3644
"../../../Engine/Plugins/Runtime/HairStrands/Shaders/Private/NiagaraDataInterfaceHairStrands.ush" 3645
"../../../Engine/Plugins/Runtime/HairStrands/Shaders/Private/NiagaraDataInterfaceHairStrandsTemplate.ush" 3646
"../../../Engine/Plugins/FX/Niagara/Shaders/Private/NiagaraDataInterfaceIntRenderTarget2D.ush" 3647
"../../../Engine/Plugins/FX/Niagara/Shaders/Private/NiagaraDataInterfaceLandscape.ush" 3648
"../../../Engine/Plugins/FX/Niagara/Shaders/Private/NiagaraDataInterfaceMemoryBufferTemplate.ush" 3649
"../../../Engine/Plugins/FX/Niagara/Shaders/Private/NiagaraDataInterfaceMeshRendererInfoTemplate.ush" 3650
"../../../Engine/Plugins/FX/Niagara/Shaders/Private/NiagaraDataInterfaceOcclusion.ush" 3651
"../../../Engine/Plugins/FX/Niagara/Shaders/Private/NiagaraDataInterfacePhysicsAsset.ush" 3652
"../../../Engine/Plugins/Experimental/ChaosNiagara/Shaders/NiagaraDataInterfacePhysicsField.ush" 3653
"../../../Engine/Plugins/FX/Niagara/Shaders/Private/NiagaraDataInterfacePlatformSetTemplate.ush" 3654
"../../../Engine/Plugins/Runtime/HairStrands/Shaders/Private/NiagaraDataInterfaceVelocityGrid.ush" 3655
"../../../Engine/Plugins/Runtime/HairStrands/Shaders/Private/NiagaraDataInterfaceVelocityGridTemplate.ush" 3656
"../../../Engine/Plugins/Runtime/HairStrands/Shaders/Private/NiagaraDataInterfacePressureGrid.ush" 3657
"../../../Engine/Plugins/Runtime/HairStrands/Shaders/Private/NiagaraDataInterfacePressureGridTemplate.ush" 3658
"../../../Engine/Plugins/FX/Niagara/Shaders/Private/NiagaraDataInterfaceRenderTarget2DTemplate.ush" 3659
"../../../Engine/Plugins/FX/Niagara/Shaders/Private/NiagaraDataInterfaceRenderTarget2DArrayTemplate.ush" 3660
"../../../Engine/Plugins/FX/Niagara/Shaders/Private/NiagaraDataInterfaceRenderTargetCubeTemplate.ush" 3661
"../../../Engine/Plugins/FX/Niagara/Shaders/Private/NiagaraDataInterfaceRenderTargetVolumeTemplate.ush" 3662
"../../../Engine/Plugins/FX/Niagara/Shaders/Private/NiagaraDataInterfaceRigidMeshCollisionQuery.ush" 3663
"../../../Engine/Plugins/FX/Niagara/Shaders/Private/NiagaraDistanceFieldQueries.ush" 3664
"../../../Engine/Plugins/FX/Niagara/Shaders/Private/NiagaraDataInterfaceSceneCapture2DTemplate.ush" 3665
"../../../Engine/Plugins/FX/Niagara/Shaders/Private/NiagaraDataInterfaceSimCacheReaderTemplate.ush" 3666
"../../../Engine/Plugins/FX/Niagara/Shaders/Private/NiagaraDataInterfaceSimpleCounterTemplate.ush" 3667
"../../../Engine/Plugins/FX/Niagara/Shaders/Private/NiagaraDataInterfaceSkeletalMesh.ush" 3668
"../../../Engine/Plugins/FX/Niagara/Shaders/Private/NiagaraBaryCentricUtils.ush" 3669
"../../../Engine/Plugins/FX/Niagara/Shaders/Private/NiagaraDataInterfaceSkeletalMeshTemplate.ush" 3670
"../../../Engine/Plugins/FX/Niagara/Shaders/Private/NiagaraDataInterfaceSocketReaderTemplate.ush" 3671
"../../../Engine/Plugins/FX/Niagara/Shaders/Private/NiagaraDataInterfaceSparseVolumeTextureTemplate.ush" 3672
"../../../Engine/Plugins/FX/Niagara/Shaders/Private/NiagaraDataInterfaceSplineTemplate.ush" 3673
"../../../Engine/Plugins/FX/Niagara/Shaders/Private/NiagaraDataInterfaceSpriteRendererInfoTemplate.ush" 3674
"../../../Engine/Plugins/FX/Niagara/Shaders/Private/NiagaraDataInterfaceStaticMeshTemplate.ush" 3675
"../../../Engine/Plugins/FX/Niagara/Shaders/Private/NiagaraDataInterfaceTextureTemplate.ush" 3676
"../../../Engine/Plugins/FX/Niagara/Shaders/Private/NiagaraDataInterfaceVirtualTexture.ush" 3677
"../../../Engine/Plugins/FX/Niagara/Shaders/Private/NiagaraDataInterfaceVirtualTextureTemplate.ush" 3678
"../../../Engine/Plugins/FX/Niagara/Shaders/Private/NiagaraDataInterfaceVolumeCache.ush" 3679
"../../../Engine/Plugins/FX/Niagara/Shaders/Private/NiagaraDataInterfaceVolumeTextureTemplate.ush" 3680
"../../../../../../Users/EnekoMartinGomez/Desktop/Proyecto III/Casita/Casita/Intermediate/ShaderAutogen/PCD3D_SM5/AutogenShaderHeaders.ush" 3681
"../../../Engine/Content/EngineSounds/Submixes/MasterEQSubmixDefault.uasset" 3682
"C:/Users/EnekoMartinGomez/Desktop/Proyecto III/Casita/Casita/Content/Art/Static/Enviroment/Enviro/Arbusto/Arbusto_low.uasset" 3683
"C:/Users/EnekoMartinGomez/Desktop/Proyecto III/Casita/Casita/Content/Art/Static/Enviroment/Enviro/Arbol/CK_CopaArbol.uasset" 3684
"../../../Engine/Content/EngineSounds/Submixes/MasterSubmixDefault.uasset" 3685
"../../../Engine/Plugins/FX/Niagara/Content/DefaultAssets/DefaultSpriteMaterial.uasset" 3686
"../../../Engine/Content/EngineSounds/Submixes/MasterReverbSubmixDefault.uasset" 3687
"../../../Engine/Plugins/FX/Niagara/Content/Modules/System/SystemState.uasset" 3688
"/Niagara/DefaultAssets/DefaultSpriteMaterial" 3689
"../../../Engine/Plugins/FX/Niagara/Content/Icons/Modules/T_Icon_Particle_InfiniteLife.uasset" 3690
"../../../Engine/Plugins/FX/Niagara/Content/DefaultAssets/Templates/CascadeConversion/CompletelyEmpty.uasset" 3691
"../../../Engine/Plugins/FX/Niagara/Content/Functions/V2/DistanceBasedFalloff.uasset" 3692
"../../../Engine/Plugins/FX/Niagara/Content/Modules/Update/Lifetime/ParticleState.uasset" 3693
"../../../Engine/Plugins/FX/Niagara/Content/Functions/NormalizeDistanceRange.uasset" 3694
"../../../Engine/Plugins/Interchange/Assets/Content/Functions/MF_PhongToMetalRoughness.uasset" 3695
"../../../Engine/Plugins/FX/Niagara/Content/Functions/Rotation/TransformStack/TransformStack_Rotation.uasset" 3696
"../../../Engine/Plugins/FX/Niagara/Content/Functions/Rotation/XYZRotationToQuaternion.uasset" 3697
"../../../Engine/Content/EngineSounds/Submixes/MasterReverbEffectPreset.uasset" 3698
"../../../Engine/Plugins/FX/Niagara/Content/Functions/System/SystemChangeState.uasset" 3699
"../../../Engine/Content/EngineSounds/Submixes/MasterEQEffectPreset.uasset" 3700
"../../../Engine/Plugins/FX/Niagara/Content/Functions/V2/CalculateRandomUnitVector.uasset" 3701
"C:/Users/EnekoMartinGomez/Desktop/Proyecto III/Casita/Casita/Content/__ExternalActors__/Levels/Baserri/E/UV/4LZCU23P5V57QMOKHSG1F7.uasset" 3702
"../../../Engine/Plugins/FX/Niagara/Content/Functions/Rotation/MatrixToQuaternion.uasset" 3703
"../../../Engine/Plugins/FX/Niagara/Content/Functions/Rotation/MakeQuaternionFrom3BasisVectors.uasset" 3704
"../../../Engine/Plugins/FX/Niagara/Content/Functions/V2/CalculateRandomBool.uasset" 3705
"../../../Engine/Plugins/FX/Niagara/Content/Functions/Rotation/FindQuatBetween.uasset" 3706
"../../../Engine/Plugins/FX/Niagara/Content/Modules/Spawn/Velocity/AddVelocity.uasset" 3707
"../../../Engine/Plugins/FX/Niagara/Content/Functions/LinearColor/HueShiftLinearColor.uasset" 3708
"../../../Engine/Plugins/FX/Niagara/Content/Functions/Math/CalculateRandomPointInConeSphereIntersection.uasset" 3709
"../../../Engine/Plugins/FX/Niagara/Content/Functions/Rotation/InvertQuaternion.uasset" 3710
"../../../Engine/Plugins/FX/Niagara/Content/Functions/Math/SaturateFloat.uasset" 3711
"../../../Engine/Plugins/FX/Niagara/Content/Functions/Rotation/AngleUnitConverter.uasset" 3712
"../../../Engine/Plugins/FX/Niagara/Content/Functions/V2/CalculateRandomRangeFloat.uasset" 3713
"../../../Engine/Plugins/FX/Niagara/Content/Functions/V2/CalculateRandomRange.uasset" 3714
"../../../Engine/Plugins/FX/Niagara/Content/Functions/V2/CalculateRandomRangeInteger.uasset" 3715
"/Engine/EngineSounds/Submixes/MasterReverbEffectPreset" 3716
"/Engine/EngineSounds/Submixes/MasterEQEffectPreset" 3717
"/Engine/EngineSounds/Submixes/MasterEQSubmixDefault" 3718
"/Game/__ExternalActors__/Levels/Baserri/E/UV/4LZCU23P5V57QMOKHSG1F7" 3719
"../../../../../../Users/EnekoMartinGomez/Desktop/Proyecto III/Casita/Casita/Content/Levels/Baserri.umap" 3720
"../../../../../../Users/EnekoMartinGomez/Desktop/Proyecto III/Casita/Casita/Content/GameMode/BP_CasitaGameMode.uasset" 3721
"../../../../../../Users/EnekoMartinGomez/Desktop/Proyecto III/Casita/Casita/Content/Baserri_HLOD0_Instancing.uasset" 3722
"../../../../../../Users/EnekoMartinGomez/Desktop/Proyecto III/Casita/Casita/Content/Menu/W_MainMenu.uasset" 3723
"../../../../../../Users/EnekoMartinGomez/Desktop/Proyecto III/Casita/Casita/Content/Player/BP_MainPlayer.uasset" 3724
"../../../../../../Users/EnekoMartinGomez/Desktop/Proyecto III/Casita/Casita/Content/Art/Fonts/Yourpal_Font.uasset" 3725
"../../../../../../Users/EnekoMartinGomez/Desktop/Proyecto III/Casita/Casita/Content/Particles/Flowers.uasset" 3726
"../../../../../../Users/EnekoMartinGomez/Desktop/Proyecto III/Casita/Casita/Content/Art/Fonts/Yourpal.uasset" 3727
"../../Plugins/FX/Niagara/Content/Modules/Emitter/EmitterState.uasset" 3728
"../../Plugins/FX/Niagara/Content/Modules/Emitter/SpawnRate.uasset" 3729
"../../Plugins/FX/Niagara/Content/Modules/Solvers/SolveForcesAndVelocity.uasset" 3730
"../../Plugins/FX/Niagara/Content/Modules/Spawn/Initialization/V2/InitializeParticle.uasset" 3731
"../../Plugins/FX/Niagara/Content/Enums/Angles/ENiagara_AngleInput.uasset" 3732
"../../Plugins/FX/Niagara/Content/Enums/ENiagara_ColorInitializationMode.uasset" 3733
"../../Plugins/FX/Niagara/Content/Enums/ENiagara_EmitterStateOptions.uasset" 3734
"../../Plugins/FX/Niagara/Content/Enums/ENiagara_InfiniteLoopDuration.uasset" 3735
"../../Plugins/FX/Niagara/Content/Enums/ENiagara_LifetimeMode.uasset" 3736
"../../Plugins/FX/Niagara/Content/Enums/ENiagara_MassInitializationMode.uasset" 3737
"../../Plugins/FX/Niagara/Content/Enums/ENiagara_PositionInitializationMode.uasset" 3738
"../../Plugins/FX/Niagara/Content/Enums/ENiagara_SizeScaleMode.uasset" 3739
"../../Plugins/FX/Niagara/Content/Enums/ENiagara_SpriteRotationMode.uasset" 3740
"../../Plugins/FX/Niagara/Content/Enums/ENiagara_UVFlippingMode.uasset" 3741
"../../Plugins/FX/Niagara/Content/Enums/ENiagaraChannelCorrelation.uasset" 3742
"../../Plugins/FX/Niagara/Content/Enums/ENiagaraEmitterLifeCycleMode.uasset" 3743
"../../Plugins/FX/Niagara/Content/Enums/ENiagaraEmitterScalabilityMode_Limited.uasset" 3744
"../../Plugins/FX/Niagara/Content/Enums/ENiagaraInactiveMode.uasset" 3745
"../../Plugins/FX/Niagara/Content/Enums/ENiagaraRandomnessMode.uasset" 3746
"../../Plugins/FX/Niagara/Content/Enums/ENiagaraSystemInactiveMode.uasset" 3747
"../../Plugins/FX/Niagara/Content/Enums/Ribbons/ENiagara_UnsetDirectSet.uasset" 3748
"../../Plugins/FX/Niagara/Content/Enums/Ribbons/ENiagara_UnsetDirectSetRandom.uasset" 3749
"../../Plugins/FX/Niagara/Content/Enums/Transforms/ENiagara_RotationMode.uasset" 3750
"../../Plugins/FX/Niagara/Content/Enums/Utility/ENiagara_VelocityMode.uasset" 3751
"../../Plugins/FX/Niagara/Content/Functions/Emitter/EmitterChangeState.uasset" 3752
"../../Plugins/FX/Niagara/Content/Icons/Modules/T_Icon_Scalability_Emitter.uasset" 3753
"../../Plugins/FX/Niagara/Content/Icons/Modules/T_Icon_Scalability_System.uasset" 3754
"../../Plugins/FX/Niagara/Content/Functions/RandomRangeFloat.uasset" 3755
"../../Plugins/FX/Niagara/Content/Functions/DirectionAndLengthSafe.uasset" 3756
"../../Plugins/FX/Niagara/Content/Functions/Drag/DragVelocity.uasset" 3757
"../../Plugins/FX/Niagara/Content/Functions/Math/CentimeterMeterConversion.uasset" 3758
"../../Plugins/FX/Niagara/Content/Functions/Rotation/MultiplyVectorWithQuaternion.uasset" 3759
"../../Plugins/FX/Niagara/Content/Modules/Solvers/ApplyRotationVector.uasset" 3760
"../../Plugins/FX/Niagara/Content/Icons/Modules/T_Icon_Solver_LimitAccel.uasset" 3761
"../../Plugins/FX/Niagara/Content/Icons/Modules/T_Icon_Solver_LimitSpeed.uasset" 3762
"../../Plugins/FX/Niagara/Content/Icons/Modules/T_Icon_Solver_RotationalSolve.uasset" 3763
"../../Plugins/FX/Niagara/Content/Functions/Localspace/SimulationPosition.uasset" 3764
"../../Plugins/FX/Niagara/Content/Functions/Localspace/TransformVector.uasset" 3765
"../../Plugins/FX/Niagara/Content/Enums/ENiagaraRandomnessEvaluation.uasset" 3766
"../../Plugins/FX/Niagara/Content/Functions/Rotation/AxisAngleToQuaternion.uasset" 3767
"../../Plugins/FX/Niagara/Content/Functions/Rotation/MultiplyQuaternion.uasset" 3768
"../../Plugins/FX/Niagara/Content/Functions/GetRandomInfo.uasset" 3769
"../../Plugins/FX/Niagara/Content/Functions/Localspace/TransformBase.uasset" 3770
"../../../Engine/Plugins/Interchange/Assets/Content/gltf/Textures/T_Generic_N.uasset" 3771
"../../../Engine/Plugins/Interchange/Assets/Content/gltf/MaterialFunctions/MF_MetallicRoughness.uasset" 3772
"../../../Engine/Plugins/Interchange/Assets/Content/gltf/MaterialFunctions/MF_Specular.uasset" 3773
"../../../Engine/Plugins/Interchange/Assets/Content/gltf/MaterialBodies/MF_ClearCoat_Body.uasset" 3774
"../../../Engine/Plugins/Interchange/Assets/Content/gltf/MaterialFunctions/MF_Emissive.uasset" 3775
"../../../Engine/Plugins/Interchange/Assets/Content/gltf/Textures/T_White_Linear.uasset" 3776
"../../../Engine/Plugins/Interchange/Assets/Content/gltf/Textures/T_Anisotropy_Direction_Linear.uasset" 3777
"../../../Engine/Plugins/Interchange/Assets/Content/gltf/MaterialFunctions/MF_ScaleNormal.uasset" 3778
"../../../Engine/Plugins/Interchange/Assets/Content/gltf/MaterialFunctions/MF_Occlusion.uasset" 3779
"../../../Engine/Plugins/Interchange/Assets/Content/gltf/MaterialFunctions/MF_Normals.uasset" 3780
"../../../Engine/Plugins/Interchange/Assets/Content/gltf/MaterialFunctions/MF_SpecularAnisotropy.uasset" 3781
"../../../Engine/Content/Functions/Engine_MaterialFunctions01/Texturing/FlattenNormal.uasset" 3782
"../../../Engine/Plugins/Interchange/Assets/Content/gltf/MaterialFunctions/MF_RotateNormals_TS.uasset" 3783
"../../../Engine/Plugins/Interchange/Assets/Content/gltf/MaterialFunctions/MF_Clearcoat.uasset" 3784
"../../../Engine/Plugins/Interchange/Assets/Content/gltf/MaterialFunctions/MF_BaseColor.uasset" 3785
"../../../Engine/Content/Functions/Engine_MaterialFunctions03/Math/RemapValueRange.uasset" 3786
"../../../Engine/Plugins/Interchange/Assets/Content/gltf/Textures/T_White_srgb.uasset" 3787
"../../../Engine/Plugins/Interchange/Assets/Content/gltf/MaterialFunctions/MF_TransformUVs.uasset" 3788
"../../../Engine/Plugins/Interchange/Assets/Content/Functions/MF_IridescenceNoLUT.uasset" 3789
"../../../Engine/Plugins/Interchange/Assets/Content/gltf/MaterialFunctions/MF_Iridescence.uasset" 3790
"../../../Engine/Plugins/Interchange/Assets/Content/Utilities/New_LUT.uasset" 3791
"../../../Engine/Plugins/Interchange/Assets/Content/gltf/MaterialFunctions/MF_RotateV2.uasset" 3792
"../../../Engine/Plugins/Interchange/Assets/Content/gltf/MaterialFunctions/MF_IOR.uasset" 3793
"../../../Engine/Plugins/Interchange/Assets/Content/gltf/MaterialInstances/MI_ClearCoat_Blend.uasset" 3794
"../../../Engine/Plugins/Interchange/Assets/Content/gltf/MaterialInstances/MI_ClearCoat_Opaque_DS.uasset" 3795
"../../../Engine/Plugins/Interchange/Assets/Content/gltf/MaterialInstances/MI_ClearCoat_Mask.uasset" 3796
"../../../Engine/Plugins/Interchange/Assets/Content/gltf/M_ClearCoat.uasset" 3797
"../../../Engine/Plugins/Interchange/Assets/Content/gltf/MaterialInstances/MI_ClearCoat_Mask_DS.uasset" 3798
"../../../Engine/Plugins/Interchange/Assets/Content/gltf/MaterialInstances/MI_ClearCoat_Blend_DS.uasset" 3799
"../../../Engine/Plugins/Interchange/Assets/Content/Functions/MF_Iridescence.uasset" 3800
"../../../Engine/Plugins/Interchange/Assets/Content/gltf/MaterialBodies/MF_Default_Body.uasset" 3801
"../../../Engine/Plugins/Interchange/Assets/Content/gltf/MaterialInstances/MI_ClearCoat_Opaque.uasset" 3802
"/Engine/Functions/Engine_MaterialFunctions01/Texturing/FlattenNormal" 3803
"/InterchangeAssets/gltf/MaterialFunctions/MF_Clearcoat" 3804
"/InterchangeAssets/gltf/MaterialBodies/MF_ClearCoat_Body" 3805
"/Engine/Functions/Engine_MaterialFunctions03/Math/RemapValueRange" 3806
"/InterchangeAssets/Functions/MF_Iridescence" 3807
"/InterchangeAssets/gltf/M_ClearCoat" 3808
"/InterchangeAssets/gltf/MaterialInstances/MI_ClearCoat_Opaque" 3809
"/InterchangeAssets/gltf/MaterialInstances/MI_ClearCoat_Mask" 3810
"/InterchangeAssets/gltf/MaterialInstances/MI_ClearCoat_Blend" 3811
"/InterchangeAssets/gltf/MaterialInstances/MI_ClearCoat_Opaque_DS" 3812
"/InterchangeAssets/gltf/MaterialInstances/MI_ClearCoat_Mask_DS" 3813
"/InterchangeAssets/gltf/MaterialInstances/MI_ClearCoat_Blend_DS" 3814
"/InterchangeAssets/gltf/MaterialBodies/MF_Default_Body" 3815
"../../../Engine/Plugins/Interchange/Assets/Content/gltf/MaterialInstances/MI_Default_Blend_DS.uasset" 3816
"../../../Engine/Plugins/Interchange/Assets/Content/gltf/MaterialBodies/MF_Sheen_Body.uasset" 3817
"../../../Engine/Plugins/Interchange/Assets/Content/gltf/MaterialInstances/MI_Sheen_Opaque_DS.uasset" 3818
"../../../Engine/Plugins/Interchange/Assets/Content/gltf/M_Sheen.uasset" 3819
"../../../Engine/Plugins/Interchange/Assets/Content/gltf/MaterialInstances/MI_Default_Opaque.uasset" 3820
"../../../Engine/Plugins/Interchange/Assets/Content/gltf/MaterialInstances/MI_Default_Mask.uasset" 3821
"../../../Engine/Plugins/Interchange/Assets/Content/gltf/MaterialInstances/MI_Default_Blend.uasset" 3822
"../../../Engine/Plugins/Interchange/Assets/Content/gltf/MaterialInstances/MI_Default_Mask_DS.uasset" 3823
"../../../Engine/Plugins/Interchange/Assets/Content/gltf/MaterialFunctions/MF_Sheen.uasset" 3824
"../../../Engine/Plugins/Interchange/Assets/Content/gltf/MaterialInstances/MI_Sheen_Mask.uasset" 3825
"../../../Engine/Plugins/Interchange/Assets/Content/gltf/M_Default.uasset" 3826
"../../../Engine/Plugins/Interchange/Assets/Content/gltf/MaterialInstances/MI_Sheen_Opaque.uasset" 3827
"../../../Engine/Plugins/Interchange/Assets/Content/gltf/MaterialInstances/MI_Default_Opaque_DS.uasset" 3828
"../../../Engine/Plugins/Interchange/Assets/Content/gltf/MaterialInstances/MI_Sheen_Blend.uasset" 3829
"../../../Engine/Content/Functions/Engine_MaterialFunctions02/Texturing/ScreenAlignedPixelToPixelUVs.uasset" 3830
"../../../Engine/Plugins/Interchange/Assets/Content/gltf/MaterialInstances/MI_Transmission.uasset" 3831
"../../../Engine/Plugins/Interchange/Assets/Content/gltf/MaterialFunctions/MF_Temporal_Blur.uasset" 3832
"../../../Engine/Plugins/Interchange/Assets/Content/gltf/MaterialInstances/MI_Sheen_Mask_DS.uasset" 3833
"../../../Engine/Plugins/Interchange/Assets/Content/gltf/MaterialFunctions/MF_SpecGlossToMetalRoughness.uasset" 3834
"../../../Engine/Plugins/Interchange/Assets/Content/gltf/MaterialInstances/MI_Transmission_DS.uasset" 3835
"../../../Engine/Plugins/Interchange/Assets/Content/gltf/MaterialInstances/MI_Sheen_Blend_DS.uasset" 3836
"../../../Engine/Plugins/Interchange/Assets/Content/gltf/MaterialFunctions/MF_PerceivedBrightness.uasset" 3837
"../../../Engine/Plugins/Interchange/Assets/Content/gltf/MaterialBodies/MF_Transmission_Body.uasset" 3838
"../../../Engine/Plugins/Interchange/Assets/Content/gltf/MaterialFunctions/MF_Transmission.uasset" 3839
"../../../Engine/Plugins/Interchange/Assets/Content/gltf/M_Transmission.uasset" 3840
"../../../Engine/Plugins/Interchange/Assets/Content/gltf/MaterialFunctions/MF_DiffuseSpecGloss.uasset" 3841
"../../../Engine/Plugins/Interchange/Assets/Content/gltf/MaterialFunctions/MF_Fresnel_DS.uasset" 3842
"../../../Engine/Plugins/Interchange/Assets/Content/gltf/MaterialFunctions/MF_MaxComponentValue.uasset" 3843
"../../../Engine/Plugins/Interchange/Assets/Content/gltf/MaterialBodies/MF_SpecularGlossiness_Body.uasset" 3844
"../../../Engine/Plugins/Interchange/Assets/Content/gltf/M_SpecularGlossiness.uasset" 3845
"../../../Engine/Content/Functions/Engine_MaterialFunctions02/Math/AddComponents.uasset" 3846
"../../../Engine/Plugins/Interchange/Assets/Content/gltf/MaterialInstances/MI_SpecularGlossiness_Opaque.uasset" 3847
"/Game/__ExternalActors__/Levels/Baserri/0/2P/8CQEIGDEQCHC1IIUB82LMY" 3848
"../../../../../../Users/EnekoMartinGomez/Desktop/Proyecto III/Casita/Casita/Content/__ExternalActors__/Levels/Baserri/0/2P/8CQEIGDEQCHC1IIUB82LMY.uasset" 3849
"../../../Engine/Content/OpenWorldTemplate/HLOD/HLOD0_Instancing.uasset" 3850
"../../../Engine/Content/OpenWorldTemplate/LandscapeMaterial/M_ProcGrid.uasset" 3851
"../../../Engine/Content/Functions/Engine_MaterialFunctions01/Gradient/LinearGradient.uasset" 3852
"../../../Engine/Content/Functions/Engine_MaterialFunctions01/ImageAdjustment/CheapContrast.uasset" 3853
"../../../Engine/Content/Functions/Engine_MaterialFunctions03/Blends/Blend_Overlay.uasset" 3854
"../../../Engine/Content/OpenWorldTemplate/LandscapeMaterial/MF_ProcGrid.uasset" 3855
"../../../Engine/Content/EngineMaterials/BlendFunc_DefBase.uasset" 3856
"../../../Engine/Content/EngineMaterials/BlendFunc_DefBlend.uasset" 3857
"../../../Engine/Content/OpenWorldTemplate/LandscapeMaterial/T_GridChecker_A.uasset" 3858
"/Game/__ExternalActors__/Levels/Baserri/0/6E/ZSTQ4ES98BIZST0GPYRTRF" 3859
"../../../../../../Users/EnekoMartinGomez/Desktop/Proyecto III/Casita/Casita/Content/__ExternalActors__/Levels/Baserri/0/6E/ZSTQ4ES98BIZST0GPYRTRF.uasset" 3860
"/Game/__ExternalActors__/Levels/Baserri/0/9K/EYZ8COZRGB8YU3WKKT260K" 3861
"../../../../../../Users/EnekoMartinGomez/Desktop/Proyecto III/Casita/Casita/Content/__ExternalActors__/Levels/Baserri/0/9K/EYZ8COZRGB8YU3WKKT260K.uasset" 3862
"/Game/__ExternalActors__/Levels/Baserri/0/BT/X7GMXMBMDPVE74ENMY82XD" 3863
"../../../../../../Users/EnekoMartinGomez/Desktop/Proyecto III/Casita/Casita/Content/__ExternalActors__/Levels/Baserri/0/BT/X7GMXMBMDPVE74ENMY82XD.uasset" 3864
"/Game/__ExternalActors__/Levels/Baserri/0/C6/EWW78XF84GE48CPO8OE3BZ" 3865
"../../../../../../Users/EnekoMartinGomez/Desktop/Proyecto III/Casita/Casita/Content/__ExternalActors__/Levels/Baserri/0/C6/EWW78XF84GE48CPO8OE3BZ.uasset" 3866
"/Game/__ExternalActors__/Levels/Baserri/0/LP/5GU3KP45T5FJJNSCFTC0ZZ" 3867
"../../../../../../Users/EnekoMartinGomez/Desktop/Proyecto III/Casita/Casita/Content/__ExternalActors__/Levels/Baserri/0/LP/5GU3KP45T5FJJNSCFTC0ZZ.uasset" 3868
"/Game/__ExternalActors__/Levels/Baserri/0/LT/95SXMAOITHXKWU8POXBNHW" 3869
"../../../../../../Users/EnekoMartinGomez/Desktop/Proyecto III/Casita/Casita/Content/__ExternalActors__/Levels/Baserri/0/LT/95SXMAOITHXKWU8POXBNHW.uasset" 3870
"/Game/__ExternalActors__/Levels/Baserri/0/RA/XS8SM33PY453ED53BOO1LJ" 3871
"../../../../../../Users/EnekoMartinGomez/Desktop/Proyecto III/Casita/Casita/Content/__ExternalActors__/Levels/Baserri/0/RA/XS8SM33PY453ED53BOO1LJ.uasset" 3872
"/Game/__ExternalActors__/Levels/Baserri/1/1S/G5E8BAJE412A5W9BTBX4YS" 3873
"../../../../../../Users/EnekoMartinGomez/Desktop/Proyecto III/Casita/Casita/Content/__ExternalActors__/Levels/Baserri/1/1S/G5E8BAJE412A5W9BTBX4YS.uasset" 3874
"/Game/__ExternalActors__/Levels/Baserri/1/DK/ZHHR456E12N26F1ZJ44PND" 3875
"../../../../../../Users/EnekoMartinGomez/Desktop/Proyecto III/Casita/Casita/Content/__ExternalActors__/Levels/Baserri/1/DK/ZHHR456E12N26F1ZJ44PND.uasset" 3876
"/Game/__ExternalActors__/Levels/Baserri/1/UW/A651K62P8XQWCXUE8UPAWM" 3877
"../../../../../../Users/EnekoMartinGomez/Desktop/Proyecto III/Casita/Casita/Content/__ExternalActors__/Levels/Baserri/1/UW/A651K62P8XQWCXUE8UPAWM.uasset" 3878
"/Game/__ExternalActors__/Levels/Baserri/1/VH/X3SSYK7HU96SUND5MWF720" 3879
"../../../../../../Users/EnekoMartinGomez/Desktop/Proyecto III/Casita/Casita/Content/__ExternalActors__/Levels/Baserri/1/VH/X3SSYK7HU96SUND5MWF720.uasset" 3880
"/Game/__ExternalActors__/Levels/Baserri/1/WF/K6K779SVZNUP3JTP118KG4" 3881
"../../../../../../Users/EnekoMartinGomez/Desktop/Proyecto III/Casita/Casita/Content/__ExternalActors__/Levels/Baserri/1/WF/K6K779SVZNUP3JTP118KG4.uasset" 3882
"/Game/__ExternalActors__/Levels/Baserri/1/Y3/JVK57JMY5OK5X31TDCH20P" 3883
"../../../../../../Users/EnekoMartinGomez/Desktop/Proyecto III/Casita/Casita/Content/__ExternalActors__/Levels/Baserri/1/Y3/JVK57JMY5OK5X31TDCH20P.uasset" 3884
"/Game/__ExternalActors__/Levels/Baserri/2/83/3ZXUC4TVB76XF1RRDBIV81" 3885
"../../../../../../Users/EnekoMartinGomez/Desktop/Proyecto III/Casita/Casita/Content/__ExternalActors__/Levels/Baserri/2/83/3ZXUC4TVB76XF1RRDBIV81.uasset" 3886
"/Game/__ExternalActors__/Levels/Baserri/2/BV/C7X8HXG36VEWBWPJSW5NZQ" 3887
"../../../../../../Users/EnekoMartinGomez/Desktop/Proyecto III/Casita/Casita/Content/__ExternalActors__/Levels/Baserri/2/BV/C7X8HXG36VEWBWPJSW5NZQ.uasset" 3888
"/Game/__ExternalActors__/Levels/Baserri/2/MJ/88TKGCTXRDSSIO6K0CW7AG" 3889
"../../../../../../Users/EnekoMartinGomez/Desktop/Proyecto III/Casita/Casita/Content/__ExternalActors__/Levels/Baserri/2/MJ/88TKGCTXRDSSIO6K0CW7AG.uasset" 3890
"/Game/__ExternalActors__/Levels/Baserri/2/WE/BS3BKDLCF5T0MAWH17UKCF" 3891
"../../../../../../Users/EnekoMartinGomez/Desktop/Proyecto III/Casita/Casita/Content/__ExternalActors__/Levels/Baserri/2/WE/BS3BKDLCF5T0MAWH17UKCF.uasset" 3892
"/Game/__ExternalActors__/Levels/Baserri/2/XL/58P7RMH73X6IXQ5FHW1S90" 3893
"../../../../../../Users/EnekoMartinGomez/Desktop/Proyecto III/Casita/Casita/Content/__ExternalActors__/Levels/Baserri/2/XL/58P7RMH73X6IXQ5FHW1S90.uasset" 3894
"/Game/__ExternalActors__/Levels/Baserri/3/DM/F0DKXBPLC97U9YWH4FMJAL" 3895
"../../../../../../Users/EnekoMartinGomez/Desktop/Proyecto III/Casita/Casita/Content/__ExternalActors__/Levels/Baserri/3/DM/F0DKXBPLC97U9YWH4FMJAL.uasset" 3896
"/Game/__ExternalActors__/Levels/Baserri/3/VJ/ZE3HJV9IFRV48HM9F1UZ84" 3897
"../../../../../../Users/EnekoMartinGomez/Desktop/Proyecto III/Casita/Casita/Content/__ExternalActors__/Levels/Baserri/3/VJ/ZE3HJV9IFRV48HM9F1UZ84.uasset" 3898
"/Game/__ExternalActors__/Levels/Baserri/4/2U/K9VLVY2ZG332BPOZHSZS6C" 3899
"../../../../../../Users/EnekoMartinGomez/Desktop/Proyecto III/Casita/Casita/Content/__ExternalActors__/Levels/Baserri/4/2U/K9VLVY2ZG332BPOZHSZS6C.uasset" 3900
"/Game/__ExternalActors__/Levels/Baserri/4/8X/TTVTIA6HN2CXMLKHM8WH17" 3901
"../../../../../../Users/EnekoMartinGomez/Desktop/Proyecto III/Casita/Casita/Content/__ExternalActors__/Levels/Baserri/4/8X/TTVTIA6HN2CXMLKHM8WH17.uasset" 3902
"/Game/__ExternalActors__/Levels/Baserri/5/62/5D0G6RIUL64LVAR8INV3HK" 3903
"../../../../../../Users/EnekoMartinGomez/Desktop/Proyecto III/Casita/Casita/Content/__ExternalActors__/Levels/Baserri/5/62/5D0G6RIUL64LVAR8INV3HK.uasset" 3904
"/Game/__ExternalActors__/Levels/Baserri/5/OO/GJAP91EMRWHSBOJYOE2X49" 3905
"../../../../../../Users/EnekoMartinGomez/Desktop/Proyecto III/Casita/Casita/Content/__ExternalActors__/Levels/Baserri/5/OO/GJAP91EMRWHSBOJYOE2X49.uasset" 3906
"/Game/__ExternalActors__/Levels/Baserri/5/TS/ZTAUFS9N7NTS10EI7YM2FO" 3907
"../../../../../../Users/EnekoMartinGomez/Desktop/Proyecto III/Casita/Casita/Content/__ExternalActors__/Levels/Baserri/5/TS/ZTAUFS9N7NTS10EI7YM2FO.uasset" 3908
"/Game/__ExternalActors__/Levels/Baserri/6/46/O1M41N5OCJ9LSSQL5X1S9P" 3909
"../../../../../../Users/EnekoMartinGomez/Desktop/Proyecto III/Casita/Casita/Content/__ExternalActors__/Levels/Baserri/6/46/O1M41N5OCJ9LSSQL5X1S9P.uasset" 3910
"/Game/__ExternalActors__/Levels/Baserri/6/BO/B3DCL8T4ER74NWXGABCN56" 3911
"../../../../../../Users/EnekoMartinGomez/Desktop/Proyecto III/Casita/Casita/Content/__ExternalActors__/Levels/Baserri/6/BO/B3DCL8T4ER74NWXGABCN56.uasset" 3912
"/Game/__ExternalActors__/Levels/Baserri/6/KB/J2Z6ESFM18S4AHTNR87RY6" 3913
"../../../../../../Users/EnekoMartinGomez/Desktop/Proyecto III/Casita/Casita/Content/__ExternalActors__/Levels/Baserri/6/KB/J2Z6ESFM18S4AHTNR87RY6.uasset" 3914
"/Game/__ExternalActors__/Levels/Baserri/6/VA/D5MVL9BG5EJ6ZUSLVE2D2R" 3915
"../../../../../../Users/EnekoMartinGomez/Desktop/Proyecto III/Casita/Casita/Content/__ExternalActors__/Levels/Baserri/6/VA/D5MVL9BG5EJ6ZUSLVE2D2R.uasset" 3916
"/Game/__ExternalActors__/Levels/Baserri/6/YA/6JTLMX69I9HS7SLS986ZWL" 3917
"../../../../../../Users/EnekoMartinGomez/Desktop/Proyecto III/Casita/Casita/Content/__ExternalActors__/Levels/Baserri/6/YA/6JTLMX69I9HS7SLS986ZWL.uasset" 3918
"/Game/__ExternalActors__/Levels/Baserri/7/BC/TKQ6EY0L7C60PSDZYHTNIV" 3919
"../../../../../../Users/EnekoMartinGomez/Desktop/Proyecto III/Casita/Casita/Content/__ExternalActors__/Levels/Baserri/7/BC/TKQ6EY0L7C60PSDZYHTNIV.uasset" 3920
"/Game/__ExternalActors__/Levels/Baserri/7/U2/MWF9CPNKA4L9W2URTAOP78" 3921
"../../../../../../Users/EnekoMartinGomez/Desktop/Proyecto III/Casita/Casita/Content/__ExternalActors__/Levels/Baserri/7/U2/MWF9CPNKA4L9W2URTAOP78.uasset" 3922
"/Game/__ExternalActors__/Levels/Baserri/7/VA/A1G6R7GK9PNHIPF5NN6ZCJ" 3923
"../../../../../../Users/EnekoMartinGomez/Desktop/Proyecto III/Casita/Casita/Content/__ExternalActors__/Levels/Baserri/7/VA/A1G6R7GK9PNHIPF5NN6ZCJ.uasset" 3924
"/Game/__ExternalActors__/Levels/Baserri/7/W9/68GQBSRDPX7SKLUN4VW75O" 3925
"../../../../../../Users/EnekoMartinGomez/Desktop/Proyecto III/Casita/Casita/Content/__ExternalActors__/Levels/Baserri/7/W9/68GQBSRDPX7SKLUN4VW75O.uasset" 3926
"/Game/__ExternalActors__/Levels/Baserri/8/33/ZCFIZT1IHBDSAHBIK079LO" 3927
"../../../../../../Users/EnekoMartinGomez/Desktop/Proyecto III/Casita/Casita/Content/__ExternalActors__/Levels/Baserri/8/33/ZCFIZT1IHBDSAHBIK079LO.uasset" 3928
"/Game/__ExternalActors__/Levels/Baserri/8/5H/YC2BEYKXQVC37VVOOLLP8R" 3929
"../../../../../../Users/EnekoMartinGomez/Desktop/Proyecto III/Casita/Casita/Content/__ExternalActors__/Levels/Baserri/8/5H/YC2BEYKXQVC37VVOOLLP8R.uasset" 3930
"/Game/__ExternalActors__/Levels/Baserri/8/BR/R2ASJKZM0LM18AYGR8GRQR" 3931
"../../../../../../Users/EnekoMartinGomez/Desktop/Proyecto III/Casita/Casita/Content/__ExternalActors__/Levels/Baserri/8/BR/R2ASJKZM0LM18AYGR8GRQR.uasset" 3932
"/Game/__ExternalActors__/Levels/Baserri/8/O8/4Y6JNUBOV4BBVOF90NNPFU" 3933
"../../../../../../Users/EnekoMartinGomez/Desktop/Proyecto III/Casita/Casita/Content/__ExternalActors__/Levels/Baserri/8/O8/4Y6JNUBOV4BBVOF90NNPFU.uasset" 3934
"/Game/__ExternalActors__/Levels/Baserri/8/RI/ZVW6USSMEXFLEN3ER30297" 3935
"../../../../../../Users/EnekoMartinGomez/Desktop/Proyecto III/Casita/Casita/Content/__ExternalActors__/Levels/Baserri/8/RI/ZVW6USSMEXFLEN3ER30297.uasset" 3936
"/Game/__ExternalActors__/Levels/Baserri/9/91/RCXNZ9NZG3K9RCL3TTC69L" 3937
"../../../../../../Users/EnekoMartinGomez/Desktop/Proyecto III/Casita/Casita/Content/__ExternalActors__/Levels/Baserri/9/91/RCXNZ9NZG3K9RCL3TTC69L.uasset" 3938
"/Game/__ExternalActors__/Levels/Baserri/9/IX/2UBWJIZFT31M5N2EQUT9AQ" 3939
"../../../../../../Users/EnekoMartinGomez/Desktop/Proyecto III/Casita/Casita/Content/__ExternalActors__/Levels/Baserri/9/IX/2UBWJIZFT31M5N2EQUT9AQ.uasset" 3940
"/Game/__ExternalActors__/Levels/Baserri/9/MQ/M3W4BRFRY051X9LX2DI0R5" 3941
"../../../../../../Users/EnekoMartinGomez/Desktop/Proyecto III/Casita/Casita/Content/__ExternalActors__/Levels/Baserri/9/MQ/M3W4BRFRY051X9LX2DI0R5.uasset" 3942
"/Game/__ExternalActors__/Levels/Baserri/A/SR/30QVOL3TJR9WQGBJV9T78D" 3943
"../../../../../../Users/EnekoMartinGomez/Desktop/Proyecto III/Casita/Casita/Content/__ExternalActors__/Levels/Baserri/A/SR/30QVOL3TJR9WQGBJV9T78D.uasset" 3944
"/Game/__ExternalActors__/Levels/Baserri/A/XY/KYQAC2M6GSKR1VYKRLFO3I" 3945
"../../../../../../Users/EnekoMartinGomez/Desktop/Proyecto III/Casita/Casita/Content/__ExternalActors__/Levels/Baserri/A/XY/KYQAC2M6GSKR1VYKRLFO3I.uasset" 3946
"/Game/__ExternalActors__/Levels/Baserri/B/3B/UV12MSD7L2VRCKDGMJZ55J" 3947
"../../../../../../Users/EnekoMartinGomez/Desktop/Proyecto III/Casita/Casita/Content/__ExternalActors__/Levels/Baserri/B/3B/UV12MSD7L2VRCKDGMJZ55J.uasset" 3948
"/Game/__ExternalActors__/Levels/Baserri/B/5M/OW8EDWHCELJSSNI9HFRCN7" 3949
"../../../../../../Users/EnekoMartinGomez/Desktop/Proyecto III/Casita/Casita/Content/__ExternalActors__/Levels/Baserri/B/5M/OW8EDWHCELJSSNI9HFRCN7.uasset" 3950
"/Game/__ExternalActors__/Levels/Baserri/B/9J/XN8N8ZYXSOXWJVQAYN1EJ8" 3951
"../../../../../../Users/EnekoMartinGomez/Desktop/Proyecto III/Casita/Casita/Content/__ExternalActors__/Levels/Baserri/B/9J/XN8N8ZYXSOXWJVQAYN1EJ8.uasset" 3952
"/Game/__ExternalActors__/Levels/Baserri/B/W2/J6CCUVOANV3S0VA1BLVB40" 3953
"../../../../../../Users/EnekoMartinGomez/Desktop/Proyecto III/Casita/Casita/Content/__ExternalActors__/Levels/Baserri/B/W2/J6CCUVOANV3S0VA1BLVB40.uasset" 3954
"/Game/__ExternalActors__/Levels/Baserri/C/36/D6H8EPLZ6ZJXP9RMVB801E" 3955
"../../../../../../Users/EnekoMartinGomez/Desktop/Proyecto III/Casita/Casita/Content/__ExternalActors__/Levels/Baserri/C/36/D6H8EPLZ6ZJXP9RMVB801E.uasset" 3956
"/Game/__ExternalActors__/Levels/Baserri/C/7A/Y7SEU95YW7N6DZC0YU94JF" 3957
"../../../../../../Users/EnekoMartinGomez/Desktop/Proyecto III/Casita/Casita/Content/__ExternalActors__/Levels/Baserri/C/7A/Y7SEU95YW7N6DZC0YU94JF.uasset" 3958
"/Game/__ExternalActors__/Levels/Baserri/C/BD/QEXLKPNTTK09DTLU4EFA4X" 3959
"../../../../../../Users/EnekoMartinGomez/Desktop/Proyecto III/Casita/Casita/Content/__ExternalActors__/Levels/Baserri/C/BD/QEXLKPNTTK09DTLU4EFA4X.uasset" 3960
"/Game/__ExternalActors__/Levels/Baserri/C/V5/9NDPFA8Y93Z624S2Y63L0N" 3961
"../../../../../../Users/EnekoMartinGomez/Desktop/Proyecto III/Casita/Casita/Content/__ExternalActors__/Levels/Baserri/C/V5/9NDPFA8Y93Z624S2Y63L0N.uasset" 3962
"/Game/__ExternalActors__/Levels/Baserri/C/Z9/W03W4D5LX8YV8QDW18HCGB" 3963
"../../../../../../Users/EnekoMartinGomez/Desktop/Proyecto III/Casita/Casita/Content/__ExternalActors__/Levels/Baserri/C/Z9/W03W4D5LX8YV8QDW18HCGB.uasset" 3964
"/Game/__ExternalActors__/Levels/Baserri/D/9N/2ERLHL6EP3K6DKID8EY65M" 3965
"../../../../../../Users/EnekoMartinGomez/Desktop/Proyecto III/Casita/Casita/Content/__ExternalActors__/Levels/Baserri/D/9N/2ERLHL6EP3K6DKID8EY65M.uasset" 3966
"/Game/__ExternalActors__/Levels/Baserri/D/KE/4B1T09MCC6LXYEUO19RQQD" 3967
"../../../../../../Users/EnekoMartinGomez/Desktop/Proyecto III/Casita/Casita/Content/__ExternalActors__/Levels/Baserri/D/KE/4B1T09MCC6LXYEUO19RQQD.uasset" 3968
"/Game/__ExternalActors__/Levels/Baserri/D/P3/FYXDGK04ZN4857UKL7R4NT" 3969
"../../../../../../Users/EnekoMartinGomez/Desktop/Proyecto III/Casita/Casita/Content/__ExternalActors__/Levels/Baserri/D/P3/FYXDGK04ZN4857UKL7R4NT.uasset" 3970
"/Game/__ExternalActors__/Levels/Baserri/D/VT/S4JADJVZSY514Y96ES0UQK" 3971
"../../../../../../Users/EnekoMartinGomez/Desktop/Proyecto III/Casita/Casita/Content/__ExternalActors__/Levels/Baserri/D/VT/S4JADJVZSY514Y96ES0UQK.uasset" 3972
"/Game/__ExternalActors__/Levels/Baserri/E/3T/2XUEAT7TNJFKRPO6BW2KO1" 3973
"../../../../../../Users/EnekoMartinGomez/Desktop/Proyecto III/Casita/Casita/Content/__ExternalActors__/Levels/Baserri/E/3T/2XUEAT7TNJFKRPO6BW2KO1.uasset" 3974
"/Game/__ExternalActors__/Levels/Baserri/E/4H/U1KJ29OU76ZDZ39KIMPXW3" 3975
"../../../../../../Users/EnekoMartinGomez/Desktop/Proyecto III/Casita/Casita/Content/__ExternalActors__/Levels/Baserri/E/4H/U1KJ29OU76ZDZ39KIMPXW3.uasset" 3976
"/Game/__ExternalActors__/Levels/Baserri/E/6S/S7QWEN7L1272JETO5YKVJE" 3977
"../../../../../../Users/EnekoMartinGomez/Desktop/Proyecto III/Casita/Casita/Content/__ExternalActors__/Levels/Baserri/E/6S/S7QWEN7L1272JETO5YKVJE.uasset" 3978
"/Game/__ExternalActors__/Levels/Baserri/E/HF/E9HJTPYW7UEWYZFKTMHHGV" 3979
"../../../../../../Users/EnekoMartinGomez/Desktop/Proyecto III/Casita/Casita/Content/__ExternalActors__/Levels/Baserri/E/HF/E9HJTPYW7UEWYZFKTMHHGV.uasset" 3980
"/Game/__ExternalActors__/Levels/Baserri/F/1A/MZ9TPJ4G6WB4B8DFR8NJNN" 3981
"../../../../../../Users/EnekoMartinGomez/Desktop/Proyecto III/Casita/Casita/Content/__ExternalActors__/Levels/Baserri/F/1A/MZ9TPJ4G6WB4B8DFR8NJNN.uasset" 3982
"/Game/__ExternalActors__/Levels/Baserri/F/2Y/I6FE4LJ2VE1Q6LE9KIMY1N" 3983
"../../../../../../Users/EnekoMartinGomez/Desktop/Proyecto III/Casita/Casita/Content/__ExternalActors__/Levels/Baserri/F/2Y/I6FE4LJ2VE1Q6LE9KIMY1N.uasset" 3984
"/Game/__ExternalActors__/Levels/Baserri/0/YC/GWJPXIZXTAWWO5ZZEJ61P3" 3985
"../../../../../../Users/EnekoMartinGomez/Desktop/Proyecto III/Casita/Casita/Content/__ExternalActors__/Levels/Baserri/0/YC/GWJPXIZXTAWWO5ZZEJ61P3.uasset" 3986
"../../../../../../Users/EnekoMartinGomez/Desktop/Proyecto III/Casita/Casita/Content/Nivel/BP_Guide.uasset" 3987
"../../../../../../Users/EnekoMartinGomez/Desktop/Proyecto III/Casita/Casita/Content/Nivel/BP_NextPhase.uasset" 3988
"../../../../../../Users/EnekoMartinGomez/Desktop/Proyecto III/Casita/Casita/Content/__ExternalActors__/Levels/Baserri/6/AM/BCVQCGQIH8089I56DSL89M.uasset" 3989
"../../../../../../Users/EnekoMartinGomez/Desktop/Proyecto III/Casita/Casita/Content/__ExternalActors__/Levels/Baserri/9/RL/QK2VJAN3UI79MAH22YY6NM.uasset" 3990
"../../../../../../Users/EnekoMartinGomez/Desktop/Proyecto III/Casita/Casita/Content/Particles/NS_OnPortal.uasset" 3991
"../../../../../../Users/EnekoMartinGomez/Desktop/Proyecto III/Casita/Casita/Content/Particles/NS_Portal.uasset" 3992
"../../../Engine/Content/EditorMaterials/Cascade/CASC_RenderNormal_MAT.uasset" 3993
"../../Plugins/FX/Niagara/Content/DynamicInputs/Lerp/Lerp_Vector.uasset" 3994
"../../Plugins/FX/Niagara/Content/DynamicInputs/ValueFromCurve/FloatFromCurve.uasset" 3995
"../../Plugins/FX/Niagara/Content/Modules/Spawn/Location/V2/ShapeLocation.uasset" 3996
"../../Plugins/FX/Niagara/Content/Modules/Update/Color/ScaleColor.uasset" 3997
"../../Plugins/FX/Niagara/Content/Modules/Update/Forces/Drag.uasset" 3998
"../../Plugins/FX/Niagara/Content/Enums/ENiagara_AttributeSamplingApplyOutput.uasset" 3999
"../../Plugins/FX/Niagara/Content/Enums/ENiagaraScaleColorMode.uasset" 4000
"../../Plugins/FX/Niagara/Content/Enums/ENiagaraShapeTorusMode.uasset" 4001
"../../Plugins/FX/Niagara/Content/Enums/ENiagaraSphereDistributionMode.uasset" 4002
"../../Plugins/FX/Niagara/Content/Enums/ENiagaraTorusDistributionMode.uasset" 4003
"../../Plugins/FX/Niagara/Content/Enums/Location/ENiagara_BoxPlaneMode.uasset" 4004
"../../Plugins/FX/Niagara/Content/Enums/Location/ENiagara_ConeMode.uasset" 4005
"../../Plugins/FX/Niagara/Content/Enums/Location/ENiagara_CylinderMode.uasset" 4006
"../../Plugins/FX/Niagara/Content/Enums/Location/ENiagara_LocationShapes.uasset" 4007
"../../Plugins/FX/Niagara/Content/Enums/Location/ENiagaraRingDiscMode.uasset" 4008
"../../Plugins/FX/Niagara/Content/Enums/Transforms/ENiagara_OffsetMode.uasset" 4009
"../../Plugins/FX/Niagara/Content/Enums/Transforms/ENiagara_ScaleMode.uasset" 4010
"../../Plugins/FX/Niagara/Content/Enums/Transforms/ENiagara_TransformOrder.uasset" 4011
"../../Plugins/FX/Niagara/Content/Enums/Transforms/ENiagara_TransformType.uasset" 4012
"../../../Engine/Content/EditorMaterials/Cascade/CASC_Normal.uasset" 4013
"../../Plugins/FX/Niagara/Content/Functions/Localspace/TransformPosition.uasset" 4014
"../../Plugins/FX/Niagara/Content/Functions/NormalizedExecutionIndex.uasset" 4015
"../../Plugins/FX/Niagara/Content/Functions/ParametricTorus.uasset" 4016
"../../Plugins/FX/Niagara/Content/Functions/ParametricTorusKnot.uasset" 4017
"../../Plugins/FX/Niagara/Content/Functions/PolarToCartesianCoordinates.uasset" 4018
"../../Plugins/FX/Niagara/Content/Functions/RandomPointInBox.uasset" 4019
"../../Plugins/FX/Niagara/Content/Functions/Rotation/RotateVector2D.uasset" 4020
"../../Plugins/FX/Niagara/Content/Functions/SphericalToCartesianCoordinates.uasset" 4021
"../../Plugins/FX/Niagara/Content/Functions/V2/RemapRange.uasset" 4022
"../../Plugins/FX/Niagara/Content/Enums/ENiagaraExpansionMode.uasset" 4023
"../../Plugins/FX/Niagara/Content/Functions/IsolateLongestVectorComponent.uasset" 4024
"/Game/__ExternalActors__/Levels/Baserri/D/H8/ZF6HGKA6FRON1K109QX0MR" 4025
"../../../../../../Users/EnekoMartinGomez/Desktop/Proyecto III/Casita/Casita/Content/__ExternalActors__/Levels/Baserri/D/H8/ZF6HGKA6FRON1K109QX0MR.uasset" 4026
"../../../../../../Users/EnekoMartinGomez/Desktop/Proyecto III/Casita/Casita/Content/__ExternalActors__/Levels/Baserri/8/DR/WZ4WIBAMGH3HSIZLZ6FHPZ.uasset" 4027
"/Game/__ExternalActors__/Levels/Baserri/D/3G/7DW5X23SULRNAT27VUFXV2" 4028
"../../../../../../Users/EnekoMartinGomez/Desktop/Proyecto III/Casita/Casita/Content/__ExternalActors__/Levels/Baserri/D/3G/7DW5X23SULRNAT27VUFXV2.uasset" 4029
"../../../../../../Users/EnekoMartinGomez/Desktop/Proyecto III/Casita/Casita/Content/__ExternalActors__/Levels/Baserri/7/PM/NF171IJZSG7BHTYVFCAQLN.uasset" 4030
"/Game/__ExternalActors__/Levels/Baserri/1/L4/NKP7YO92KUG4BFV7U2OU6O" 4031
"../../../../../../Users/EnekoMartinGomez/Desktop/Proyecto III/Casita/Casita/Content/__ExternalActors__/Levels/Baserri/1/L4/NKP7YO92KUG4BFV7U2OU6O.uasset" 4032
"/Game/__ExternalActors__/Levels/Baserri/2/VR/VOJT50HHUDO76ZP69V1RGC" 4033
"../../../../../../Users/EnekoMartinGomez/Desktop/Proyecto III/Casita/Casita/Content/__ExternalActors__/Levels/Baserri/2/VR/VOJT50HHUDO76ZP69V1RGC.uasset" 4034
"/Game/__ExternalActors__/Levels/Baserri/4/EE/FK2OZ0WH3OCDJ6A2DH6YOH" 4035
"../../../../../../Users/EnekoMartinGomez/Desktop/Proyecto III/Casita/Casita/Content/__ExternalActors__/Levels/Baserri/4/EE/FK2OZ0WH3OCDJ6A2DH6YOH.uasset" 4036
"/Game/__ExternalActors__/Levels/Baserri/6/10/C34ETEX5CVJH1VC6Q4IKDI" 4037
"../../../../../../Users/EnekoMartinGomez/Desktop/Proyecto III/Casita/Casita/Content/__ExternalActors__/Levels/Baserri/6/10/C34ETEX5CVJH1VC6Q4IKDI.uasset" 4038
"/Game/__ExternalActors__/Levels/Baserri/6/YK/5IXQ5AUKY9YAEJCAGALKON" 4039
"../../../../../../Users/EnekoMartinGomez/Desktop/Proyecto III/Casita/Casita/Content/__ExternalActors__/Levels/Baserri/6/YK/5IXQ5AUKY9YAEJCAGALKON.uasset" 4040
"/Game/__ExternalActors__/Levels/Baserri/7/16/F03IJ6140UFJ1SB02AMTGL" 4041
"../../../../../../Users/EnekoMartinGomez/Desktop/Proyecto III/Casita/Casita/Content/__ExternalActors__/Levels/Baserri/7/16/F03IJ6140UFJ1SB02AMTGL.uasset" 4042
"../../../../../../Users/EnekoMartinGomez/Desktop/Proyecto III/Casita/Casita/Content/House/BP_House.uasset" 4043
"../../../../../../Users/EnekoMartinGomez/Desktop/Proyecto III/Casita/Casita/Content/Art/Static/Building/Baserri/arcopuerta003.uasset" 4044
"../../../../../../Users/EnekoMartinGomez/Desktop/Proyecto III/Casita/Casita/Content/Art/Static/Building/Baserri/base_baserri.uasset" 4045
"../../../../../../Users/EnekoMartinGomez/Desktop/Proyecto III/Casita/Casita/Content/Art/Static/Building/Baserri/beamxL01.uasset" 4046
"../../../../../../Users/EnekoMartinGomez/Desktop/Proyecto III/Casita/Casita/Content/Art/Static/Building/Baserri/beamxL02.uasset" 4047
"../../../../../../Users/EnekoMartinGomez/Desktop/Proyecto III/Casita/Casita/Content/Art/Static/Building/Baserri/beamxR01.uasset" 4048
"../../../../../../Users/EnekoMartinGomez/Desktop/Proyecto III/Casita/Casita/Content/Art/Static/Building/Baserri/beamxR02.uasset" 4049
"../../../../../../Users/EnekoMartinGomez/Desktop/Proyecto III/Casita/Casita/Content/Art/Static/Building/Baserri/beamyL01.uasset" 4050
"../../../../../../Users/EnekoMartinGomez/Desktop/Proyecto III/Casita/Casita/Content/Art/Static/Building/Baserri/beamyL02.uasset" 4051
"../../../../../../Users/EnekoMartinGomez/Desktop/Proyecto III/Casita/Casita/Content/Art/Static/Building/Baserri/beamyR01.uasset" 4052
"../../../../../../Users/EnekoMartinGomez/Desktop/Proyecto III/Casita/Casita/Content/Art/Static/Building/Baserri/beamyR02.uasset" 4053
"../../../../../../Users/EnekoMartinGomez/Desktop/Proyecto III/Casita/Casita/Content/Art/Static/Building/Baserri/columnaL01.uasset" 4054
"../../../../../../Users/EnekoMartinGomez/Desktop/Proyecto III/Casita/Casita/Content/Art/Static/Building/Baserri/columnaL02.uasset" 4055
"../../../../../../Users/EnekoMartinGomez/Desktop/Proyecto III/Casita/Casita/Content/Art/Static/Building/Baserri/columnaR01.uasset" 4056
"../../../../../../Users/EnekoMartinGomez/Desktop/Proyecto III/Casita/Casita/Content/Art/Static/Building/Baserri/columnaR02.uasset" 4057
"../../../../../../Users/EnekoMartinGomez/Desktop/Proyecto III/Casita/Casita/Content/Art/Static/Building/Baserri/estructuraL.uasset" 4058
"../../../../../../Users/EnekoMartinGomez/Desktop/Proyecto III/Casita/Casita/Content/Art/Static/Building/Baserri/estructuraR.uasset" 4059
"../../../../../../Users/EnekoMartinGomez/Desktop/Proyecto III/Casita/Casita/Content/Art/Static/Building/Baserri/pasamanos_escalera.uasset" 4060
"../../../../../../Users/EnekoMartinGomez/Desktop/Proyecto III/Casita/Casita/Content/Art/Static/Building/Baserri/placatechoL01.uasset" 4061
"../../../../../../Users/EnekoMartinGomez/Desktop/Proyecto III/Casita/Casita/Content/Art/Static/Building/Baserri/placatechoL02.uasset" 4062
"../../../../../../Users/EnekoMartinGomez/Desktop/Proyecto III/Casita/Casita/Content/Art/Static/Building/Baserri/placatechoR01.uasset" 4063
"../../../../../../Users/EnekoMartinGomez/Desktop/Proyecto III/Casita/Casita/Content/Art/Static/Building/Baserri/placatechoR02.uasset" 4064
"../../../../../../Users/EnekoMartinGomez/Desktop/Proyecto III/Casita/Casita/Content/Art/Static/Building/Baserri/pomo004.uasset" 4065
"../../../../../../Users/EnekoMartinGomez/Desktop/Proyecto III/Casita/Casita/Content/Art/Static/Building/Baserri/Puerta_piedra.uasset" 4066
"../../../../../../Users/EnekoMartinGomez/Desktop/Proyecto III/Casita/Casita/Content/Art/Static/Building/Baserri/Puerta_terraza.uasset" 4067
"../../../../../../Users/EnekoMartinGomez/Desktop/Proyecto III/Casita/Casita/Content/Art/Static/Building/Baserri/puertamaderas.uasset" 4068
"../../../../../../Users/EnekoMartinGomez/Desktop/Proyecto III/Casita/Casita/Content/Art/Static/Building/Baserri/puertamaderas001.uasset" 4069
"../../../../../../Users/EnekoMartinGomez/Desktop/Proyecto III/Casita/Casita/Content/Art/Static/Building/Baserri/puertamaderas005.uasset" 4070
"../../../../../../Users/EnekoMartinGomez/Desktop/Proyecto III/Casita/Casita/Content/Art/Static/Building/Baserri/sobrepuerta.uasset" 4071
"../../../../../../Users/EnekoMartinGomez/Desktop/Proyecto III/Casita/Casita/Content/Art/Static/Building/Baserri/StraightStair001.uasset" 4072
"../../../../../../Users/EnekoMartinGomez/Desktop/Proyecto III/Casita/Casita/Content/Art/Static/Building/Baserri/tejacentral.uasset" 4073
"../../../../../../Users/EnekoMartinGomez/Desktop/Proyecto III/Casita/Casita/Content/Art/Static/Building/Baserri/tejaL01.uasset" 4074
"../../../../../../Users/EnekoMartinGomez/Desktop/Proyecto III/Casita/Casita/Content/Art/Static/Building/Baserri/tejaL02.uasset" 4075
"../../../../../../Users/EnekoMartinGomez/Desktop/Proyecto III/Casita/Casita/Content/Art/Static/Building/Baserri/tejaR01.uasset" 4076
"../../../../../../Users/EnekoMartinGomez/Desktop/Proyecto III/Casita/Casita/Content/Art/Static/Building/Baserri/tejaR02.uasset" 4077
"../../../../../../Users/EnekoMartinGomez/Desktop/Proyecto III/Casita/Casita/Content/Art/Static/Building/Baserri/terraza02.uasset" 4078
"../../../../../../Users/EnekoMartinGomez/Desktop/Proyecto III/Casita/Casita/Content/Art/Static/Building/Baserri/Ventana_estructura.uasset" 4079
"../../../../../../Users/EnekoMartinGomez/Desktop/Proyecto III/Casita/Casita/Content/Art/Static/Building/Baserri/ventana_peq.uasset" 4080
"../../../../../../Users/EnekoMartinGomez/Desktop/Proyecto III/Casita/Casita/Content/Art/Static/Building/Baserri/ventana_puertecilla.uasset" 4081
"../../../../../../Users/EnekoMartinGomez/Desktop/Proyecto III/Casita/Casita/Content/Art/Static/Building/Baserri/vigacasa004.uasset" 4082
"../../../../../../Users/EnekoMartinGomez/Desktop/Proyecto III/Casita/Casita/Content/Art/Static/Building/Baserri/vigatechocentro.uasset" 4083
"../../../../../../Users/EnekoMartinGomez/Desktop/Proyecto III/Casita/Casita/Content/Art/Static/Building/Baserri/CK_Wallrockg.uasset" 4084
"/Game/__ExternalActors__/Levels/Baserri/8/KI/PN0ATUMH9LZQVKRAWDATC4" 4085
"../../../../../../Users/EnekoMartinGomez/Desktop/Proyecto III/Casita/Casita/Content/__ExternalActors__/Levels/Baserri/8/KI/PN0ATUMH9LZQVKRAWDATC4.uasset" 4086
"/Game/__ExternalActors__/Levels/Baserri/8/SG/VGSX0KCXZXTT1WUKEPIVCH" 4087
"../../../../../../Users/EnekoMartinGomez/Desktop/Proyecto III/Casita/Casita/Content/__ExternalActors__/Levels/Baserri/8/SG/VGSX0KCXZXTT1WUKEPIVCH.uasset" 4088
"../../../../../../Users/EnekoMartinGomez/Desktop/Proyecto III/Casita/Casita/Content/Objects/BP_Grieta.uasset" 4089
"../../../../../../Users/EnekoMartinGomez/Desktop/Proyecto III/Casita/Casita/Content/Art/Static/Enviroment_mal/Enviro/Arbol/CK_CopaArbol.uasset" 4090
"../../../../../../Users/EnekoMartinGomez/Desktop/Proyecto III/Casita/Casita/Content/Art/Static/Enviroment_mal/Enviro/Buzon/CK_Wood02.uasset" 4091
"../../../../../../Users/EnekoMartinGomez/Desktop/Proyecto III/Casita/Casita/Content/Particles/NS_FissureFlowers.uasset" 4092
"../../../../../../Users/EnekoMartinGomez/Desktop/Proyecto III/Casita/Casita/Content/Art/Static/Enviroment_mal/Enviro/Arbol/arbol_low.uasset" 4093
"../../Plugins/FX/Niagara/Content/DynamicInputs/UniformRange/V2/RandomRangeFloat.uasset" 4094
"../../Plugins/FX/Niagara/Content/Modules/Emitter/SpawnBurst_Instantaneous.uasset" 4095
"../../Plugins/FX/Niagara/Content/Modules/Solvers/ApplyInitialForces.uasset" 4096
"../../Plugins/FX/Niagara/Content/Modules/Update/Forces/GravityForce.uasset" 4097
"/Game/__ExternalActors__/Levels/Baserri/9/6Y/M7YZDCFQ51S003EYQNAJ8U" 4098
"../../../../../../Users/EnekoMartinGomez/Desktop/Proyecto III/Casita/Casita/Content/__ExternalActors__/Levels/Baserri/9/6Y/M7YZDCFQ51S003EYQNAJ8U.uasset" 4099
"/Game/__ExternalActors__/Levels/Baserri/9/HB/T0A0YES9K20R61IJHBYJ5D" 4100
"../../../../../../Users/EnekoMartinGomez/Desktop/Proyecto III/Casita/Casita/Content/__ExternalActors__/Levels/Baserri/9/HB/T0A0YES9K20R61IJHBYJ5D.uasset" 4101
"/Game/__ExternalActors__/Levels/Baserri/9/RO/J705SWGDJCY1L2BOKEBCGK" 4102
"../../../../../../Users/EnekoMartinGomez/Desktop/Proyecto III/Casita/Casita/Content/__ExternalActors__/Levels/Baserri/9/RO/J705SWGDJCY1L2BOKEBCGK.uasset" 4103
"/Game/__ExternalActors__/Levels/Baserri/A/JZ/CLIAQUREM9Y2P1OCIK50R6" 4104
"../../../../../../Users/EnekoMartinGomez/Desktop/Proyecto III/Casita/Casita/Content/__ExternalActors__/Levels/Baserri/A/JZ/CLIAQUREM9Y2P1OCIK50R6.uasset" 4105
"/Game/__ExternalActors__/Levels/Baserri/D/PQ/782NNFXRG296EC0NWB1P08" 4106
"../../../../../../Users/EnekoMartinGomez/Desktop/Proyecto III/Casita/Casita/Content/__ExternalActors__/Levels/Baserri/D/PQ/782NNFXRG296EC0NWB1P08.uasset" 4107
"/Game/__ExternalActors__/Levels/Baserri/E/RV/H8G6KIW5RYWH7HPABGQMQ2" 4108
"../../../../../../Users/EnekoMartinGomez/Desktop/Proyecto III/Casita/Casita/Content/__ExternalActors__/Levels/Baserri/E/RV/H8G6KIW5RYWH7HPABGQMQ2.uasset" 4109
"../../../Engine/Content/EngineSky/M_SimpleSkyDome.uasset" 4110
"../../../Engine/Content/EngineSky/SM_SkySphere.uasset" 4111
"../../../Engine/Content/EngineSky/M_Sky_Panning_Clouds2.uasset" 4112
"../../../Engine/Content/EngineSky/T_Sky_Blue.uasset" 4113
"../../../Engine/Content/EngineSky/T_Sky_Clouds_M.uasset" 4114
"../../../Engine/Content/EngineSky/T_Sky_Stars.uasset" 4115
"/Engine/EditorResources/EmptyActor" 4116
"../../../Engine/Content/EditorResources/EmptyActor.uasset" 4117
"../../../Engine/Plugins/Interchange/Assets/Shaders/ThinFilmFunctions.usf" 4118
"/Game/__ExternalActors__/Levels/Baserri/B/AC/ZSGLV19KTNKO7F85TNDOH3" 4119
"../../../../../../Users/EnekoMartinGomez/Desktop/Proyecto III/Casita/Casita/Content/__ExternalActors__/Levels/Baserri/B/AC/ZSGLV19KTNKO7F85TNDOH3.uasset" 4120
"/Game/__ExternalActors__/Levels/Baserri/B/AV/R9AD43BPFPUJ3NBVS0TTNH" 4121
"../../../../../../Users/EnekoMartinGomez/Desktop/Proyecto III/Casita/Casita/Content/__ExternalActors__/Levels/Baserri/B/AV/R9AD43BPFPUJ3NBVS0TTNH.uasset" 4122
"/Game/__ExternalActors__/Levels/Baserri/B/EN/WY64ADELVW7996JJKW7R3Z" 4123
"../../../../../../Users/EnekoMartinGomez/Desktop/Proyecto III/Casita/Casita/Content/__ExternalActors__/Levels/Baserri/B/EN/WY64ADELVW7996JJKW7R3Z.uasset" 4124
"/Game/__ExternalActors__/Levels/Baserri/B/VI/IVPSK94KBJ9KU8ZWZCV0BT" 4125
"../../../../../../Users/EnekoMartinGomez/Desktop/Proyecto III/Casita/Casita/Content/__ExternalActors__/Levels/Baserri/B/VI/IVPSK94KBJ9KU8ZWZCV0BT.uasset" 4126
"/Game/__ExternalActors__/Levels/Baserri/B/Z3/ULY5DDQ5ZJ0YNONYGABG2A" 4127
"../../../../../../Users/EnekoMartinGomez/Desktop/Proyecto III/Casita/Casita/Content/__ExternalActors__/Levels/Baserri/B/Z3/ULY5DDQ5ZJ0YNONYGABG2A.uasset" 4128
"/Game/__ExternalActors__/Levels/Baserri/B/Z9/M9GAA4X6HIYLYS06E3JVBI" 4129
"../../../../../../Users/EnekoMartinGomez/Desktop/Proyecto III/Casita/Casita/Content/__ExternalActors__/Levels/Baserri/B/Z9/M9GAA4X6HIYLYS06E3JVBI.uasset" 4130
"/Game/__ExternalActors__/Levels/Baserri/C/4F/VQPWCEZJWS70BXXTGZAQNQ" 4131
"../../../../../../Users/EnekoMartinGomez/Desktop/Proyecto III/Casita/Casita/Content/__ExternalActors__/Levels/Baserri/C/4F/VQPWCEZJWS70BXXTGZAQNQ.uasset" 4132
"/Game/__ExternalActors__/Levels/Baserri/C/7J/T5LZSRAG8E0UX1GUC0OQDV" 4133
"../../../../../../Users/EnekoMartinGomez/Desktop/Proyecto III/Casita/Casita/Content/__ExternalActors__/Levels/Baserri/C/7J/T5LZSRAG8E0UX1GUC0OQDV.uasset" 4134
"/Game/__ExternalActors__/Levels/Baserri/C/KW/D1TPITE9NZFUUSW1PVG9JS" 4135
"../../../../../../Users/EnekoMartinGomez/Desktop/Proyecto III/Casita/Casita/Content/__ExternalActors__/Levels/Baserri/C/KW/D1TPITE9NZFUUSW1PVG9JS.uasset" 4136
"/Game/__ExternalActors__/Levels/Baserri/D/1P/XRCEAAJ7VJBKFCYE1YYWMK" 4137
"../../../../../../Users/EnekoMartinGomez/Desktop/Proyecto III/Casita/Casita/Content/__ExternalActors__/Levels/Baserri/D/1P/XRCEAAJ7VJBKFCYE1YYWMK.uasset" 4138
"/Game/__ExternalActors__/Levels/Baserri/D/I7/R4FVGAYG5CJF8R6SSZNEI9" 4139
"../../../../../../Users/EnekoMartinGomez/Desktop/Proyecto III/Casita/Casita/Content/__ExternalActors__/Levels/Baserri/D/I7/R4FVGAYG5CJF8R6SSZNEI9.uasset" 4140
"/Game/__ExternalActors__/Levels/Baserri/D/IE/PMP4I2Q1A932IL7LTIAKVG" 4141
"../../../../../../Users/EnekoMartinGomez/Desktop/Proyecto III/Casita/Casita/Content/__ExternalActors__/Levels/Baserri/D/IE/PMP4I2Q1A932IL7LTIAKVG.uasset" 4142
"/Game/__ExternalActors__/Levels/Baserri/D/JS/KR9JWJYOY2SU4XF8AB4DYI" 4143
"../../../../../../Users/EnekoMartinGomez/Desktop/Proyecto III/Casita/Casita/Content/__ExternalActors__/Levels/Baserri/D/JS/KR9JWJYOY2SU4XF8AB4DYI.uasset" 4144
"/Game/__ExternalActors__/Levels/Baserri/D/VE/T5LNH72BJCVR73JUHW22YD" 4145
"../../../../../../Users/EnekoMartinGomez/Desktop/Proyecto III/Casita/Casita/Content/__ExternalActors__/Levels/Baserri/D/VE/T5LNH72BJCVR73JUHW22YD.uasset" 4146
"/Game/__ExternalActors__/Levels/Baserri/E/67/B8N879K9FHCZ2Z770DY95Q" 4147
"../../../../../../Users/EnekoMartinGomez/Desktop/Proyecto III/Casita/Casita/Content/__ExternalActors__/Levels/Baserri/E/67/B8N879K9FHCZ2Z770DY95Q.uasset" 4148
"/Game/__ExternalActors__/Levels/Baserri/F/4T/L92MEQCNANQ2J2KGKEAZVT" 4149
"../../../../../../Users/EnekoMartinGomez/Desktop/Proyecto III/Casita/Casita/Content/__ExternalActors__/Levels/Baserri/F/4T/L92MEQCNANQ2J2KGKEAZVT.uasset" 4150
"/Game/__ExternalActors__/Levels/Baserri/7/KT/FTS30ZN51HM6N8P2YZPDOF" 4151
"../../../../../../Users/EnekoMartinGomez/Desktop/Proyecto III/Casita/Casita/Content/__ExternalActors__/Levels/Baserri/7/KT/FTS30ZN51HM6N8P2YZPDOF.uasset" 4152
"/Game/__ExternalActors__/Levels/Baserri/7/S8/646CNQ5VCGPPTBQ4KB8BCG" 4153
"../../../../../../Users/EnekoMartinGomez/Desktop/Proyecto III/Casita/Casita/Content/__ExternalActors__/Levels/Baserri/7/S8/646CNQ5VCGPPTBQ4KB8BCG.uasset" 4154
"/Game/__ExternalActors__/Levels/Baserri/8/3K/YADY1HE0FO82NFJBQLVXCL" 4155
"../../../../../../Users/EnekoMartinGomez/Desktop/Proyecto III/Casita/Casita/Content/__ExternalActors__/Levels/Baserri/8/3K/YADY1HE0FO82NFJBQLVXCL.uasset" 4156
"/Game/__ExternalActors__/Levels/Baserri/8/AM/O6E4FJA8UFHDZXR3R73HPR" 4157
"../../../../../../Users/EnekoMartinGomez/Desktop/Proyecto III/Casita/Casita/Content/__ExternalActors__/Levels/Baserri/8/AM/O6E4FJA8UFHDZXR3R73HPR.uasset" 4158
"/Game/__ExternalActors__/Levels/Baserri/8/AN/DFL82ZH6XW7PXYS5DCDPIC" 4159
"../../../../../../Users/EnekoMartinGomez/Desktop/Proyecto III/Casita/Casita/Content/__ExternalActors__/Levels/Baserri/8/AN/DFL82ZH6XW7PXYS5DCDPIC.uasset" 4160
"/Game/__ExternalActors__/Levels/Baserri/8/O9/FCIT2PGUXO51GAQQEFZUOF" 4161
"../../../../../../Users/EnekoMartinGomez/Desktop/Proyecto III/Casita/Casita/Content/__ExternalActors__/Levels/Baserri/8/O9/FCIT2PGUXO51GAQQEFZUOF.uasset" 4162
"/Game/__ExternalActors__/Levels/Baserri/8/SR/B1KK1J9YIUGHCRHWNK6ZOB" 4163
"../../../../../../Users/EnekoMartinGomez/Desktop/Proyecto III/Casita/Casita/Content/__ExternalActors__/Levels/Baserri/8/SR/B1KK1J9YIUGHCRHWNK6ZOB.uasset" 4164
"/Game/__ExternalActors__/Levels/Baserri/8/V3/F4XIUOC5RT3LDV3TQZUSVQ" 4165
"../../../../../../Users/EnekoMartinGomez/Desktop/Proyecto III/Casita/Casita/Content/__ExternalActors__/Levels/Baserri/8/V3/F4XIUOC5RT3LDV3TQZUSVQ.uasset" 4166
"/Game/__ExternalActors__/Levels/Baserri/8/WC/FK99X34I7E0Z4KZ9JDE26Z" 4167
"../../../../../../Users/EnekoMartinGomez/Desktop/Proyecto III/Casita/Casita/Content/__ExternalActors__/Levels/Baserri/8/WC/FK99X34I7E0Z4KZ9JDE26Z.uasset" 4168
"/Game/__ExternalActors__/Levels/Baserri/9/I8/K4H82474U62PTBWE5H8S0Q" 4169
"../../../../../../Users/EnekoMartinGomez/Desktop/Proyecto III/Casita/Casita/Content/__ExternalActors__/Levels/Baserri/9/I8/K4H82474U62PTBWE5H8S0Q.uasset" 4170
"/Game/__ExternalActors__/Levels/Baserri/9/LU/8HIDLVHY221J7TQRWI7WO2" 4171
"../../../../../../Users/EnekoMartinGomez/Desktop/Proyecto III/Casita/Casita/Content/__ExternalActors__/Levels/Baserri/9/LU/8HIDLVHY221J7TQRWI7WO2.uasset" 4172
"/Game/__ExternalActors__/Levels/Baserri/9/SG/0P6MHYGDC8UHFZ748MM8WT" 4173
"../../../../../../Users/EnekoMartinGomez/Desktop/Proyecto III/Casita/Casita/Content/__ExternalActors__/Levels/Baserri/9/SG/0P6MHYGDC8UHFZ748MM8WT.uasset" 4174
"/Game/__ExternalActors__/Levels/Baserri/A/2V/KMM9DIZV5PR3B58KDAYN03" 4175
"../../../../../../Users/EnekoMartinGomez/Desktop/Proyecto III/Casita/Casita/Content/__ExternalActors__/Levels/Baserri/A/2V/KMM9DIZV5PR3B58KDAYN03.uasset" 4176
"/Game/__ExternalActors__/Levels/Baserri/A/CG/NY2CRM40SNH24A3972PEGM" 4177
"../../../../../../Users/EnekoMartinGomez/Desktop/Proyecto III/Casita/Casita/Content/__ExternalActors__/Levels/Baserri/A/CG/NY2CRM40SNH24A3972PEGM.uasset" 4178
"/Game/__ExternalActors__/Levels/Baserri/A/IC/B6E7NTPUKH6ESX6XENLLSI" 4179
"../../../../../../Users/EnekoMartinGomez/Desktop/Proyecto III/Casita/Casita/Content/__ExternalActors__/Levels/Baserri/A/IC/B6E7NTPUKH6ESX6XENLLSI.uasset" 4180
"/Game/__ExternalActors__/Levels/Baserri/A/QV/IPOX1E258MFYDGPMIVDYQ5" 4181
"../../../../../../Users/EnekoMartinGomez/Desktop/Proyecto III/Casita/Casita/Content/__ExternalActors__/Levels/Baserri/A/QV/IPOX1E258MFYDGPMIVDYQ5.uasset" 4182
"/InterchangeAssets/gltf/MaterialInstances/MI_SpecularGlossiness_Opaque" 4183
"/InterchangeAssets/gltf/MaterialInstances/MI_Transmission_DS" 4184
"/InterchangeAssets/gltf/MaterialInstances/MI_Transmission" 4185
"/InterchangeAssets/gltf/MaterialInstances/MI_Sheen_Blend_DS" 4186
"/InterchangeAssets/gltf/MaterialInstances/MI_Sheen_Mask_DS" 4187
"/InterchangeAssets/gltf/MaterialInstances/MI_Sheen_Opaque_DS" 4188
"/InterchangeAssets/gltf/MaterialInstances/MI_Sheen_Blend" 4189
"/InterchangeAssets/gltf/MaterialInstances/MI_Sheen_Mask" 4190
"/InterchangeAssets/gltf/MaterialInstances/MI_Sheen_Opaque" 4191
"/InterchangeAssets/gltf/MaterialInstances/MI_Default_Blend_DS" 4192
"/InterchangeAssets/gltf/MaterialInstances/MI_Default_Mask_DS" 4193
"/InterchangeAssets/gltf/MaterialInstances/MI_Default_Opaque_DS" 4194
"/InterchangeAssets/gltf/MaterialInstances/MI_Default_Blend" 4195
"/InterchangeAssets/gltf/MaterialInstances/MI_Default_Mask" 4196
"/InterchangeAssets/gltf/MaterialInstances/MI_Default_Opaque" 4197
"/Game/__ExternalActors__/Levels/Baserri/4/BC/BBF488BEF8GCEB5UYPOI6C" 4198
"../../../Engine/Plugins/Interchange/Assets/Content/Functions/MX_OpenPBR_Translucent.uasset" 4199
"../../../Engine/Plugins/Interchange/Assets/Content/Functions/MX_TransmissionSurface.uasset" 4200
"../../../Engine/Content/Functions/Engine_MaterialFunctions01/Volumetrics/BeersLaw.uasset" 4201
"../../../Engine/Plugins/Interchange/Assets/Content/gltf/MaterialInstances/MI_SpecularGlossiness_Opaque_DS.uasset" 4202
"../../../Engine/Plugins/Interchange/Assets/Content/gltf/MaterialInstances/MI_SpecularGlossiness_Mask_DS.uasset" 4203
"../../../Engine/Plugins/Interchange/Assets/Content/Functions/MX_Transmission.uasset" 4204
"../../../Engine/Plugins/Interchange/Assets/Content/gltf/M_Unlit.uasset" 4205
"../../../Engine/Content/Functions/Substrate/MF_SchlickInternal.uasset" 4206
"../../../Engine/Plugins/Interchange/Assets/Content/gltf/MaterialInstances/MI_SpecularGlossiness_Mask.uasset" 4207
"../../../Engine/Plugins/Interchange/Assets/Content/gltf/MaterialInstances/MI_SpecularGlossiness_Blend.uasset" 4208
"C:/Users/EnekoMartinGomez/Desktop/Proyecto III/Casita/Casita/Content/Levels/MainMenu.umap" 4209
"../../../Engine/Plugins/Interchange/Assets/Content/Functions/MF_OrenNayerView.uasset" 4210
"../../../Engine/Plugins/Interchange/Assets/Content/gltf/MaterialBodies/MF_Unlit_Body.uasset" 4211
"../../../Engine/Plugins/Interchange/Assets/Content/Functions/MX_StandardSurface.uasset" 4212
"../../../Engine/Plugins/Interchange/Assets/Content/gltf/MaterialInstances/MI_SpecularGlossiness_Blend_DS.uasset" 4213
"../../../../../../Users/EnekoMartinGomez/Desktop/Proyecto III/Casita/Casita/Content/__ExternalActors__/Levels/Baserri/4/BC/BBF488BEF8GCEB5UYPOI6C.uasset" 4214
"../../../Engine/Plugins/Interchange/Assets/Content/gltf/MaterialInstances/MI_Unlit_Blend_DS.uasset" 4215
"../../../Engine/Plugins/Interchange/Assets/Content/gltf/MaterialInstances/MI_Unlit_Opaque_DS.uasset" 4216
"../../../Engine/Plugins/Interchange/Assets/Content/gltf/MaterialInstances/MI_Unlit_Mask_DS.uasset" 4217
"../../../Engine/Plugins/Interchange/Assets/Content/gltf/MaterialInstances/MI_Unlit_Opaque.uasset" 4218
"../../../Engine/Plugins/Interchange/Assets/Content/gltf/MaterialInstances/MI_Unlit_Mask.uasset" 4219
"../../../Engine/Plugins/Interchange/Assets/Content/gltf/MaterialInstances/MI_Unlit_Blend.uasset" 4220
"/Game/__ExternalActors__/Levels/Baserri/4/CB/AEQYF6DRVR35U30B1ESFIG" 4221
"../../../../../../Users/EnekoMartinGomez/Desktop/Proyecto III/Casita/Casita/Content/__ExternalActors__/Levels/Baserri/4/CB/AEQYF6DRVR35U30B1ESFIG.uasset" 4222
"/Game/__ExternalActors__/Levels/Baserri/4/UN/CEQZCJFZZCQNU8ZVY1XGRB" 4223
"../../../../../../Users/EnekoMartinGomez/Desktop/Proyecto III/Casita/Casita/Content/__ExternalActors__/Levels/Baserri/4/UN/CEQZCJFZZCQNU8ZVY1XGRB.uasset" 4224
"/Game/__ExternalActors__/Levels/Baserri/5/WP/8HYGTOQ09MI4VM98H8K7EV" 4225
"../../../../../../Users/EnekoMartinGomez/Desktop/Proyecto III/Casita/Casita/Content/__ExternalActors__/Levels/Baserri/5/WP/8HYGTOQ09MI4VM98H8K7EV.uasset" 4226
"/Game/__ExternalActors__/Levels/Baserri/6/71/0IZBKQPK3A4YLIIQVGC4YU" 4227
"../../../../../../Users/EnekoMartinGomez/Desktop/Proyecto III/Casita/Casita/Content/__ExternalActors__/Levels/Baserri/6/71/0IZBKQPK3A4YLIIQVGC4YU.uasset" 4228
"/Game/__ExternalActors__/Levels/Baserri/6/CQ/ER7E6V0M28E9U17VBLXQP3" 4229
"../../../../../../Users/EnekoMartinGomez/Desktop/Proyecto III/Casita/Casita/Content/__ExternalActors__/Levels/Baserri/6/CQ/ER7E6V0M28E9U17VBLXQP3.uasset" 4230
"/Game/__ExternalActors__/Levels/Baserri/6/P9/JO0GHZ15DEXTM0XFBH2O8E" 4231
"../../../../../../Users/EnekoMartinGomez/Desktop/Proyecto III/Casita/Casita/Content/__ExternalActors__/Levels/Baserri/6/P9/JO0GHZ15DEXTM0XFBH2O8E.uasset" 4232
"/Game/__ExternalActors__/Levels/Baserri/6/QP/7J6CL6DYB4L61F62UJ1Q1W" 4233
"../../../../../../Users/EnekoMartinGomez/Desktop/Proyecto III/Casita/Casita/Content/__ExternalActors__/Levels/Baserri/6/QP/7J6CL6DYB4L61F62UJ1Q1W.uasset" 4234
"/Game/__ExternalActors__/Levels/Baserri/6/X2/JJRPH4GEQNOVA75S546EPV" 4235
"../../../../../../Users/EnekoMartinGomez/Desktop/Proyecto III/Casita/Casita/Content/__ExternalActors__/Levels/Baserri/6/X2/JJRPH4GEQNOVA75S546EPV.uasset" 4236
"/Game/__ExternalActors__/Levels/Baserri/7/08/2S6DZUE4AYWCI5D1P7GG5A" 4237
"../../../../../../Users/EnekoMartinGomez/Desktop/Proyecto III/Casita/Casita/Content/__ExternalActors__/Levels/Baserri/7/08/2S6DZUE4AYWCI5D1P7GG5A.uasset" 4238
"/Game/__ExternalActors__/Levels/Baserri/1/UT/LCUDFUHQLIBDFPRK27Z5QI" 4239
"../../../../../../Users/EnekoMartinGomez/Desktop/Proyecto III/Casita/Casita/Content/__ExternalActors__/Levels/Baserri/1/UT/LCUDFUHQLIBDFPRK27Z5QI.uasset" 4240
"/Game/__ExternalActors__/Levels/Baserri/2/8F/XPPW9SI6QZJAGKERK2UUBC" 4241
"../../../../../../Users/EnekoMartinGomez/Desktop/Proyecto III/Casita/Casita/Content/__ExternalActors__/Levels/Baserri/2/8F/XPPW9SI6QZJAGKERK2UUBC.uasset" 4242
"/Game/__ExternalActors__/Levels/Baserri/2/A1/SMVVLJYAQKHKEEI4VVE6FV" 4243
"../../../../../../Users/EnekoMartinGomez/Desktop/Proyecto III/Casita/Casita/Content/__ExternalActors__/Levels/Baserri/2/A1/SMVVLJYAQKHKEEI4VVE6FV.uasset" 4244
"/Game/__ExternalActors__/Levels/Baserri/2/FH/S4MWVQEL7IS01DQTAH95RJ" 4245
"../../../../../../Users/EnekoMartinGomez/Desktop/Proyecto III/Casita/Casita/Content/__ExternalActors__/Levels/Baserri/2/FH/S4MWVQEL7IS01DQTAH95RJ.uasset" 4246
"/Game/__ExternalActors__/Levels/Baserri/2/KS/XZEBGVLDVW1GE29JBP6RRS" 4247
"../../../../../../Users/EnekoMartinGomez/Desktop/Proyecto III/Casita/Casita/Content/__ExternalActors__/Levels/Baserri/2/KS/XZEBGVLDVW1GE29JBP6RRS.uasset" 4248
"/Game/__ExternalActors__/Levels/Baserri/2/OE/YS7HRM1Q3NUU4OXCS7Z1QO" 4249
"../../../../../../Users/EnekoMartinGomez/Desktop/Proyecto III/Casita/Casita/Content/__ExternalActors__/Levels/Baserri/2/OE/YS7HRM1Q3NUU4OXCS7Z1QO.uasset" 4250
"/Game/__ExternalActors__/Levels/Baserri/2/XS/ROCVMXX57Z55NHI5RWJP74" 4251
"../../../../../../Users/EnekoMartinGomez/Desktop/Proyecto III/Casita/Casita/Content/__ExternalActors__/Levels/Baserri/2/XS/ROCVMXX57Z55NHI5RWJP74.uasset" 4252
"/Game/__ExternalActors__/Levels/Baserri/3/6C/AH66OEBWBMQD9VW8B4MG6H" 4253
"../../../../../../Users/EnekoMartinGomez/Desktop/Proyecto III/Casita/Casita/Content/__ExternalActors__/Levels/Baserri/3/6C/AH66OEBWBMQD9VW8B4MG6H.uasset" 4254
"/Game/__ExternalActors__/Levels/Baserri/3/A9/N0YLO2VC65LAWD2J3I7X6H" 4255
"../../../../../../Users/EnekoMartinGomez/Desktop/Proyecto III/Casita/Casita/Content/__ExternalActors__/Levels/Baserri/3/A9/N0YLO2VC65LAWD2J3I7X6H.uasset" 4256
"/Game/__ExternalActors__/Levels/Baserri/3/AM/3XXORN7ZTZOGNSDSZ80PFZ" 4257
"../../../../../../Users/EnekoMartinGomez/Desktop/Proyecto III/Casita/Casita/Content/__ExternalActors__/Levels/Baserri/3/AM/3XXORN7ZTZOGNSDSZ80PFZ.uasset" 4258
"/Game/__ExternalActors__/Levels/Baserri/3/C8/845U4XLLZ1J0KKZ55SX80A" 4259
"../../../../../../Users/EnekoMartinGomez/Desktop/Proyecto III/Casita/Casita/Content/__ExternalActors__/Levels/Baserri/3/C8/845U4XLLZ1J0KKZ55SX80A.uasset" 4260
"/Game/__ExternalActors__/Levels/Baserri/3/UK/VPNXIS27A2CN5YH0TQ8KV6" 4261
"../../../../../../Users/EnekoMartinGomez/Desktop/Proyecto III/Casita/Casita/Content/__ExternalActors__/Levels/Baserri/3/UK/VPNXIS27A2CN5YH0TQ8KV6.uasset" 4262
"/Game/__ExternalActors__/Levels/Baserri/4/2N/ISH2SJEE4IG8SCVRSIACOO" 4263
"../../../../../../Users/EnekoMartinGomez/Desktop/Proyecto III/Casita/Casita/Content/__ExternalActors__/Levels/Baserri/4/2N/ISH2SJEE4IG8SCVRSIACOO.uasset" 4264
"/Game/__ExternalActors__/Levels/Baserri/4/9Q/1NWXUSELKEW8YRCCFLHYD0" 4265
"../../../../../../Users/EnekoMartinGomez/Desktop/Proyecto III/Casita/Casita/Content/__ExternalActors__/Levels/Baserri/4/9Q/1NWXUSELKEW8YRCCFLHYD0.uasset" 4266
"/Game/__ExternalActors__/Levels/Baserri/4/A4/70QH9P2CMC8IAEPBPH9GUJ" 4267
"../../../../../../Users/EnekoMartinGomez/Desktop/Proyecto III/Casita/Casita/Content/__ExternalActors__/Levels/Baserri/4/A4/70QH9P2CMC8IAEPBPH9GUJ.uasset" 4268
"/Game/__ExternalActors__/Levels/Baserri/4/A6/9XYSQ3CR9B6U5TSBGAZ6EV" 4269
"../../../../../../Users/EnekoMartinGomez/Desktop/Proyecto III/Casita/Casita/Content/__ExternalActors__/Levels/Baserri/4/A6/9XYSQ3CR9B6U5TSBGAZ6EV.uasset" 4270
"/Game/__ExternalActors__/Levels/Baserri/0/J5/7RURD0W1H0OR8Q0E0XP76I" 4271
"../../../../../../Users/EnekoMartinGomez/Desktop/Proyecto III/Casita/Casita/Content/__ExternalActors__/Levels/Baserri/0/J5/7RURD0W1H0OR8Q0E0XP76I.uasset" 4272
"/Game/__ExternalActors__/Levels/Baserri/0/L6/MK1R09IMEZ6OUCML4EKTMU" 4273
"../../../../../../Users/EnekoMartinGomez/Desktop/Proyecto III/Casita/Casita/Content/__ExternalActors__/Levels/Baserri/0/L6/MK1R09IMEZ6OUCML4EKTMU.uasset" 4274
"/Game/__ExternalActors__/Levels/Baserri/0/MB/6LTE8S6NHNGPAY2K9QWRUU" 4275
"../../../../../../Users/EnekoMartinGomez/Desktop/Proyecto III/Casita/Casita/Content/__ExternalActors__/Levels/Baserri/0/MB/6LTE8S6NHNGPAY2K9QWRUU.uasset" 4276
"/Game/__ExternalActors__/Levels/Baserri/0/O4/4NJT226SCY9OP4J49T5CRQ" 4277
"../../../../../../Users/EnekoMartinGomez/Desktop/Proyecto III/Casita/Casita/Content/__ExternalActors__/Levels/Baserri/0/O4/4NJT226SCY9OP4J49T5CRQ.uasset" 4278
"/Game/__ExternalActors__/Levels/Baserri/1/D6/QH1C1EPNI15SIT9N2UGO02" 4279
"../../../../../../Users/EnekoMartinGomez/Desktop/Proyecto III/Casita/Casita/Content/__ExternalActors__/Levels/Baserri/1/D6/QH1C1EPNI15SIT9N2UGO02.uasset" 4280
"/Game/__ExternalActors__/Levels/Baserri/1/EA/0CL7ZR0LJVGACR86X5FJPV" 4281
"../../../../../../Users/EnekoMartinGomez/Desktop/Proyecto III/Casita/Casita/Content/__ExternalActors__/Levels/Baserri/1/EA/0CL7ZR0LJVGACR86X5FJPV.uasset" 4282
"/Game/__ExternalActors__/Levels/Baserri/8/LL/6QQYHXA946SZY5IKNWACKI" 4283
"../../../../../../Users/EnekoMartinGomez/Desktop/Proyecto III/Casita/Casita/Content/__ExternalActors__/Levels/Baserri/8/LL/6QQYHXA946SZY5IKNWACKI.uasset" 4284
"../../../../../../Users/EnekoMartinGomez/Desktop/Proyecto III/Casita/Casita/Content/HardWaterStream/BP_HardWaterStream.uasset" 4285
"../../../../../../Users/EnekoMartinGomez/Desktop/Proyecto III/Casita/Casita/Content/Particles/NS_HardWaterSystem.uasset" 4286
"../../../../../../Users/EnekoMartinGomez/Desktop/Proyecto III/Casita/Casita/Content/Materials/Water.uasset" 4287
"/Game/__ExternalActors__/Levels/Baserri/F/3I/GVYO8ND4TRNUZ1TTZ3X3PO" 4288
"../../../../../../Users/EnekoMartinGomez/Desktop/Proyecto III/Casita/Casita/Content/__ExternalActors__/Levels/Baserri/F/3I/GVYO8ND4TRNUZ1TTZ3X3PO.uasset" 4289
"../../../../../../Users/EnekoMartinGomez/Desktop/Proyecto III/Casita/Casita/Content/HardWaterStream/BP_Valve.uasset" 4290
"../../../../../../Users/EnekoMartinGomez/Desktop/Proyecto III/Casita/Casita/Content/Art/Static/CK_Enviro/Mesa/Mesa_Low.uasset" 4291
"../../../../../../Users/EnekoMartinGomez/Desktop/Proyecto III/Casita/Casita/Content/Art/Static/CK_Enviro/Mesa/CK_Wood01.uasset" 4292
"../../../../../../Users/EnekoMartinGomez/Desktop/Proyecto III/Casita/Casita/Content/Art/Static/CK_Enviro/Mesa/CK_Wood02.uasset" 4293
"../../../Engine/Plugins/Animation/ControlRig/Content/Controls/ControlRig_Arrow4_1mm.uasset" 4294
"../../../Engine/Plugins/Animation/ControlRig/Content/Controls/ControlRig_Arrow2_1mm.uasset" 4295
"../../../Engine/Plugins/Animation/ControlRig/Content/Controls/ControlRig_Arrow2_3mm.uasset" 4296
"../../../Engine/Plugins/Animation/ControlRig/Content/Controls/ControlRig_Arrow4_solid.uasset" 4297
"../../../Engine/Plugins/Animation/ControlRig/Content/Controls/ControlRig_Sphere_solid.uasset" 4298
"../../../Engine/Plugins/Animation/ControlRig/Content/Controls/ControlRig_Arrow2_solid.uasset" 4299
"../../../Engine/Plugins/Interchange/Assets/Content/Functions/MX_OpenPBR_Opaque.uasset" 4300
"../../../Engine/Plugins/Animation/ControlRig/Content/Controls/ControlRig_Arrow_1mm.uasset" 4301
"../../../Engine/Plugins/Animation/ControlRig/Content/Controls/ControlRig_Arrow_3mm.uasset" 4302
"../../../Engine/Plugins/Animation/ControlRig/Content/Controls/ControlRig_Arrow4_3mm.uasset" 4303
"../../../Engine/Plugins/Animation/ControlRig/Content/Controls/ControlRig_Arrow_solid.uasset" 4304
"/Game/Levels/MainMenu" 4305
"../../../../../../Users/EnekoMartinGomez/Desktop/Proyecto III/Casita/Casita/Content/Levels/MainMenu.umap" 4306
"/InterchangeAssets/gltf/MaterialInstances/MI_Unlit_Blend_DS" 4307
"/InterchangeAssets/gltf/MaterialInstances/MI_Unlit_Mask_DS" 4308
"/InterchangeAssets/gltf/MaterialInstances/MI_Unlit_Opaque_DS" 4309
"/InterchangeAssets/gltf/MaterialInstances/MI_Unlit_Blend" 4310
"/InterchangeAssets/gltf/MaterialInstances/MI_Unlit_Mask" 4311
"/InterchangeAssets/gltf/MaterialInstances/MI_Unlit_Opaque" 4312
"/InterchangeAssets/Functions/MX_OpenPBR_Translucent" 4313
"/InterchangeAssets/gltf/MaterialInstances/MI_SpecularGlossiness_Blend_DS" 4314
"/InterchangeAssets/gltf/MaterialInstances/MI_SpecularGlossiness_Mask_DS" 4315
"/InterchangeAssets/gltf/MaterialInstances/MI_SpecularGlossiness_Opaque_DS" 4316
"/InterchangeAssets/gltf/MaterialInstances/MI_SpecularGlossiness_Blend" 4317
"/InterchangeAssets/gltf/MaterialInstances/MI_SpecularGlossiness_Mask" 4318
"/ControlRig/Controls/ControlRig_Arrow_solid" 4319
"/ControlRig/Controls/ControlRig_Arrow_3mm" 4320
"/ControlRig/Controls/ControlRig_Arrow_1mm" 4321
"/ControlRig/Controls/ControlRig_Arrow4_solid" 4322
"/ControlRig/Controls/ControlRig_Arrow4_3mm" 4323
"/ControlRig/Controls/ControlRig_Arrow4_1mm" 4324
"/ControlRig/Controls/ControlRig_Arrow2_solid" 4325
"../../../Engine/Plugins/Animation/ControlRig/Content/Controls/ControlRig_Box_3mm.uasset" 4326
"../../../Engine/Plugins/Animation/ControlRig/Content/Controls/ControlRig_Box_solid.uasset" 4327
"../../../Engine/Plugins/Animation/ControlRig/Content/Controls/ControlRig_HalfCircle_3mm.uasset" 4328
"../../../Engine/Plugins/Animation/ControlRig/Content/Controls/ControlRig_Circle_solid.uasset" 4329
"../../../Engine/Plugins/Animation/ControlRig/Content/Controls/ControlRig_Box_1mm.uasset" 4330
"../../../Engine/Plugins/Animation/ControlRig/Content/Controls/ControlRig_HalfCircle_1mm.uasset" 4331
"../../../Engine/Plugins/Animation/ControlRig/Content/Controls/ControlRig_Diamond_solid.uasset" 4332
"../../../Engine/Plugins/Animation/ControlRig/Content/Controls/ControlRig_HalfCircle_solid.uasset" 4333
"../../../Engine/Plugins/Animation/ControlRig/Content/Controls/ControlRig_Hexagon_1mm.uasset" 4334
"../../../Engine/Plugins/Animation/ControlRig/Content/Controls/ControlRig_Hexagon_3mm.uasset" 4335
"../../../Engine/Plugins/Animation/ControlRig/Content/Controls/ControlRig_Circle_1mm.uasset" 4336
"/ControlRig/Controls/ControlRig_Arrow2_3mm" 4337
"../../../Engine/Plugins/Animation/ControlRig/Content/Controls/ControlRig_Diamond_1mm.uasset" 4338
"/ControlRig/Controls/ControlRig_Arrow2_1mm" 4339
"../../../Engine/Plugins/Animation/ControlRig/Content/Controls/ControlRig_Diamond_3mm.uasset" 4340
"../../../Engine/Plugins/Animation/ControlRig/Content/Controls/ControlRig_Circle_3mm.uasset" 4341
"../../../Engine/Plugins/Animation/ControlRig/Content/Controls/ControlRig_Pyramid_solid.uasset" 4342
"../../../Engine/Plugins/Animation/ControlRig/Content/Controls/ControlRig_Hexagon_solid.uasset" 4343
"../../../Engine/Plugins/Animation/ControlRig/Content/Controls/ControlRig_Octagon_3mm.uasset" 4344
"../../../Engine/Plugins/Animation/ControlRig/Content/Controls/ControlRig_Octagon_solid.uasset" 4345
"../../../Engine/Plugins/Animation/ControlRig/Content/Controls/ControlRig_Octagon_1mm.uasset" 4346
"../../../Engine/Plugins/Animation/ControlRig/Content/Controls/ControlRig_Pyramid_3mm.uasset" 4347
"../../../Engine/Plugins/Animation/ControlRig/Content/Controls/ControlRig_Pyramid_1mm.uasset" 4348
"/ControlRig/Controls/ControlRig_Sphere_solid" 4349
"/InterchangeAssets/Functions/MX_OpenPBR_Opaque" 4350
"/ControlRig/Controls/ControlRig_Pyramid_solid" 4351
"/ControlRig/Controls/ControlRig_Pyramid_3mm" 4352
"/ControlRig/Controls/ControlRig_Pyramid_1mm" 4353
"/ControlRig/Controls/ControlRig_Octagon_solid" 4354
"/ControlRig/Controls/ControlRig_Octagon_3mm" 4355
"/ControlRig/Controls/ControlRig_Octagon_1mm" 4356
"../../../Engine/Plugins/Animation/ControlRig/Content/Controls/ControlRig_QuarterCircle_1mm.uasset" 4357
"../../../Engine/Plugins/Animation/ControlRig/Content/Controls/ControlRig_RoundedTriangle_solid.uasset" 4358
"../../../Engine/Plugins/Animation/ControlRig/Content/Controls/ControlRig_QuarterCircle_3mm.uasset" 4359
"../../../Engine/Plugins/Animation/ControlRig/Content/Controls/ControlRig_Sphere_3mm.uasset" 4360
"../../../Engine/Plugins/Animation/ControlRig/Content/Controls/ControlRig_RoundedSquare_3mm.uasset" 4361
"../../../Engine/Plugins/Animation/ControlRig/Content/Controls/ControlRig_RoundedSquare_solid.uasset" 4362
"../../../Engine/Plugins/Animation/ControlRig/Content/Controls/ControlRig_RoundedTriangle_3mm.uasset" 4363
"/ControlRig/Controls/ControlRig_Hexagon_solid" 4364
"../../../Engine/Plugins/Animation/ControlRig/Content/Controls/ControlRig_RoundedTriangle_1mm.uasset" 4365
"/ControlRig/Controls/ControlRig_Hexagon_3mm" 4366
"/ControlRig/Controls/ControlRig_Hexagon_1mm" 4367
"/ControlRig/Controls/ControlRig_HalfCircle_solid" 4368
"/ControlRig/Controls/ControlRig_HalfCircle_3mm" 4369
"/ControlRig/Controls/ControlRig_HalfCircle_1mm" 4370
"/ControlRig/Controls/ControlRig_Diamond_solid" 4371
"../../../Engine/Plugins/Animation/ControlRig/Content/Controls/ControlRig_QuarterCircle_solid.uasset" 4372
"/ControlRig/Controls/ControlRig_Diamond_3mm" 4373
"../../../Engine/Plugins/Animation/ControlRig/Content/Controls/ControlRig_RoundedSquare_1mm.uasset" 4374
"../../../Engine/Plugins/Animation/ControlRig/Content/Controls/ControlRig_Sphere_1mm.uasset" 4375
"/ControlRig/Controls/ControlRig_Diamond_1mm" 4376
"/ControlRig/Controls/ControlRig_Circle_solid" 4377
"/ControlRig/Controls/ControlRig_Circle_3mm" 4378
"/ControlRig/Controls/ControlRig_Circle_1mm" 4379
"/ControlRig/Controls/ControlRig_Box_solid" 4380
"/ControlRig/Controls/ControlRig_Box_3mm" 4381
"/ControlRig/Controls/ControlRig_Box_1mm" 4382
"/ControlRig/Controls/ControlRig_Sphere_3mm" 4383
"/ControlRig/Controls/ControlRig_Sphere_1mm" 4384
"/ControlRig/Controls/ControlRig_RoundedTriangle_solid" 4385
"/ControlRig/Controls/ControlRig_RoundedTriangle_3mm" 4386
"/ControlRig/Controls/ControlRig_RoundedTriangle_1mm" 4387
"/ControlRig/Controls/ControlRig_RoundedSquare_solid" 4388
"../../../Engine/Plugins/Animation/ControlRig/Content/Controls/ControlRig_Square_1mm.uasset" 4389
"../../../Engine/Plugins/Animation/ControlRig/Content/Controls/ControlRig_Square_3mm.uasset" 4390
"../../../Engine/Plugins/Animation/ControlRig/Content/Controls/ControlRig_Square_solid.uasset" 4391
"/ControlRig/Controls/ControlRig_RoundedSquare_3mm" 4392
"/ControlRig/Controls/ControlRig_RoundedSquare_1mm" 4393
"/ControlRig/Controls/ControlRig_QuarterCircle_solid" 4394
"/ControlRig/Controls/ControlRig_QuarterCircle_3mm" 4395
"/ControlRig/Controls/ControlRig_QuarterCircle_1mm" 4396
"../../../Engine/Plugins/Animation/ControlRig/Content/Controls/ControlRig_Star4_3mm.uasset" 4397
"../../../Engine/Plugins/Animation/ControlRig/Content/Controls/ControlRig_Star4_1mm.uasset" 4398
"../../../Engine/Plugins/Animation/ControlRig/Content/Controls/ControlRig_Star4_solid.uasset" 4399
"../../../Engine/Plugins/Animation/ControlRig/Content/Controls/ControlRig_Triangle_3mm.uasset" 4400
"../../../Engine/Plugins/Animation/ControlRig/Content/Controls/ControlRig_Triangle_1mm.uasset" 4401
"/ControlRig/Controls/ControlRig_Square_solid" 4402
"/ControlRig/Controls/ControlRig_Square_3mm" 4403
"../../../Engine/Plugins/Animation/ControlRig/Content/Controls/ControlRig_Triangle_solid.uasset" 4404
"../../../Engine/Plugins/Animation/ControlRig/Content/Controls/ControlRig_Wedge_3mm.uasset" 4405
"../../../Engine/Content/Maps/Entry.umap" 4406
"/ControlRig/Controls/ControlRig_Square_1mm" 4407
"../../../Engine/Plugins/Animation/ControlRig/Content/Controls/ControlRig_Wedge_1mm.uasset" 4408
"/ControlRig/Controls/ControlRig_Wedge_3mm" 4409
"/ControlRig/Controls/ControlRig_Wedge_1mm" 4410
"../../../Engine/Plugins/Animation/ControlRig/Content/Controls/ControlRig_Wedge_solid.uasset" 4411
"../../../Engine/Content/Maps/Entry_BuiltData.uasset" 4412
"/ControlRig/Controls/ControlRig_Triangle_solid" 4413
"/ControlRig/Controls/ControlRig_Triangle_3mm" 4414
"/ControlRig/Controls/ControlRig_Triangle_1mm" 4415
"/ControlRig/Controls/ControlRig_Star4_solid" 4416
"/ControlRig/Controls/ControlRig_Star4_3mm" 4417
"/ControlRig/Controls/ControlRig_Star4_1mm" 4418
"../../../Engine/Content/EditorMaterials/PreviewShadowIndicatorMaterial.uasset" 4419
"../../../Engine/Content/EditorMaterials/PreviewShadowIndicator.uasset" 4420
"../../../Engine/Content/EngineMaterials/Substrate/GLints/dict_16_192_64_0p5_0p02_0000_0000.uasset" 4421
"../../../Engine/Content/EngineMaterials/Substrate/GLints/dict_16_192_64_0p5_0p02_0000_0002.uasset" 4422
"../../../Engine/Content/EngineMaterials/Substrate/GLints/dict_16_192_64_0p5_0p02_0000_0001.uasset" 4423
"../../../Engine/Content/EngineMaterials/Substrate/GLints/dict_16_192_64_0p5_0p02_0000_0004.uasset" 4424
"../../../Engine/Content/EngineMaterials/Substrate/GLints/dict_16_192_64_0p5_0p02_0000_0003.uasset" 4425
"../../../Engine/Content/EngineMaterials/Substrate/GLints/dict_16_192_64_0p5_0p02_0000_0005.uasset" 4426
"../../../Engine/Content/EngineMaterials/Substrate/GLints/dict_16_192_64_0p5_0p02_0000_0006.uasset" 4427
"../../../Engine/Content/EngineMaterials/Substrate/GLints/dict_16_192_64_0p5_0p02_0000_0008.uasset" 4428
"../../../Engine/Content/EngineMaterials/Substrate/GLints/dict_16_192_64_0p5_0p02_0000_0007.uasset" 4429
"/Engine/Maps/Entry" 4430
"../../../Engine/Content/EngineMaterials/Substrate/GLints/dict_16_192_64_0p5_0p02_0000_0010.uasset" 4431
"../../../Engine/Content/EngineMaterials/Substrate/GLints/dict_16_192_64_0p5_0p02_0000_0011.uasset" 4432
"../../../Engine/Content/EngineMaterials/Substrate/GLints/dict_16_192_64_0p5_0p02_0000_0009.uasset" 4433
"../../../Engine/Content/EngineMaterials/Substrate/GLints/dict_16_192_64_0p5_0p02_0000_0013.uasset" 4434
"../../../Engine/Content/EngineMaterials/Substrate/GLints/dict_16_192_64_0p5_0p02_0000_0012.uasset" 4435
"../../../Engine/Content/EngineMaterials/Substrate/GLints/dict_16_192_64_0p5_0p02_0000_0014.uasset" 4436
"../../../Engine/Content/EngineMaterials/Substrate/GLints/dict_16_192_64_0p5_0p02_0000_0015.uasset" 4437
"../../../Engine/Content/EngineMaterials/Substrate/GLints/dict_16_192_64_0p5_0p02_0001_0000.uasset" 4438
"../../../Engine/Content/EngineMaterials/Substrate/GLints/dict_16_192_64_0p5_0p02_0001_0001.uasset" 4439
"../../../Engine/Content/EngineMaterials/Substrate/GLints/dict_16_192_64_0p5_0p02_0001_0002.uasset" 4440
"../../../Engine/Content/EngineMaterials/Substrate/GLints/dict_16_192_64_0p5_0p02_0001_0005.uasset" 4441
"../../../Engine/Content/EngineMaterials/Substrate/GLints/dict_16_192_64_0p5_0p02_0001_0004.uasset" 4442
"../../../Engine/Content/EngineMaterials/Substrate/GLints/dict_16_192_64_0p5_0p02_0001_0007.uasset" 4443
"../../../Engine/Content/EngineMaterials/Substrate/GLints/dict_16_192_64_0p5_0p02_0001_0003.uasset" 4444
"../../../Engine/Content/EngineMaterials/Substrate/GLints/dict_16_192_64_0p5_0p02_0001_0006.uasset" 4445
"../../../Engine/Content/EngineMaterials/Substrate/GLints/dict_16_192_64_0p5_0p02_0001_0009.uasset" 4446
"../../../Engine/Content/EngineMaterials/Substrate/GLints/dict_16_192_64_0p5_0p02_0001_0010.uasset" 4447
"../../../Engine/Content/EngineMaterials/Substrate/GLints/dict_16_192_64_0p5_0p02_0001_0008.uasset" 4448
"/ControlRig/Controls/ControlRig_Wedge_solid" 4449
"../../../Engine/Content/EngineMaterials/Substrate/GLints/dict_16_192_64_0p5_0p02_0001_0011.uasset" 4450
"../../../Engine/Content/EngineMaterials/Substrate/GLints/dict_16_192_64_0p5_0p02_0001_0012.uasset" 4451
"../../../Engine/Content/EngineMaterials/Substrate/GLints/dict_16_192_64_0p5_0p02_0001_0013.uasset" 4452
"/Engine/EngineMaterials/Substrate/GLints/dict_16_192_64_0p5_0p02_0000_0005" 4453
"/Engine/EngineMaterials/Substrate/GLints/dict_16_192_64_0p5_0p02_0000_0004" 4454
"/Engine/EngineMaterials/Substrate/GLints/dict_16_192_64_0p5_0p02_0000_0003" 4455
"/Engine/EngineMaterials/Substrate/GLints/dict_16_192_64_0p5_0p02_0000_0002" 4456
"/Engine/EngineMaterials/Substrate/GLints/dict_16_192_64_0p5_0p02_0000_0001" 4457
"/Engine/EngineMaterials/Substrate/GLints/dict_16_192_64_0p5_0p02_0000_0000" 4458
"/Engine/EditorMaterials/PreviewShadowIndicatorMaterial" 4459
"/Engine/EngineMaterials/Substrate/GLints/dict_16_192_64_0p5_0p02_0001_0010" 4460
"/Engine/EngineMaterials/Substrate/GLints/dict_16_192_64_0p5_0p02_0001_0009" 4461
"/Engine/EngineMaterials/Substrate/GLints/dict_16_192_64_0p5_0p02_0001_0008" 4462
"/Engine/EngineMaterials/Substrate/GLints/dict_16_192_64_0p5_0p02_0001_0007" 4463
"/Engine/EngineMaterials/Substrate/GLints/dict_16_192_64_0p5_0p02_0001_0006" 4464
"/Engine/EngineMaterials/Substrate/GLints/dict_16_192_64_0p5_0p02_0001_0005" 4465
"/Engine/EngineMaterials/Substrate/GLints/dict_16_192_64_0p5_0p02_0001_0004" 4466
"/Engine/EngineMaterials/Substrate/GLints/dict_16_192_64_0p5_0p02_0001_0003" 4467
"/Engine/EngineMaterials/Substrate/GLints/dict_16_192_64_0p5_0p02_0001_0002" 4468
"/Engine/EngineMaterials/Substrate/GLints/dict_16_192_64_0p5_0p02_0001_0001" 4469
"/Engine/EngineMaterials/Substrate/GLints/dict_16_192_64_0p5_0p02_0001_0000" 4470
"/Engine/EngineMaterials/Substrate/GLints/dict_16_192_64_0p5_0p02_0000_0015" 4471
"/Engine/EngineMaterials/Substrate/GLints/dict_16_192_64_0p5_0p02_0000_0014" 4472
"/Engine/EngineMaterials/Substrate/GLints/dict_16_192_64_0p5_0p02_0000_0013" 4473
"/Engine/EngineMaterials/Substrate/GLints/dict_16_192_64_0p5_0p02_0000_0012" 4474
"/Engine/EngineMaterials/Substrate/GLints/dict_16_192_64_0p5_0p02_0000_0011" 4475
"/Engine/EngineMaterials/Substrate/GLints/dict_16_192_64_0p5_0p02_0000_0010" 4476
"/Engine/EngineMaterials/Substrate/GLints/dict_16_192_64_0p5_0p02_0000_0009" 4477
"/Engine/EngineMaterials/Substrate/GLints/dict_16_192_64_0p5_0p02_0000_0008" 4478
"/Engine/EngineMaterials/Substrate/GLints/dict_16_192_64_0p5_0p02_0000_0007" 4479
"/Engine/EngineMaterials/Substrate/GLints/dict_16_192_64_0p5_0p02_0000_0006" 4480
"/Engine/EngineMaterials/Substrate/GLints/dict_16_192_64_0p5_0p02_0001_0013" 4481
"/Engine/EngineMaterials/Substrate/GLints/dict_16_192_64_0p5_0p02_0001_0012" 4482
"/Engine/EngineMaterials/Substrate/GLints/dict_16_192_64_0p5_0p02_0001_0011" 4483
"../../../Engine/Content/EngineMaterials/Substrate/GLints/dict_16_192_64_0p5_0p02_0001_0014.uasset" 4484
"../../../Engine/Content/EngineMaterials/Substrate/GLints/dict_16_192_64_0p5_0p02_0001_0015.uasset" 4485
"../../../Engine/Content/EngineMaterials/Substrate/GLints/dict_16_192_64_0p5_0p02_0002_0001.uasset" 4486
"../../../Engine/Content/EngineMaterials/Substrate/GLints/dict_16_192_64_0p5_0p02_0002_0000.uasset" 4487
"../../../Engine/Content/EngineMaterials/Substrate/GLints/dict_16_192_64_0p5_0p02_0002_0002.uasset" 4488
"../../../Engine/Content/EngineMaterials/Substrate/GLints/dict_16_192_64_0p5_0p02_0002_0003.uasset" 4489
"../../../Engine/Content/EngineMaterials/Substrate/GLints/dict_16_192_64_0p5_0p02_0002_0006.uasset" 4490
"../../../Engine/Content/EngineMaterials/Substrate/GLints/dict_16_192_64_0p5_0p02_0002_0004.uasset" 4491
"../../../Engine/Content/EngineMaterials/Substrate/GLints/dict_16_192_64_0p5_0p02_0002_0005.uasset" 4492
"../../../Engine/Content/EngineMaterials/Substrate/GLints/dict_16_192_64_0p5_0p02_0002_0009.uasset" 4493
"../../../Engine/Content/EngineMaterials/Substrate/GLints/dict_16_192_64_0p5_0p02_0002_0011.uasset" 4494
"../../../Engine/Content/EngineMaterials/Substrate/GLints/dict_16_192_64_0p5_0p02_0002_0010.uasset" 4495
"../../../Engine/Content/EngineMaterials/Substrate/GLints/dict_16_192_64_0p5_0p02_0002_0008.uasset" 4496
"../../../Engine/Content/EngineMaterials/Substrate/GLints/dict_16_192_64_0p5_0p02_0002_0007.uasset" 4497
"../../../Engine/Content/EngineMaterials/Substrate/GLints/dict_16_192_64_0p5_0p02_0002_0013.uasset" 4498
"../../../Engine/Content/EngineMaterials/Substrate/GLints/dict_16_192_64_0p5_0p02_0002_0014.uasset" 4499
"../../../Engine/Content/EngineMaterials/Substrate/GLints/dict_16_192_64_0p5_0p02_0003_0000.uasset" 4500
"../../../Engine/Content/EngineMaterials/Substrate/GLints/dict_16_192_64_0p5_0p02_0002_0015.uasset" 4501
"../../../Engine/Content/EngineMaterials/Substrate/GLints/dict_16_192_64_0p5_0p02_0003_0003.uasset" 4502
"../../../Engine/Content/EngineMaterials/Substrate/GLints/dict_16_192_64_0p5_0p02_0003_0001.uasset" 4503
"../../../Engine/Content/EngineMaterials/Substrate/GLints/dict_16_192_64_0p5_0p02_0002_0012.uasset" 4504
"../../../Engine/Content/EngineMaterials/Substrate/GLints/dict_16_192_64_0p5_0p02_0003_0002.uasset" 4505
"../../../Engine/Content/EngineMaterials/Substrate/GLints/dict_16_192_64_0p5_0p02_0003_0007.uasset" 4506
"../../../Engine/Content/EngineMaterials/Substrate/GLints/dict_16_192_64_0p5_0p02_0003_0004.uasset" 4507
"../../../Engine/Content/EngineMaterials/Substrate/GLints/dict_16_192_64_0p5_0p02_0003_0010.uasset" 4508
"../../../Engine/Content/EngineMaterials/Substrate/GLints/dict_16_192_64_0p5_0p02_0003_0005.uasset" 4509
"../../../Engine/Content/EngineMaterials/Substrate/GLints/dict_16_192_64_0p5_0p02_0003_0008.uasset" 4510
"../../../Engine/Content/EngineMaterials/Substrate/GLints/dict_16_192_64_0p5_0p02_0003_0011.uasset" 4511
"../../../Engine/Content/EngineMaterials/Substrate/GLints/dict_16_192_64_0p5_0p02_0003_0012.uasset" 4512
"../../../Engine/Content/EngineMaterials/Substrate/GLints/dict_16_192_64_0p5_0p02_0003_0009.uasset" 4513
"../../../Engine/Content/EngineMaterials/Substrate/GLints/dict_16_192_64_0p5_0p02_0003_0006.uasset" 4514
"../../../Engine/Content/EngineMaterials/Substrate/GLints/dict_16_192_64_0p5_0p02_0003_0013.uasset" 4515
"/Engine/EngineMaterials/Substrate/GLints/dict_16_192_64_0p5_0p02_0003_0013" 4516
"/Engine/EngineMaterials/Substrate/GLints/dict_16_192_64_0p5_0p02_0003_0012" 4517
"/Engine/EngineMaterials/Substrate/GLints/dict_16_192_64_0p5_0p02_0003_0011" 4518
"/Engine/EngineMaterials/Substrate/GLints/dict_16_192_64_0p5_0p02_0003_0010" 4519
"/Engine/EngineMaterials/Substrate/GLints/dict_16_192_64_0p5_0p02_0003_0009" 4520
"/Engine/EngineMaterials/Substrate/GLints/dict_16_192_64_0p5_0p02_0003_0008" 4521
"/Engine/EngineMaterials/Substrate/GLints/dict_16_192_64_0p5_0p02_0003_0007" 4522
"/Engine/EngineMaterials/Substrate/GLints/dict_16_192_64_0p5_0p02_0003_0006" 4523
"/Engine/EngineMaterials/Substrate/GLints/dict_16_192_64_0p5_0p02_0003_0005" 4524
"/Engine/EngineMaterials/Substrate/GLints/dict_16_192_64_0p5_0p02_0003_0004" 4525
"/Engine/EngineMaterials/Substrate/GLints/dict_16_192_64_0p5_0p02_0003_0003" 4526
"/Engine/EngineMaterials/Substrate/GLints/dict_16_192_64_0p5_0p02_0003_0002" 4527
"/Engine/EngineMaterials/Substrate/GLints/dict_16_192_64_0p5_0p02_0003_0001" 4528
"/Engine/EngineMaterials/Substrate/GLints/dict_16_192_64_0p5_0p02_0003_0000" 4529
"/Engine/EngineMaterials/Substrate/GLints/dict_16_192_64_0p5_0p02_0002_0015" 4530
"/Engine/EngineMaterials/Substrate/GLints/dict_16_192_64_0p5_0p02_0002_0014" 4531
"/Engine/EngineMaterials/Substrate/GLints/dict_16_192_64_0p5_0p02_0002_0013" 4532
"/Engine/EngineMaterials/Substrate/GLints/dict_16_192_64_0p5_0p02_0002_0012" 4533
"/Engine/EngineMaterials/Substrate/GLints/dict_16_192_64_0p5_0p02_0002_0011" 4534
"/Engine/EngineMaterials/Substrate/GLints/dict_16_192_64_0p5_0p02_0002_0010" 4535
"/Engine/EngineMaterials/Substrate/GLints/dict_16_192_64_0p5_0p02_0002_0009" 4536
"/Engine/EngineMaterials/Substrate/GLints/dict_16_192_64_0p5_0p02_0002_0008" 4537
"/Engine/EngineMaterials/Substrate/GLints/dict_16_192_64_0p5_0p02_0002_0007" 4538
"/Engine/EngineMaterials/Substrate/GLints/dict_16_192_64_0p5_0p02_0002_0006" 4539
"/Engine/EngineMaterials/Substrate/GLints/dict_16_192_64_0p5_0p02_0002_0005" 4540
"/Engine/EngineMaterials/Substrate/GLints/dict_16_192_64_0p5_0p02_0002_0004" 4541
"/Engine/EngineMaterials/Substrate/GLints/dict_16_192_64_0p5_0p02_0002_0003" 4542
"/Engine/EngineMaterials/Substrate/GLints/dict_16_192_64_0p5_0p02_0002_0002" 4543
"/Engine/EngineMaterials/Substrate/GLints/dict_16_192_64_0p5_0p02_0002_0001" 4544
"/Engine/EngineMaterials/Substrate/GLints/dict_16_192_64_0p5_0p02_0002_0000" 4545
"/Engine/EngineMaterials/Substrate/GLints/dict_16_192_64_0p5_0p02_0001_0015" 4546
"/Engine/EngineMaterials/Substrate/GLints/dict_16_192_64_0p5_0p02_0001_0014" 4547
"../../../Engine/Content/EngineMaterials/Substrate/GLints/dict_16_192_64_0p5_0p02_0004_0001.uasset" 4548
"../../../Engine/Content/EngineMaterials/Substrate/GLints/dict_16_192_64_0p5_0p02_0004_0006.uasset" 4549
"../../../Engine/Content/EngineMaterials/Substrate/GLints/dict_16_192_64_0p5_0p02_0003_0015.uasset" 4550
"../../../Engine/Content/EngineMaterials/Substrate/GLints/dict_16_192_64_0p5_0p02_0004_0007.uasset" 4551
"../../../Engine/Content/EngineMaterials/Substrate/GLints/dict_16_192_64_0p5_0p02_0004_0008.uasset" 4552
"../../../Engine/Content/EngineMaterials/Substrate/GLints/dict_16_192_64_0p5_0p02_0004_0003.uasset" 4553
"../../../Engine/Content/EngineMaterials/Substrate/GLints/dict_16_192_64_0p5_0p02_0004_0005.uasset" 4554
"../../../Engine/Content/EngineMaterials/Substrate/GLints/dict_16_192_64_0p5_0p02_0004_0009.uasset" 4555
"../../../Engine/Content/EngineMaterials/Substrate/GLints/dict_16_192_64_0p5_0p02_0004_0011.uasset" 4556
"../../../Engine/Content/EngineMaterials/Substrate/GLints/dict_16_192_64_0p5_0p02_0004_0000.uasset" 4557
"../../../Engine/Content/EngineMaterials/Substrate/GLints/dict_16_192_64_0p5_0p02_0003_0014.uasset" 4558
"../../../Engine/Content/EngineMaterials/Substrate/GLints/dict_16_192_64_0p5_0p02_0004_0010.uasset" 4559
"../../../Engine/Content/EngineMaterials/Substrate/GLints/dict_16_192_64_0p5_0p02_0004_0004.uasset" 4560
"../../../Engine/Content/EngineMaterials/Substrate/GLints/dict_16_192_64_0p5_0p02_0004_0002.uasset" 4561
"../../../Engine/Content/EngineMaterials/Substrate/GLints/dict_16_192_64_0p5_0p02_0005_0005.uasset" 4562
"../../../Engine/Content/EngineMaterials/Substrate/GLints/dict_16_192_64_0p5_0p02_0005_0007.uasset" 4563
"../../../Engine/Content/EngineMaterials/Substrate/GLints/dict_16_192_64_0p5_0p02_0005_0003.uasset" 4564
"../../../Engine/Content/EngineMaterials/Substrate/GLints/dict_16_192_64_0p5_0p02_0004_0015.uasset" 4565
"../../../Engine/Content/EngineMaterials/Substrate/GLints/dict_16_192_64_0p5_0p02_0005_0008.uasset" 4566
"../../../Engine/Content/EngineMaterials/Substrate/GLints/dict_16_192_64_0p5_0p02_0004_0012.uasset" 4567
"../../../Engine/Content/EngineMaterials/Substrate/GLints/dict_16_192_64_0p5_0p02_0005_0001.uasset" 4568
"../../../Engine/Content/EngineMaterials/Substrate/GLints/dict_16_192_64_0p5_0p02_0005_0002.uasset" 4569
"../../../Engine/Content/EngineMaterials/Substrate/GLints/dict_16_192_64_0p5_0p02_0005_0004.uasset" 4570
"../../../Engine/Content/EngineMaterials/Substrate/GLints/dict_16_192_64_0p5_0p02_0005_0000.uasset" 4571
"../../../Engine/Content/EngineMaterials/Substrate/GLints/dict_16_192_64_0p5_0p02_0005_0006.uasset" 4572
"../../../Engine/Content/EngineMaterials/Substrate/GLints/dict_16_192_64_0p5_0p02_0004_0014.uasset" 4573
"../../../Engine/Content/EngineMaterials/Substrate/GLints/dict_16_192_64_0p5_0p02_0004_0013.uasset" 4574
"../../../Engine/Content/EngineMaterials/Substrate/GLints/dict_16_192_64_0p5_0p02_0005_0009.uasset" 4575
"../../../Engine/Content/EngineMaterials/Substrate/GLints/dict_16_192_64_0p5_0p02_0005_0010.uasset" 4576
"../../../Engine/Content/EngineMaterials/Substrate/GLints/dict_16_192_64_0p5_0p02_0005_0013.uasset" 4577
"../../../Engine/Content/EngineMaterials/Substrate/GLints/dict_16_192_64_0p5_0p02_0005_0011.uasset" 4578
"../../../Engine/Content/EngineMaterials/Substrate/GLints/dict_16_192_64_0p5_0p02_0005_0012.uasset" 4579
"../../../Engine/Plugins/Animation/DeformerGraph/Shaders/Private/DataInterfaceCustomComputeKernel.ush" 4580
"../../../Engine/Plugins/Animation/DeformerGraph/Shaders/Private/DataInterfaceCloth.ush" 4581
"../../../Engine/Plugins/Animation/DeformerGraph/Shaders/Private/DataInterfaceSkinnedMeshRead.ush" 4582
"../../../Engine/Plugins/Animation/DeformerGraph/Shaders/Private/DataInterfaceSkeleton.ush" 4583
"../../../Engine/Plugins/Animation/DeformerGraph/Shaders/Private/DataInterfaceSkeletonCommon.ush" 4584
"../../../Engine/Plugins/Animation/DeformerGraph/Shaders/Private/DataInterfaceMorphTarget.ush" 4585
"../../../Engine/Plugins/Animation/DeformerGraph/Shaders/Private/DataInterfaceSkinnedMeshWrite.ush" 4586
"../../../Engine/Plugins/Animation/DeformerGraph/Shaders/Private/DataInterfaceRawBuffer.ush" 4587
"../../../Engine/Plugins/Runtime/ComputeFramework/Shaders/Private/BufferAlias.ush" 4588
"../../../Engine/Plugins/Animation/DeformerGraph/Shaders/Private/DataInterfaceSkinnedMesh.ush" 4589
"../../../Engine/Plugins/Animation/DeformerGraph/Shaders/Private/DataInterfaceHalfEdge.ush" 4590
"/Engine/EngineMaterials/Substrate/GLints/dict_16_192_64_0p5_0p02_0005_0013" 4591
"/Engine/EngineMaterials/Substrate/GLints/dict_16_192_64_0p5_0p02_0005_0012" 4592
"/Engine/EngineMaterials/Substrate/GLints/dict_16_192_64_0p5_0p02_0005_0011" 4593
"/Engine/EngineMaterials/Substrate/GLints/dict_16_192_64_0p5_0p02_0005_0010" 4594
"/Engine/EngineMaterials/Substrate/GLints/dict_16_192_64_0p5_0p02_0005_0009" 4595
"/Engine/EngineMaterials/Substrate/GLints/dict_16_192_64_0p5_0p02_0005_0008" 4596
"/Engine/EngineMaterials/Substrate/GLints/dict_16_192_64_0p5_0p02_0005_0007" 4597
"/Engine/EngineMaterials/Substrate/GLints/dict_16_192_64_0p5_0p02_0005_0006" 4598
"/Engine/EngineMaterials/Substrate/GLints/dict_16_192_64_0p5_0p02_0005_0005" 4599
"/Engine/EngineMaterials/Substrate/GLints/dict_16_192_64_0p5_0p02_0005_0004" 4600
"/Engine/EngineMaterials/Substrate/GLints/dict_16_192_64_0p5_0p02_0005_0003" 4601
"/Engine/EngineMaterials/Substrate/GLints/dict_16_192_64_0p5_0p02_0005_0002" 4602
"/Engine/EngineMaterials/Substrate/GLints/dict_16_192_64_0p5_0p02_0005_0001" 4603
"/Engine/EngineMaterials/Substrate/GLints/dict_16_192_64_0p5_0p02_0005_0000" 4604
"/Engine/EngineMaterials/Substrate/GLints/dict_16_192_64_0p5_0p02_0004_0015" 4605
"/Engine/EngineMaterials/Substrate/GLints/dict_16_192_64_0p5_0p02_0004_0014" 4606
"/Engine/EngineMaterials/Substrate/GLints/dict_16_192_64_0p5_0p02_0004_0013" 4607
"/Engine/EngineMaterials/Substrate/GLints/dict_16_192_64_0p5_0p02_0004_0012" 4608
"/Engine/EngineMaterials/Substrate/GLints/dict_16_192_64_0p5_0p02_0004_0011" 4609
"/Engine/EngineMaterials/Substrate/GLints/dict_16_192_64_0p5_0p02_0004_0010" 4610
"/Engine/EngineMaterials/Substrate/GLints/dict_16_192_64_0p5_0p02_0004_0009" 4611
"/Engine/EngineMaterials/Substrate/GLints/dict_16_192_64_0p5_0p02_0004_0008" 4612
"/Engine/EngineMaterials/Substrate/GLints/dict_16_192_64_0p5_0p02_0004_0007" 4613
"/Engine/EngineMaterials/Substrate/GLints/dict_16_192_64_0p5_0p02_0004_0006" 4614
"/Engine/EngineMaterials/Substrate/GLints/dict_16_192_64_0p5_0p02_0004_0005" 4615
"/Engine/EngineMaterials/Substrate/GLints/dict_16_192_64_0p5_0p02_0004_0004" 4616
"/Engine/EngineMaterials/Substrate/GLints/dict_16_192_64_0p5_0p02_0004_0003" 4617
"/Engine/EngineMaterials/Substrate/GLints/dict_16_192_64_0p5_0p02_0004_0002" 4618
"/Engine/EngineMaterials/Substrate/GLints/dict_16_192_64_0p5_0p02_0004_0001" 4619
"/Engine/EngineMaterials/Substrate/GLints/dict_16_192_64_0p5_0p02_0004_0000" 4620
"/Engine/EngineMaterials/Substrate/GLints/dict_16_192_64_0p5_0p02_0003_0015" 4621
"/Engine/EngineMaterials/Substrate/GLints/dict_16_192_64_0p5_0p02_0003_0014" 4622
"../../../Engine/Content/EngineMaterials/Substrate/GLints/dict_16_192_64_0p5_0p02_0006_0002.uasset" 4623
"../../../Engine/Content/EngineMaterials/Substrate/GLints/dict_16_192_64_0p5_0p02_0005_0014.uasset" 4624
"../../../Engine/Content/EngineMaterials/Substrate/GLints/dict_16_192_64_0p5_0p02_0006_0009.uasset" 4625
"../../../Engine/Content/EngineMaterials/Substrate/GLints/dict_16_192_64_0p5_0p02_0006_0010.uasset" 4626
"../../../Engine/Content/EngineMaterials/Substrate/GLints/dict_16_192_64_0p5_0p02_0006_0005.uasset" 4627
"../../../Engine/Content/EngineMaterials/Substrate/GLints/dict_16_192_64_0p5_0p02_0006_0003.uasset" 4628
"../../../Engine/Content/EngineMaterials/Substrate/GLints/dict_16_192_64_0p5_0p02_0006_0000.uasset" 4629
"../../../Engine/Content/EngineMaterials/Substrate/GLints/dict_16_192_64_0p5_0p02_0006_0008.uasset" 4630
"../../../Engine/Content/EngineMaterials/Substrate/GLints/dict_16_192_64_0p5_0p02_0006_0004.uasset" 4631
"../../../Engine/Content/EngineMaterials/Substrate/GLints/dict_16_192_64_0p5_0p02_0006_0006.uasset" 4632
"../../../Engine/Content/EngineMaterials/Substrate/GLints/dict_16_192_64_0p5_0p02_0006_0014.uasset" 4633
"../../../Engine/Content/EngineMaterials/Substrate/GLints/dict_16_192_64_0p5_0p02_0006_0013.uasset" 4634
"../../../Engine/Content/EngineMaterials/Substrate/GLints/dict_16_192_64_0p5_0p02_0005_0015.uasset" 4635
"../../../Engine/Content/EngineMaterials/Substrate/GLints/dict_16_192_64_0p5_0p02_0006_0015.uasset" 4636
"../../../Engine/Content/EngineMaterials/Substrate/GLints/dict_16_192_64_0p5_0p02_0006_0012.uasset" 4637
"../../../Engine/Content/EngineMaterials/Substrate/GLints/dict_16_192_64_0p5_0p02_0006_0007.uasset" 4638
"../../../Engine/Content/EngineMaterials/Substrate/GLints/dict_16_192_64_0p5_0p02_0006_0001.uasset" 4639
"../../../Engine/Content/EngineMaterials/Substrate/GLints/dict_16_192_64_0p5_0p02_0007_0002.uasset" 4640
"../../../Engine/Content/EngineMaterials/Substrate/GLints/dict_16_192_64_0p5_0p02_0007_0006.uasset" 4641
"../../../Engine/Content/EngineMaterials/Substrate/GLints/dict_16_192_64_0p5_0p02_0007_0001.uasset" 4642
"../../../Engine/Content/EngineMaterials/Substrate/GLints/dict_16_192_64_0p5_0p02_0007_0004.uasset" 4643
"../../../Engine/Content/EngineMaterials/Substrate/GLints/dict_16_192_64_0p5_0p02_0007_0007.uasset" 4644
"../../../Engine/Content/EngineMaterials/Substrate/GLints/dict_16_192_64_0p5_0p02_0007_0003.uasset" 4645
"../../../Engine/Content/EngineMaterials/Substrate/GLints/dict_16_192_64_0p5_0p02_0006_0011.uasset" 4646
"../../../Engine/Content/EngineMaterials/Substrate/GLints/dict_16_192_64_0p5_0p02_0007_0000.uasset" 4647
"../../../Engine/Content/EngineMaterials/Substrate/GLints/dict_16_192_64_0p5_0p02_0007_0008.uasset" 4648
"../../../Engine/Content/EngineMaterials/Substrate/GLints/dict_16_192_64_0p5_0p02_0007_0010.uasset" 4649
"../../../Engine/Content/EngineMaterials/Substrate/GLints/dict_16_192_64_0p5_0p02_0007_0009.uasset" 4650
"../../../Engine/Content/EngineMaterials/Substrate/GLints/dict_16_192_64_0p5_0p02_0007_0005.uasset" 4651
"../../../Engine/Content/EngineMaterials/Substrate/GLints/dict_16_192_64_0p5_0p02_0007_0013.uasset" 4652
"../../../Engine/Content/EngineMaterials/Substrate/GLints/dict_16_192_64_0p5_0p02_0007_0011.uasset" 4653
"../../../Engine/Content/EngineMaterials/Substrate/GLints/dict_16_192_64_0p5_0p02_0007_0012.uasset" 4654
"/Engine/EngineMaterials/Substrate/GLints/dict_16_192_64_0p5_0p02_0007_0013" 4655
"/Engine/EngineMaterials/Substrate/GLints/dict_16_192_64_0p5_0p02_0007_0012" 4656
"/Engine/EngineMaterials/Substrate/GLints/dict_16_192_64_0p5_0p02_0007_0011" 4657
"/Engine/EngineMaterials/Substrate/GLints/dict_16_192_64_0p5_0p02_0007_0010" 4658
"/Engine/EngineMaterials/Substrate/GLints/dict_16_192_64_0p5_0p02_0007_0009" 4659
"/Engine/EngineMaterials/Substrate/GLints/dict_16_192_64_0p5_0p02_0007_0008" 4660
"/Engine/EngineMaterials/Substrate/GLints/dict_16_192_64_0p5_0p02_0007_0007" 4661
"/Engine/EngineMaterials/Substrate/GLints/dict_16_192_64_0p5_0p02_0007_0006" 4662
"/Engine/EngineMaterials/Substrate/GLints/dict_16_192_64_0p5_0p02_0007_0005" 4663
"/Engine/EngineMaterials/Substrate/GLints/dict_16_192_64_0p5_0p02_0007_0004" 4664
"/Engine/EngineMaterials/Substrate/GLints/dict_16_192_64_0p5_0p02_0007_0003" 4665
"/Engine/EngineMaterials/Substrate/GLints/dict_16_192_64_0p5_0p02_0007_0002" 4666
"/Engine/EngineMaterials/Substrate/GLints/dict_16_192_64_0p5_0p02_0007_0001" 4667
"/Engine/EngineMaterials/Substrate/GLints/dict_16_192_64_0p5_0p02_0007_0000" 4668
"/Engine/EngineMaterials/Substrate/GLints/dict_16_192_64_0p5_0p02_0006_0015" 4669
"/Engine/EngineMaterials/Substrate/GLints/dict_16_192_64_0p5_0p02_0006_0014" 4670
"/Engine/EngineMaterials/Substrate/GLints/dict_16_192_64_0p5_0p02_0006_0013" 4671
"/Engine/EngineMaterials/Substrate/GLints/dict_16_192_64_0p5_0p02_0006_0012" 4672
"/Engine/EngineMaterials/Substrate/GLints/dict_16_192_64_0p5_0p02_0006_0011" 4673
"/Engine/EngineMaterials/Substrate/GLints/dict_16_192_64_0p5_0p02_0006_0010" 4674
"/Engine/EngineMaterials/Substrate/GLints/dict_16_192_64_0p5_0p02_0006_0009" 4675
"/Engine/EngineMaterials/Substrate/GLints/dict_16_192_64_0p5_0p02_0006_0008" 4676
"/Engine/EngineMaterials/Substrate/GLints/dict_16_192_64_0p5_0p02_0006_0007" 4677
"/Engine/EngineMaterials/Substrate/GLints/dict_16_192_64_0p5_0p02_0006_0006" 4678
"/Engine/EngineMaterials/Substrate/GLints/dict_16_192_64_0p5_0p02_0006_0005" 4679
"/Engine/EngineMaterials/Substrate/GLints/dict_16_192_64_0p5_0p02_0006_0004" 4680
"/Engine/EngineMaterials/Substrate/GLints/dict_16_192_64_0p5_0p02_0006_0003" 4681
"/Engine/EngineMaterials/Substrate/GLints/dict_16_192_64_0p5_0p02_0006_0002" 4682
"/Engine/EngineMaterials/Substrate/GLints/dict_16_192_64_0p5_0p02_0006_0001" 4683
"/Engine/EngineMaterials/Substrate/GLints/dict_16_192_64_0p5_0p02_0006_0000" 4684
"/Engine/EngineMaterials/Substrate/GLints/dict_16_192_64_0p5_0p02_0005_0015" 4685
"/Engine/EngineMaterials/Substrate/GLints/dict_16_192_64_0p5_0p02_0005_0014" 4686
"../../../Engine/Content/EngineMaterials/Substrate/GLints/dict_16_192_64_0p5_0p02_0007_0014.uasset" 4687
"../../../Engine/Content/EngineMaterials/Substrate/GLints/dict_16_192_64_0p5_0p02_0008_0002.uasset" 4688
"../../../Engine/Content/EngineMaterials/Substrate/GLints/dict_16_192_64_0p5_0p02_0008_0000.uasset" 4689
"../../../Engine/Content/EngineMaterials/Substrate/GLints/dict_16_192_64_0p5_0p02_0008_0001.uasset" 4690
"../../../Engine/Content/EngineMaterials/Substrate/GLints/dict_16_192_64_0p5_0p02_0007_0015.uasset" 4691
"../../../Engine/Content/EngineMaterials/Substrate/GLints/dict_16_192_64_0p5_0p02_0008_0005.uasset" 4692
"../../../Engine/Content/EngineMaterials/Substrate/GLints/dict_16_192_64_0p5_0p02_0008_0008.uasset" 4693
"../../../Engine/Content/EngineMaterials/Substrate/GLints/dict_16_192_64_0p5_0p02_0008_0007.uasset" 4694
"../../../Engine/Content/EngineMaterials/Substrate/GLints/dict_16_192_64_0p5_0p02_0008_0003.uasset" 4695
"../../../Engine/Content/EngineMaterials/Substrate/GLints/dict_16_192_64_0p5_0p02_0008_0004.uasset" 4696
"../../../Engine/Content/EngineMaterials/Substrate/GLints/dict_16_192_64_0p5_0p02_0008_0006.uasset" 4697
"../../../Engine/Content/EngineMaterials/Substrate/GLints/dict_16_192_64_0p5_0p02_0008_0009.uasset" 4698
"../../../Engine/Content/EngineMaterials/Substrate/GLints/dict_16_192_64_0p5_0p02_0008_0012.uasset" 4699
"../../../Engine/Content/EngineMaterials/Substrate/GLints/dict_16_192_64_0p5_0p02_0008_0010.uasset" 4700
"../../../Engine/Content/EngineMaterials/Substrate/GLints/dict_16_192_64_0p5_0p02_0008_0013.uasset" 4701
"../../../Engine/Content/EngineMaterials/Substrate/GLints/dict_16_192_64_0p5_0p02_0008_0011.uasset" 4702
"../../../Engine/Content/EngineMaterials/Substrate/GLints/dict_16_192_64_0p5_0p02_0008_0014.uasset" 4703
"../../../Engine/Content/EngineMaterials/Substrate/GLints/dict_16_192_64_0p5_0p02_0009_0001.uasset" 4704
"../../../Engine/Content/EngineMaterials/Substrate/GLints/dict_16_192_64_0p5_0p02_0009_0000.uasset" 4705
"../../../Engine/Content/EngineMaterials/Substrate/GLints/dict_16_192_64_0p5_0p02_0009_0005.uasset" 4706
"../../../Engine/Content/EngineMaterials/Substrate/GLints/dict_16_192_64_0p5_0p02_0009_0004.uasset" 4707
"../../../Engine/Content/EngineMaterials/Substrate/GLints/dict_16_192_64_0p5_0p02_0008_0015.uasset" 4708
"../../../Engine/Content/EngineMaterials/Substrate/GLints/dict_16_192_64_0p5_0p02_0009_0006.uasset" 4709
"../../../Engine/Content/EngineMaterials/Substrate/GLints/dict_16_192_64_0p5_0p02_0009_0003.uasset" 4710
"../../../Engine/Content/EngineMaterials/Substrate/GLints/dict_16_192_64_0p5_0p02_0009_0002.uasset" 4711
"../../../Engine/Content/EngineMaterials/Substrate/GLints/dict_16_192_64_0p5_0p02_0009_0008.uasset" 4712
"../../../Engine/Content/EngineMaterials/Substrate/GLints/dict_16_192_64_0p5_0p02_0009_0007.uasset" 4713
"../../../Engine/Content/EngineMaterials/Substrate/GLints/dict_16_192_64_0p5_0p02_0009_0009.uasset" 4714
"../../../Engine/Content/EngineMaterials/Substrate/GLints/dict_16_192_64_0p5_0p02_0009_0010.uasset" 4715
"../../../Engine/Content/EngineMaterials/Substrate/GLints/dict_16_192_64_0p5_0p02_0009_0012.uasset" 4716
"../../../Engine/Content/EngineMaterials/Substrate/GLints/dict_16_192_64_0p5_0p02_0009_0013.uasset" 4717
"../../../Engine/Content/EngineMaterials/Substrate/GLints/dict_16_192_64_0p5_0p02_0009_0011.uasset" 4718
"/Engine/EngineMaterials/Substrate/GLints/dict_16_192_64_0p5_0p02_0009_0013" 4719
"/Engine/EngineMaterials/Substrate/GLints/dict_16_192_64_0p5_0p02_0009_0012" 4720
"/Engine/EngineMaterials/Substrate/GLints/dict_16_192_64_0p5_0p02_0009_0011" 4721
"/Engine/EngineMaterials/Substrate/GLints/dict_16_192_64_0p5_0p02_0009_0010" 4722
"/Engine/EngineMaterials/Substrate/GLints/dict_16_192_64_0p5_0p02_0009_0009" 4723
"/Engine/EngineMaterials/Substrate/GLints/dict_16_192_64_0p5_0p02_0009_0008" 4724
"/Engine/EngineMaterials/Substrate/GLints/dict_16_192_64_0p5_0p02_0009_0007" 4725
"/Engine/EngineMaterials/Substrate/GLints/dict_16_192_64_0p5_0p02_0009_0006" 4726
"/Engine/EngineMaterials/Substrate/GLints/dict_16_192_64_0p5_0p02_0009_0005" 4727
"/Engine/EngineMaterials/Substrate/GLints/dict_16_192_64_0p5_0p02_0009_0004" 4728
"/Engine/EngineMaterials/Substrate/GLints/dict_16_192_64_0p5_0p02_0009_0003" 4729
"/Engine/EngineMaterials/Substrate/GLints/dict_16_192_64_0p5_0p02_0009_0002" 4730
"/Engine/EngineMaterials/Substrate/GLints/dict_16_192_64_0p5_0p02_0009_0001" 4731
"/Engine/EngineMaterials/Substrate/GLints/dict_16_192_64_0p5_0p02_0009_0000" 4732
"/Engine/EngineMaterials/Substrate/GLints/dict_16_192_64_0p5_0p02_0008_0015" 4733
"/Engine/EngineMaterials/Substrate/GLints/dict_16_192_64_0p5_0p02_0008_0014" 4734
"/Engine/EngineMaterials/Substrate/GLints/dict_16_192_64_0p5_0p02_0008_0013" 4735
"/Engine/EngineMaterials/Substrate/GLints/dict_16_192_64_0p5_0p02_0008_0012" 4736
"/Engine/EngineMaterials/Substrate/GLints/dict_16_192_64_0p5_0p02_0008_0011" 4737
"/Engine/EngineMaterials/Substrate/GLints/dict_16_192_64_0p5_0p02_0008_0010" 4738
"/Engine/EngineMaterials/Substrate/GLints/dict_16_192_64_0p5_0p02_0008_0009" 4739
"/Engine/EngineMaterials/Substrate/GLints/dict_16_192_64_0p5_0p02_0008_0008" 4740
"/Engine/EngineMaterials/Substrate/GLints/dict_16_192_64_0p5_0p02_0008_0007" 4741
"/Engine/EngineMaterials/Substrate/GLints/dict_16_192_64_0p5_0p02_0008_0006" 4742
"/Engine/EngineMaterials/Substrate/GLints/dict_16_192_64_0p5_0p02_0008_0005" 4743
"/Engine/EngineMaterials/Substrate/GLints/dict_16_192_64_0p5_0p02_0008_0004" 4744
"/Engine/EngineMaterials/Substrate/GLints/dict_16_192_64_0p5_0p02_0008_0003" 4745
"/Engine/EngineMaterials/Substrate/GLints/dict_16_192_64_0p5_0p02_0008_0002" 4746
"/Engine/EngineMaterials/Substrate/GLints/dict_16_192_64_0p5_0p02_0008_0001" 4747
"/Engine/EngineMaterials/Substrate/GLints/dict_16_192_64_0p5_0p02_0008_0000" 4748
"/Engine/EngineMaterials/Substrate/GLints/dict_16_192_64_0p5_0p02_0007_0015" 4749
"/Engine/EngineMaterials/Substrate/GLints/dict_16_192_64_0p5_0p02_0007_0014" 4750
"../../../Engine/Content/EngineMaterials/Substrate/GLints/dict_16_192_64_0p5_0p02_0009_0015.uasset" 4751
"../../../Engine/Content/EngineMaterials/Substrate/GLints/dict_16_192_64_0p5_0p02_0009_0014.uasset" 4752
"../../../Engine/Content/EngineMaterials/Substrate/GLints/dict_16_192_64_0p5_0p02_0010_0000.uasset" 4753
"../../../Engine/Content/EngineMaterials/Substrate/GLints/dict_16_192_64_0p5_0p02_0010_0003.uasset" 4754
"../../../Engine/Content/EngineMaterials/Substrate/GLints/dict_16_192_64_0p5_0p02_0010_0004.uasset" 4755
"../../../Engine/Content/EngineMaterials/Substrate/GLints/dict_16_192_64_0p5_0p02_0010_0002.uasset" 4756
"../../../Engine/Content/EngineMaterials/Substrate/GLints/dict_16_192_64_0p5_0p02_0010_0001.uasset" 4757
"../../../Engine/Content/EngineMaterials/Substrate/GLints/dict_16_192_64_0p5_0p02_0010_0006.uasset" 4758
"../../../Engine/Content/EngineMaterials/Substrate/GLints/dict_16_192_64_0p5_0p02_0010_0008.uasset" 4759
"../../../Engine/Content/EngineMaterials/Substrate/GLints/dict_16_192_64_0p5_0p02_0010_0009.uasset" 4760
"../../../Engine/Content/EngineMaterials/Substrate/GLints/dict_16_192_64_0p5_0p02_0010_0005.uasset" 4761
"../../../Engine/Content/EngineMaterials/Substrate/GLints/dict_16_192_64_0p5_0p02_0010_0010.uasset" 4762
"../../../Engine/Content/EngineMaterials/Substrate/GLints/dict_16_192_64_0p5_0p02_0010_0007.uasset" 4763
"../../../Engine/Content/EngineMaterials/Substrate/GLints/dict_16_192_64_0p5_0p02_0010_0011.uasset" 4764
"../../../Engine/Content/EngineMaterials/Substrate/GLints/dict_16_192_64_0p5_0p02_0010_0012.uasset" 4765
"../../../Engine/Content/EngineMaterials/Substrate/GLints/dict_16_192_64_0p5_0p02_0010_0013.uasset" 4766
"../../../Engine/Content/EngineMaterials/Substrate/GLints/dict_16_192_64_0p5_0p02_0010_0014.uasset" 4767
"../../../Engine/Content/EngineMaterials/Substrate/GLints/dict_16_192_64_0p5_0p02_0011_0000.uasset" 4768
"../../../Engine/Content/EngineMaterials/Substrate/GLints/dict_16_192_64_0p5_0p02_0011_0001.uasset" 4769
"../../../Engine/Content/EngineMaterials/Substrate/GLints/dict_16_192_64_0p5_0p02_0011_0005.uasset" 4770
"../../../Engine/Content/EngineMaterials/Substrate/GLints/dict_16_192_64_0p5_0p02_0011_0004.uasset" 4771
"../../../Engine/Content/EngineMaterials/Substrate/GLints/dict_16_192_64_0p5_0p02_0011_0002.uasset" 4772
"../../../Engine/Content/EngineMaterials/Substrate/GLints/dict_16_192_64_0p5_0p02_0011_0007.uasset" 4773
"../../../Engine/Content/EngineMaterials/Substrate/GLints/dict_16_192_64_0p5_0p02_0011_0006.uasset" 4774
"../../../Engine/Content/EngineMaterials/Substrate/GLints/dict_16_192_64_0p5_0p02_0011_0008.uasset" 4775
"../../../Engine/Content/EngineMaterials/Substrate/GLints/dict_16_192_64_0p5_0p02_0011_0009.uasset" 4776
"../../../Engine/Content/EngineMaterials/Substrate/GLints/dict_16_192_64_0p5_0p02_0011_0011.uasset" 4777
"../../../Engine/Content/EngineMaterials/Substrate/GLints/dict_16_192_64_0p5_0p02_0011_0003.uasset" 4778
"../../../Engine/Content/EngineMaterials/Substrate/GLints/dict_16_192_64_0p5_0p02_0011_0010.uasset" 4779
"../../../Engine/Content/EngineMaterials/Substrate/GLints/dict_16_192_64_0p5_0p02_0010_0015.uasset" 4780
"../../../Engine/Content/EngineMaterials/Substrate/GLints/dict_16_192_64_0p5_0p02_0011_0012.uasset" 4781
"/Engine/EngineMaterials/Substrate/GLints/dict_16_192_64_0p5_0p02_0011_0012" 4782
"/Engine/EngineMaterials/Substrate/GLints/dict_16_192_64_0p5_0p02_0011_0011" 4783
"/Engine/EngineMaterials/Substrate/GLints/dict_16_192_64_0p5_0p02_0011_0010" 4784
"/Engine/EngineMaterials/Substrate/GLints/dict_16_192_64_0p5_0p02_0011_0009" 4785
"/Engine/EngineMaterials/Substrate/GLints/dict_16_192_64_0p5_0p02_0011_0008" 4786
"/Engine/EngineMaterials/Substrate/GLints/dict_16_192_64_0p5_0p02_0011_0007" 4787
"/Engine/EngineMaterials/Substrate/GLints/dict_16_192_64_0p5_0p02_0011_0006" 4788
"/Engine/EngineMaterials/Substrate/GLints/dict_16_192_64_0p5_0p02_0011_0005" 4789
"/Engine/EngineMaterials/Substrate/GLints/dict_16_192_64_0p5_0p02_0011_0004" 4790
"/Engine/EngineMaterials/Substrate/GLints/dict_16_192_64_0p5_0p02_0011_0003" 4791
"../../../Engine/Content/EngineMaterials/Substrate/GLints/dict_16_192_64_0p5_0p02_0011_0013.uasset" 4792
"/Engine/EngineMaterials/Substrate/GLints/dict_16_192_64_0p5_0p02_0011_0002" 4793
"/Engine/EngineMaterials/Substrate/GLints/dict_16_192_64_0p5_0p02_0011_0001" 4794
"/Engine/EngineMaterials/Substrate/GLints/dict_16_192_64_0p5_0p02_0011_0000" 4795
"/Engine/EngineMaterials/Substrate/GLints/dict_16_192_64_0p5_0p02_0010_0015" 4796
"/Engine/EngineMaterials/Substrate/GLints/dict_16_192_64_0p5_0p02_0010_0014" 4797
"/Engine/EngineMaterials/Substrate/GLints/dict_16_192_64_0p5_0p02_0010_0013" 4798
"/Engine/EngineMaterials/Substrate/GLints/dict_16_192_64_0p5_0p02_0010_0012" 4799
"/Engine/EngineMaterials/Substrate/GLints/dict_16_192_64_0p5_0p02_0010_0011" 4800
"/Engine/EngineMaterials/Substrate/GLints/dict_16_192_64_0p5_0p02_0010_0010" 4801
"/Engine/EngineMaterials/Substrate/GLints/dict_16_192_64_0p5_0p02_0010_0009" 4802
"/Engine/EngineMaterials/Substrate/GLints/dict_16_192_64_0p5_0p02_0010_0008" 4803
"/Engine/EngineMaterials/Substrate/GLints/dict_16_192_64_0p5_0p02_0010_0007" 4804
"/Engine/EngineMaterials/Substrate/GLints/dict_16_192_64_0p5_0p02_0010_0006" 4805
"/Engine/EngineMaterials/Substrate/GLints/dict_16_192_64_0p5_0p02_0010_0005" 4806
"/Engine/EngineMaterials/Substrate/GLints/dict_16_192_64_0p5_0p02_0010_0004" 4807
"/Engine/EngineMaterials/Substrate/GLints/dict_16_192_64_0p5_0p02_0010_0003" 4808
"/Engine/EngineMaterials/Substrate/GLints/dict_16_192_64_0p5_0p02_0010_0002" 4809
"/Engine/EngineMaterials/Substrate/GLints/dict_16_192_64_0p5_0p02_0010_0001" 4810
"/Engine/EngineMaterials/Substrate/GLints/dict_16_192_64_0p5_0p02_0010_0000" 4811
"/Engine/EngineMaterials/Substrate/GLints/dict_16_192_64_0p5_0p02_0009_0015" 4812
"/Engine/EngineMaterials/Substrate/GLints/dict_16_192_64_0p5_0p02_0009_0014" 4813
"/Engine/EngineMaterials/Substrate/GLints/dict_16_192_64_0p5_0p02_0011_0013" 4814
"../../../Engine/Content/EngineMaterials/Substrate/GLints/dict_16_192_64_0p5_0p02_0011_0015.uasset" 4815
"../../../Engine/Content/EngineMaterials/Substrate/GLints/dict_16_192_64_0p5_0p02_0011_0014.uasset" 4816
"../../../Engine/Content/EngineMaterials/Substrate/GLints/dict_16_192_64_0p5_0p02_0012_0001.uasset" 4817
"../../../Engine/Content/EngineMaterials/Substrate/GLints/dict_16_192_64_0p5_0p02_0012_0000.uasset" 4818
"../../../Engine/Content/EngineMaterials/Substrate/GLints/dict_16_192_64_0p5_0p02_0012_0002.uasset" 4819
"../../../Engine/Content/EngineMaterials/Substrate/GLints/dict_16_192_64_0p5_0p02_0012_0003.uasset" 4820
"../../../Engine/Content/EngineMaterials/Substrate/GLints/dict_16_192_64_0p5_0p02_0012_0004.uasset" 4821
"../../../Engine/Content/EngineMaterials/Substrate/GLints/dict_16_192_64_0p5_0p02_0012_0005.uasset" 4822
"../../../Engine/Content/EngineMaterials/Substrate/GLints/dict_16_192_64_0p5_0p02_0012_0006.uasset" 4823
"../../../Engine/Content/EngineMaterials/Substrate/GLints/dict_16_192_64_0p5_0p02_0012_0007.uasset" 4824
"../../../Engine/Content/EngineMaterials/Substrate/GLints/dict_16_192_64_0p5_0p02_0012_0008.uasset" 4825
"../../../Engine/Content/EngineMaterials/Substrate/GLints/dict_16_192_64_0p5_0p02_0012_0012.uasset" 4826
"../../../Engine/Content/EngineMaterials/Substrate/GLints/dict_16_192_64_0p5_0p02_0012_0009.uasset" 4827
"../../../Engine/Content/EngineMaterials/Substrate/GLints/dict_16_192_64_0p5_0p02_0012_0010.uasset" 4828
"../../../Engine/Content/EngineMaterials/Substrate/GLints/dict_16_192_64_0p5_0p02_0012_0011.uasset" 4829
"../../../Engine/Content/EngineMaterials/Substrate/GLints/dict_16_192_64_0p5_0p02_0012_0013.uasset" 4830
"../../../Engine/Content/EngineMaterials/Substrate/GLints/dict_16_192_64_0p5_0p02_0012_0015.uasset" 4831
"../../../Engine/Content/EngineMaterials/Substrate/GLints/dict_16_192_64_0p5_0p02_0013_0000.uasset" 4832
"../../../Engine/Content/EngineMaterials/Substrate/GLints/dict_16_192_64_0p5_0p02_0012_0014.uasset" 4833
"../../../Engine/Content/EngineMaterials/Substrate/GLints/dict_16_192_64_0p5_0p02_0013_0001.uasset" 4834
"/Engine/EngineMaterials/Substrate/GLints/dict_16_192_64_0p5_0p02_0013_0001" 4835
"/Engine/EngineMaterials/Substrate/GLints/dict_16_192_64_0p5_0p02_0013_0000" 4836
"/Engine/EngineMaterials/Substrate/GLints/dict_16_192_64_0p5_0p02_0012_0015" 4837
"/Engine/EngineMaterials/Substrate/GLints/dict_16_192_64_0p5_0p02_0012_0014" 4838
"/Engine/EngineMaterials/Substrate/GLints/dict_16_192_64_0p5_0p02_0012_0013" 4839
"/Engine/EngineMaterials/Substrate/GLints/dict_16_192_64_0p5_0p02_0012_0012" 4840
"/Engine/EngineMaterials/Substrate/GLints/dict_16_192_64_0p5_0p02_0012_0011" 4841
"/Engine/EngineMaterials/Substrate/GLints/dict_16_192_64_0p5_0p02_0012_0010" 4842
"/Engine/EngineMaterials/Substrate/GLints/dict_16_192_64_0p5_0p02_0012_0009" 4843
"../../../Engine/Content/EngineMaterials/Substrate/GLints/dict_16_192_64_0p5_0p02_0013_0004.uasset" 4844
"../../../Engine/Content/EngineMaterials/Substrate/GLints/dict_16_192_64_0p5_0p02_0013_0006.uasset" 4845
"../../../Engine/Content/EngineMaterials/Substrate/GLints/dict_16_192_64_0p5_0p02_0013_0002.uasset" 4846
"../../../Engine/Content/EngineMaterials/Substrate/GLints/dict_16_192_64_0p5_0p02_0013_0007.uasset" 4847
"/Engine/EngineMaterials/Substrate/GLints/dict_16_192_64_0p5_0p02_0012_0008" 4848
"../../../Engine/Content/EngineMaterials/Substrate/GLints/dict_16_192_64_0p5_0p02_0013_0005.uasset" 4849
"/Engine/EngineMaterials/Substrate/GLints/dict_16_192_64_0p5_0p02_0012_0007" 4850
"/Engine/EngineMaterials/Substrate/GLints/dict_16_192_64_0p5_0p02_0012_0006" 4851
"/Engine/EngineMaterials/Substrate/GLints/dict_16_192_64_0p5_0p02_0012_0005" 4852
"/Engine/EngineMaterials/Substrate/GLints/dict_16_192_64_0p5_0p02_0012_0004" 4853
"/Engine/EngineMaterials/Substrate/GLints/dict_16_192_64_0p5_0p02_0012_0003" 4854
"/Engine/EngineMaterials/Substrate/GLints/dict_16_192_64_0p5_0p02_0012_0002" 4855
"/Engine/EngineMaterials/Substrate/GLints/dict_16_192_64_0p5_0p02_0012_0001" 4856
"/Engine/EngineMaterials/Substrate/GLints/dict_16_192_64_0p5_0p02_0012_0000" 4857
"../../../Engine/Content/EngineMaterials/Substrate/GLints/dict_16_192_64_0p5_0p02_0013_0003.uasset" 4858
"/Engine/EngineMaterials/Substrate/GLints/dict_16_192_64_0p5_0p02_0011_0015" 4859
"/Engine/EngineMaterials/Substrate/GLints/dict_16_192_64_0p5_0p02_0011_0014" 4860
"/Engine/EngineMaterials/Substrate/GLints/dict_16_192_64_0p5_0p02_0013_0007" 4861
"/Engine/EngineMaterials/Substrate/GLints/dict_16_192_64_0p5_0p02_0013_0006" 4862
"/Engine/EngineMaterials/Substrate/GLints/dict_16_192_64_0p5_0p02_0013_0005" 4863
"/Engine/EngineMaterials/Substrate/GLints/dict_16_192_64_0p5_0p02_0013_0004" 4864
"/Engine/EngineMaterials/Substrate/GLints/dict_16_192_64_0p5_0p02_0013_0003" 4865
"/Engine/EngineMaterials/Substrate/GLints/dict_16_192_64_0p5_0p02_0013_0002" 4866
"../../../Engine/Content/EngineMaterials/Substrate/GLints/dict_16_192_64_0p5_0p02_0013_0010.uasset" 4867
"../../../Engine/Content/EngineMaterials/Substrate/GLints/dict_16_192_64_0p5_0p02_0013_0009.uasset" 4868
"../../../Engine/Content/EngineMaterials/Substrate/GLints/dict_16_192_64_0p5_0p02_0013_0011.uasset" 4869
"../../../Engine/Content/EngineMaterials/Substrate/GLints/dict_16_192_64_0p5_0p02_0013_0012.uasset" 4870
"../../../Engine/Content/EngineMaterials/Substrate/GLints/dict_16_192_64_0p5_0p02_0013_0008.uasset" 4871
"../../../Engine/Content/EngineMaterials/Substrate/GLints/dict_16_192_64_0p5_0p02_0013_0013.uasset" 4872
"../../../Engine/Content/EngineMaterials/Substrate/GLints/dict_16_192_64_0p5_0p02_0013_0014.uasset" 4873
"../../../Engine/Content/EngineMaterials/Substrate/GLints/dict_16_192_64_0p5_0p02_0013_0015.uasset" 4874
"../../../Engine/Content/EngineMaterials/Substrate/GLints/dict_16_192_64_0p5_0p02_0014_0002.uasset" 4875
"../../../Engine/Content/EngineMaterials/Substrate/GLints/dict_16_192_64_0p5_0p02_0014_0005.uasset" 4876
"../../../Engine/Content/EngineMaterials/Substrate/GLints/dict_16_192_64_0p5_0p02_0014_0000.uasset" 4877
"../../../Engine/Content/EngineMaterials/Substrate/GLints/dict_16_192_64_0p5_0p02_0014_0003.uasset" 4878
"../../../Engine/Content/EngineMaterials/Substrate/GLints/dict_16_192_64_0p5_0p02_0014_0001.uasset" 4879
"../../../Engine/Content/EngineMaterials/Substrate/GLints/dict_16_192_64_0p5_0p02_0014_0006.uasset" 4880
"../../../Engine/Content/EngineMaterials/Substrate/GLints/dict_16_192_64_0p5_0p02_0014_0004.uasset" 4881
"../../../Engine/Content/EngineMaterials/Substrate/GLints/dict_16_192_64_0p5_0p02_0014_0007.uasset" 4882
"../../../Engine/Content/EngineMaterials/Substrate/GLints/dict_16_192_64_0p5_0p02_0014_0010.uasset" 4883
"../../../Engine/Content/EngineMaterials/Substrate/GLints/dict_16_192_64_0p5_0p02_0014_0008.uasset" 4884
"../../../Engine/Content/EngineMaterials/Substrate/GLints/dict_16_192_64_0p5_0p02_0014_0009.uasset" 4885
"../../../Engine/Content/EngineMaterials/Substrate/GLints/dict_16_192_64_0p5_0p02_0015_0002.uasset" 4886
"../../../Engine/Content/EngineMaterials/Substrate/GLints/dict_16_192_64_0p5_0p02_0014_0014.uasset" 4887
"../../../Engine/Content/EngineMaterials/Substrate/GLints/dict_16_192_64_0p5_0p02_0014_0011.uasset" 4888
"../../../Engine/Content/EngineMaterials/Substrate/GLints/dict_16_192_64_0p5_0p02_0014_0015.uasset" 4889
"../../../Engine/Content/EngineMaterials/Substrate/GLints/dict_16_192_64_0p5_0p02_0014_0013.uasset" 4890
"../../../Engine/Content/EngineMaterials/Substrate/GLints/dict_16_192_64_0p5_0p02_0014_0012.uasset" 4891
"../../../Engine/Content/EngineMaterials/Substrate/GLints/dict_16_192_64_0p5_0p02_0015_0004.uasset" 4892
"../../../Engine/Content/EngineMaterials/Substrate/GLints/dict_16_192_64_0p5_0p02_0015_0005.uasset" 4893
"../../../Engine/Content/EngineMaterials/Substrate/GLints/dict_16_192_64_0p5_0p02_0015_0001.uasset" 4894
"../../../Engine/Content/EngineMaterials/Substrate/GLints/dict_16_192_64_0p5_0p02_0015_0000.uasset" 4895
"../../../Engine/Content/EngineMaterials/Substrate/GLints/dict_16_192_64_0p5_0p02_0015_0003.uasset" 4896
"/Engine/EngineMaterials/Substrate/GLints/dict_16_192_64_0p5_0p02_0013_0013" 4897
"/Engine/EngineMaterials/Substrate/GLints/dict_16_192_64_0p5_0p02_0013_0012" 4898
"../../../Engine/Content/EngineMaterials/Substrate/GLints/dict_16_192_64_0p5_0p02_0015_0006.uasset" 4899
"../../../Engine/Content/EngineMaterials/Substrate/GLints/dict_16_192_64_0p5_0p02_0015_0007.uasset" 4900
"/Engine/EngineMaterials/Substrate/GLints/dict_16_192_64_0p5_0p02_0013_0011" 4901
"/Engine/EngineMaterials/Substrate/GLints/dict_16_192_64_0p5_0p02_0013_0010" 4902
"/Engine/EngineMaterials/Substrate/GLints/dict_16_192_64_0p5_0p02_0013_0009" 4903
"/Engine/EngineMaterials/Substrate/GLints/dict_16_192_64_0p5_0p02_0013_0008" 4904
"/Engine/EngineMaterials/Substrate/GLints/dict_16_192_64_0p5_0p02_0015_0005" 4905
"/Engine/EngineMaterials/Substrate/GLints/dict_16_192_64_0p5_0p02_0015_0004" 4906
"/Engine/EngineMaterials/Substrate/GLints/dict_16_192_64_0p5_0p02_0015_0003" 4907
"/Engine/EngineMaterials/Substrate/GLints/dict_16_192_64_0p5_0p02_0015_0002" 4908
"/Engine/EngineMaterials/Substrate/GLints/dict_16_192_64_0p5_0p02_0015_0001" 4909
"/Engine/EngineMaterials/Substrate/GLints/dict_16_192_64_0p5_0p02_0015_0000" 4910
"/Engine/EngineMaterials/Substrate/GLints/dict_16_192_64_0p5_0p02_0014_0015" 4911
"/Engine/EngineMaterials/Substrate/GLints/dict_16_192_64_0p5_0p02_0014_0014" 4912
"/Engine/EngineMaterials/Substrate/GLints/dict_16_192_64_0p5_0p02_0014_0013" 4913
"/Engine/EngineMaterials/Substrate/GLints/dict_16_192_64_0p5_0p02_0014_0012" 4914
"/Engine/EngineMaterials/Substrate/GLints/dict_16_192_64_0p5_0p02_0014_0011" 4915
"/Engine/EngineMaterials/Substrate/GLints/dict_16_192_64_0p5_0p02_0014_0010" 4916
"/Engine/EngineMaterials/Substrate/GLints/dict_16_192_64_0p5_0p02_0014_0009" 4917
"/Engine/EngineMaterials/Substrate/GLints/dict_16_192_64_0p5_0p02_0014_0008" 4918
"/Engine/EngineMaterials/Substrate/GLints/dict_16_192_64_0p5_0p02_0014_0007" 4919
"/Engine/EngineMaterials/Substrate/GLints/dict_16_192_64_0p5_0p02_0014_0006" 4920
"/Engine/EngineMaterials/Substrate/GLints/dict_16_192_64_0p5_0p02_0014_0005" 4921
"/Engine/EngineMaterials/Substrate/GLints/dict_16_192_64_0p5_0p02_0014_0004" 4922
"/Engine/EngineMaterials/Substrate/GLints/dict_16_192_64_0p5_0p02_0014_0003" 4923
"/Engine/EngineMaterials/Substrate/GLints/dict_16_192_64_0p5_0p02_0014_0002" 4924
"/Engine/EngineMaterials/Substrate/GLints/dict_16_192_64_0p5_0p02_0014_0001" 4925
"/Engine/EngineMaterials/Substrate/GLints/dict_16_192_64_0p5_0p02_0014_0000" 4926
"/Engine/EngineMaterials/Substrate/GLints/dict_16_192_64_0p5_0p02_0013_0015" 4927
"/Engine/EngineMaterials/Substrate/GLints/dict_16_192_64_0p5_0p02_0013_0014" 4928
"/Engine/EngineMaterials/Substrate/GLints/dict_16_192_64_0p5_0p02_0015_0007" 4929
"/Engine/EngineMaterials/Substrate/GLints/dict_16_192_64_0p5_0p02_0015_0006" 4930
"../../../Engine/Content/EngineMaterials/Substrate/GLints/dict_16_192_64_0p5_0p02_0015_0009.uasset" 4931
"../../../Engine/Content/EngineMaterials/Substrate/GLints/dict_16_192_64_0p5_0p02_0015_0008.uasset" 4932
"../../../Engine/Content/EngineMaterials/Substrate/GLints/dict_16_192_64_0p5_0p02_0015_0010.uasset" 4933
"../../../Engine/Content/EngineMaterials/Substrate/GLints/dict_16_192_64_0p5_0p02_0015_0013.uasset" 4934
"../../../Engine/Content/EngineMaterials/Substrate/GLints/dict_16_192_64_0p5_0p02_0015_0012.uasset" 4935
"../../../Engine/Content/EngineMaterials/Substrate/GLints/dict_16_192_64_0p5_0p02_0015_0011.uasset" 4936
"../../../Engine/Content/EngineMaterials/Substrate/GLints/dict_16_192_64_0p5_0p02_0015_0014.uasset" 4937
"../../../Engine/Content/EngineMaterials/Substrate/GLints/dict_16_192_64_0p5_0p02_0016_0001.uasset" 4938
"../../../Engine/Content/EngineMaterials/Substrate/GLints/dict_16_192_64_0p5_0p02_0016_0004.uasset" 4939
"../../../Engine/Content/EngineMaterials/Substrate/GLints/dict_16_192_64_0p5_0p02_0016_0003.uasset" 4940
"../../../Engine/Content/EngineMaterials/Substrate/GLints/dict_16_192_64_0p5_0p02_0016_0005.uasset" 4941
"../../../Engine/Content/EngineMaterials/Substrate/GLints/dict_16_192_64_0p5_0p02_0016_0000.uasset" 4942
"../../../Engine/Content/EngineMaterials/Substrate/GLints/dict_16_192_64_0p5_0p02_0016_0007.uasset" 4943
"../../../Engine/Content/EngineMaterials/Substrate/GLints/dict_16_192_64_0p5_0p02_0016_0011.uasset" 4944
"../../../Engine/Content/EngineMaterials/Substrate/GLints/dict_16_192_64_0p5_0p02_0016_0010.uasset" 4945
"../../../Engine/Content/EngineMaterials/Substrate/GLints/dict_16_192_64_0p5_0p02_0016_0008.uasset" 4946
"../../../Engine/Content/EngineMaterials/Substrate/GLints/dict_16_192_64_0p5_0p02_0016_0012.uasset" 4947
"../../../Engine/Content/EngineMaterials/Substrate/GLints/dict_16_192_64_0p5_0p02_0016_0006.uasset" 4948
"../../../Engine/Content/EngineMaterials/Substrate/GLints/dict_16_192_64_0p5_0p02_0016_0002.uasset" 4949
"/Engine/EngineMaterials/Substrate/GLints/dict_16_192_64_0p5_0p02_0016_0012" 4950
"/Engine/EngineMaterials/Substrate/GLints/dict_16_192_64_0p5_0p02_0016_0011" 4951
"../../../Engine/Content/EngineMaterials/Substrate/GLints/dict_16_192_64_0p5_0p02_0016_0015.uasset" 4952
"../../../Engine/Content/EngineMaterials/Substrate/GLints/dict_16_192_64_0p5_0p02_0016_0014.uasset" 4953
"../../../Engine/Content/EngineMaterials/Substrate/GLints/dict_16_192_64_0p5_0p02_0016_0013.uasset" 4954
"/Engine/EngineMaterials/Substrate/GLints/dict_16_192_64_0p5_0p02_0016_0010" 4955
"../../../Engine/Content/EngineMaterials/Substrate/GLints/dict_16_192_64_0p5_0p02_0017_0000.uasset" 4956
"/Engine/EngineMaterials/Substrate/GLints/dict_16_192_64_0p5_0p02_0016_0008" 4957
"/Engine/EngineMaterials/Substrate/GLints/dict_16_192_64_0p5_0p02_0016_0007" 4958
"/Engine/EngineMaterials/Substrate/GLints/dict_16_192_64_0p5_0p02_0016_0006" 4959
"/Engine/EngineMaterials/Substrate/GLints/dict_16_192_64_0p5_0p02_0016_0005" 4960
"/Engine/EngineMaterials/Substrate/GLints/dict_16_192_64_0p5_0p02_0016_0004" 4961
"/Engine/EngineMaterials/Substrate/GLints/dict_16_192_64_0p5_0p02_0016_0003" 4962
"/Engine/EngineMaterials/Substrate/GLints/dict_16_192_64_0p5_0p02_0016_0001" 4963
"/Engine/EngineMaterials/Substrate/GLints/dict_16_192_64_0p5_0p02_0016_0000" 4964
"/Engine/EngineMaterials/Substrate/GLints/dict_16_192_64_0p5_0p02_0015_0014" 4965
"../../../Engine/Content/EngineMaterials/Substrate/GLints/dict_16_192_64_0p5_0p02_0015_0015.uasset" 4966
"../../../Engine/Content/EngineMaterials/Substrate/GLints/dict_16_192_64_0p5_0p02_0017_0002.uasset" 4967
"/Engine/EngineMaterials/Substrate/GLints/dict_16_192_64_0p5_0p02_0015_0013" 4968
"../../../Engine/Content/EngineMaterials/Substrate/GLints/dict_16_192_64_0p5_0p02_0017_0003.uasset" 4969
"/Engine/EngineMaterials/Substrate/GLints/dict_16_192_64_0p5_0p02_0015_0012" 4970
"../../../Engine/Content/EngineMaterials/Substrate/GLints/dict_16_192_64_0p5_0p02_0016_0009.uasset" 4971
"../../../Engine/Content/EngineMaterials/Substrate/GLints/dict_16_192_64_0p5_0p02_0017_0001.uasset" 4972
"/Engine/EngineMaterials/Substrate/GLints/dict_16_192_64_0p5_0p02_0015_0011" 4973
"../../../Engine/Content/EngineMaterials/Substrate/GLints/dict_16_192_64_0p5_0p02_0017_0005.uasset" 4974
"/Engine/EngineMaterials/Substrate/GLints/dict_16_192_64_0p5_0p02_0015_0010" 4975
"/Engine/EngineMaterials/Substrate/GLints/dict_16_192_64_0p5_0p02_0015_0009" 4976
"/Engine/EngineMaterials/Substrate/GLints/dict_16_192_64_0p5_0p02_0015_0008" 4977
"/Engine/EngineMaterials/Substrate/GLints/dict_16_192_64_0p5_0p02_0017_0005" 4978
"/Engine/EngineMaterials/Substrate/GLints/dict_16_192_64_0p5_0p02_0017_0003" 4979
"../../../Engine/Content/EngineMaterials/Substrate/GLints/dict_16_192_64_0p5_0p02_0017_0004.uasset" 4980
"/Engine/EngineMaterials/Substrate/GLints/dict_16_192_64_0p5_0p02_0017_0002" 4981
"/Engine/EngineMaterials/Substrate/GLints/dict_16_192_64_0p5_0p02_0017_0001" 4982
"../../../Engine/Content/EngineMaterials/Substrate/GLints/dict_16_192_64_0p5_0p02_0017_0007.uasset" 4983
"/Engine/EngineMaterials/Substrate/GLints/dict_16_192_64_0p5_0p02_0017_0000" 4984
"/Engine/EngineMaterials/Substrate/GLints/dict_16_192_64_0p5_0p02_0016_0015" 4985
"../../../Engine/Content/EngineMaterials/Substrate/GLints/dict_16_192_64_0p5_0p02_0017_0006.uasset" 4986
"/Engine/EngineMaterials/Substrate/GLints/dict_16_192_64_0p5_0p02_0016_0014" 4987
"/Engine/EngineMaterials/Substrate/GLints/dict_16_192_64_0p5_0p02_0016_0013" 4988
"/Engine/EngineMaterials/Substrate/GLints/dict_16_192_64_0p5_0p02_0016_0009" 4989
"/Engine/EngineMaterials/Substrate/GLints/dict_16_192_64_0p5_0p02_0016_0002" 4990
"/Engine/EngineMaterials/Substrate/GLints/dict_16_192_64_0p5_0p02_0015_0015" 4991
"/Engine/EngineMaterials/Substrate/GLints/dict_16_192_64_0p5_0p02_0017_0004" 4992
"/Engine/EngineMaterials/Substrate/GLints/dict_16_192_64_0p5_0p02_0017_0007" 4993
"/Engine/EngineMaterials/Substrate/GLints/dict_16_192_64_0p5_0p02_0017_0006" 4994
"../../../Engine/Content/EngineMaterials/Substrate/GLints/dict_16_192_64_0p5_0p02_0017_0010.uasset" 4995
"../../../Engine/Content/EngineMaterials/Substrate/GLints/dict_16_192_64_0p5_0p02_0017_0009.uasset" 4996
"../../../Engine/Content/EngineMaterials/Substrate/GLints/dict_16_192_64_0p5_0p02_0017_0011.uasset" 4997
"../../../Engine/Content/EngineMaterials/Substrate/GLints/dict_16_192_64_0p5_0p02_0017_0008.uasset" 4998
"../../../Engine/Content/EngineMaterials/Substrate/GLints/dict_16_192_64_0p5_0p02_0017_0012.uasset" 4999
"../../../Engine/Content/EngineMaterials/Substrate/GLints/dict_16_192_64_0p5_0p02_0017_0013.uasset" 5000
"../../../Engine/Content/EngineMaterials/Substrate/GLints/dict_16_192_64_0p5_0p02_0017_0015.uasset" 5001
"../../../Engine/Content/EngineMaterials/Substrate/GLints/dict_16_192_64_0p5_0p02_0018_0000.uasset" 5002
"../../../Engine/Content/EngineMaterials/Substrate/GLints/dict_16_192_64_0p5_0p02_0018_0002.uasset" 5003
"../../../Engine/Content/EngineMaterials/Substrate/GLints/dict_16_192_64_0p5_0p02_0017_0014.uasset" 5004
"../../../Engine/Content/EngineMaterials/Substrate/GLints/dict_16_192_64_0p5_0p02_0018_0003.uasset" 5005
"../../../Engine/Content/EngineMaterials/Substrate/GLints/dict_16_192_64_0p5_0p02_0018_0004.uasset" 5006
"../../../Engine/Content/EngineMaterials/Substrate/GLints/dict_16_192_64_0p5_0p02_0018_0001.uasset" 5007
"/Engine/EngineMaterials/Substrate/GLints/dict_16_192_64_0p5_0p02_0018_0004" 5008
"/Engine/EngineMaterials/Substrate/GLints/dict_16_192_64_0p5_0p02_0018_0003" 5009
"/Engine/EngineMaterials/Substrate/GLints/dict_16_192_64_0p5_0p02_0018_0002" 5010
"/Engine/EngineMaterials/Substrate/GLints/dict_16_192_64_0p5_0p02_0018_0001" 5011
"/Engine/EngineMaterials/Substrate/GLints/dict_16_192_64_0p5_0p02_0018_0000" 5012
"/Engine/EngineMaterials/Substrate/GLints/dict_16_192_64_0p5_0p02_0017_0015" 5013
"/Engine/EngineMaterials/Substrate/GLints/dict_16_192_64_0p5_0p02_0017_0014" 5014
"/Engine/EngineMaterials/Substrate/GLints/dict_16_192_64_0p5_0p02_0017_0013" 5015
"../../../Engine/Content/EngineMaterials/Substrate/GLints/dict_16_192_64_0p5_0p02_0018_0006.uasset" 5016
"../../../Engine/Content/EngineMaterials/Substrate/GLints/dict_16_192_64_0p5_0p02_0018_0007.uasset" 5017
"../../../Engine/Content/EngineMaterials/Substrate/GLints/dict_16_192_64_0p5_0p02_0018_0012.uasset" 5018
"../../../Engine/Content/EngineMaterials/Substrate/GLints/dict_16_192_64_0p5_0p02_0018_0011.uasset" 5019
"/Engine/EngineMaterials/Substrate/GLints/dict_16_192_64_0p5_0p02_0017_0012" 5020
"../../../Engine/Content/EngineMaterials/Substrate/GLints/dict_16_192_64_0p5_0p02_0018_0008.uasset" 5021
"/Engine/EngineMaterials/Substrate/GLints/dict_16_192_64_0p5_0p02_0017_0011" 5022
"/Engine/EngineMaterials/Substrate/GLints/dict_16_192_64_0p5_0p02_0017_0010" 5023
"/Engine/EngineMaterials/Substrate/GLints/dict_16_192_64_0p5_0p02_0017_0009" 5024
"/Engine/EngineMaterials/Substrate/GLints/dict_16_192_64_0p5_0p02_0017_0008" 5025
"../../../Engine/Content/EngineMaterials/Substrate/GLints/dict_16_192_64_0p5_0p02_0018_0005.uasset" 5026
"/Engine/EngineMaterials/Substrate/GLints/dict_16_192_64_0p5_0p02_0018_0008" 5027
"/Engine/EngineMaterials/Substrate/GLints/dict_16_192_64_0p5_0p02_0018_0007" 5028
"/Engine/EngineMaterials/Substrate/GLints/dict_16_192_64_0p5_0p02_0018_0012" 5029
"/Engine/EngineMaterials/Substrate/GLints/dict_16_192_64_0p5_0p02_0018_0006" 5030
"/Engine/EngineMaterials/Substrate/GLints/dict_16_192_64_0p5_0p02_0018_0011" 5031
"/Engine/EngineMaterials/Substrate/GLints/dict_16_192_64_0p5_0p02_0018_0005" 5032
"../../../Engine/Content/EngineMaterials/Substrate/GLints/dict_16_192_64_0p5_0p02_0018_0009.uasset" 5033
"../../../Engine/Content/EngineMaterials/Substrate/GLints/dict_16_192_64_0p5_0p02_0018_0015.uasset" 5034
"../../../Engine/Content/EngineMaterials/Substrate/GLints/dict_16_192_64_0p5_0p02_0018_0014.uasset" 5035
"../../../Engine/Content/EngineMaterials/Substrate/GLints/dict_16_192_64_0p5_0p02_0018_0013.uasset" 5036
"../../../Engine/Content/EngineMaterials/Substrate/GLints/dict_16_192_64_0p5_0p02_0018_0010.uasset" 5037
"../../../Engine/Content/EngineMaterials/Substrate/GLints/dict_16_192_64_0p5_0p02_0019_0001.uasset" 5038
"../../../Engine/Content/EngineMaterials/Substrate/GLints/dict_16_192_64_0p5_0p02_0019_0002.uasset" 5039
"../../../Engine/Content/EngineMaterials/Substrate/GLints/dict_16_192_64_0p5_0p02_0019_0000.uasset" 5040
"../../../Engine/Content/EngineMaterials/Substrate/GLints/dict_16_192_64_0p5_0p02_0019_0003.uasset" 5041
"../../../Engine/Content/EngineMaterials/Substrate/GLints/dict_16_192_64_0p5_0p02_0019_0005.uasset" 5042
"../../../Engine/Content/EngineMaterials/Substrate/GLints/dict_16_192_64_0p5_0p02_0019_0008.uasset" 5043
"../../../Engine/Content/EngineMaterials/Substrate/GLints/dict_16_192_64_0p5_0p02_0019_0006.uasset" 5044
"../../../Engine/Content/EngineMaterials/Substrate/GLints/dict_16_192_64_0p5_0p02_0019_0009.uasset" 5045
"../../../Engine/Content/EngineMaterials/Substrate/GLints/dict_16_192_64_0p5_0p02_0019_0007.uasset" 5046
"../../../Engine/Content/EngineMaterials/Substrate/GLints/dict_16_192_64_0p5_0p02_0019_0004.uasset" 5047
"../../../Engine/Content/EngineMaterials/Substrate/GLints/dict_16_192_64_0p5_0p02_0019_0010.uasset" 5048
"../../../Engine/Content/EngineMaterials/Substrate/GLints/dict_16_192_64_0p5_0p02_0019_0013.uasset" 5049
"../../../Engine/Content/EngineMaterials/Substrate/GLints/dict_16_192_64_0p5_0p02_0019_0012.uasset" 5050
"../../../Engine/Content/EngineMaterials/Substrate/GLints/dict_16_192_64_0p5_0p02_0019_0011.uasset" 5051
"/Engine/EngineMaterials/Substrate/GLints/dict_16_192_64_0p5_0p02_0019_0004" 5052
"../../../Engine/Content/EngineMaterials/Substrate/GLints/dict_16_192_64_0p5_0p02_0020_0002.uasset" 5053
"../../../Engine/Content/EngineMaterials/Substrate/GLints/dict_16_192_64_0p5_0p02_0020_0004.uasset" 5054
"../../../Engine/Content/EngineMaterials/Substrate/GLints/dict_16_192_64_0p5_0p02_0020_0000.uasset" 5055
"../../../Engine/Content/EngineMaterials/Substrate/GLints/dict_16_192_64_0p5_0p02_0020_0005.uasset" 5056
"/Engine/EngineMaterials/Substrate/GLints/dict_16_192_64_0p5_0p02_0019_0007" 5057
"../../../Engine/Content/EngineMaterials/Substrate/GLints/dict_16_192_64_0p5_0p02_0019_0015.uasset" 5058
"../../../Engine/Content/EngineMaterials/Substrate/GLints/dict_16_192_64_0p5_0p02_0019_0014.uasset" 5059
"../../../Engine/Content/EngineMaterials/Substrate/GLints/dict_16_192_64_0p5_0p02_0020_0001.uasset" 5060
"/Engine/EngineMaterials/Substrate/GLints/dict_16_192_64_0p5_0p02_0019_0003" 5061
"/Engine/EngineMaterials/Substrate/GLints/dict_16_192_64_0p5_0p02_0019_0002" 5062
"/Engine/EngineMaterials/Substrate/GLints/dict_16_192_64_0p5_0p02_0019_0001" 5063
"../../../Engine/Content/EngineMaterials/Substrate/GLints/dict_16_192_64_0p5_0p02_0020_0003.uasset" 5064
"../../../Engine/Content/EngineMaterials/Substrate/GLints/dict_16_192_64_0p5_0p02_0020_0006.uasset" 5065
"/Engine/EngineMaterials/Substrate/GLints/dict_16_192_64_0p5_0p02_0019_0000" 5066
"/Engine/EngineMaterials/Substrate/GLints/dict_16_192_64_0p5_0p02_0019_0006" 5067
"/Engine/EngineMaterials/Substrate/GLints/dict_16_192_64_0p5_0p02_0019_0005" 5068
"/Engine/EngineMaterials/Substrate/GLints/dict_16_192_64_0p5_0p02_0018_0015" 5069
"../../../Engine/Content/EngineMaterials/Substrate/GLints/dict_16_192_64_0p5_0p02_0020_0007.uasset" 5070
"/Engine/EngineMaterials/Substrate/GLints/dict_16_192_64_0p5_0p02_0018_0014" 5071
"/Engine/EngineMaterials/Substrate/GLints/dict_16_192_64_0p5_0p02_0018_0013" 5072
"/Engine/EngineMaterials/Substrate/GLints/dict_16_192_64_0p5_0p02_0018_0009" 5073
"/Engine/EngineMaterials/Substrate/GLints/dict_16_192_64_0p5_0p02_0018_0010" 5074
"/Engine/EngineMaterials/Substrate/GLints/dict_16_192_64_0p5_0p02_0019_0013" 5075
"../../../Engine/Content/EngineMaterials/Substrate/GLints/dict_16_192_64_0p5_0p02_0020_0008.uasset" 5076
"/Engine/EngineMaterials/Substrate/GLints/dict_16_192_64_0p5_0p02_0019_0012" 5077
"../../../Engine/Content/EngineMaterials/Substrate/GLints/dict_16_192_64_0p5_0p02_0020_0010.uasset" 5078
"../../../Engine/Content/EngineMaterials/Substrate/GLints/dict_16_192_64_0p5_0p02_0020_0009.uasset" 5079
"/Engine/EngineMaterials/Substrate/GLints/dict_16_192_64_0p5_0p02_0019_0011" 5080
"/Engine/EngineMaterials/Substrate/GLints/dict_16_192_64_0p5_0p02_0019_0010" 5081
"/Engine/EngineMaterials/Substrate/GLints/dict_16_192_64_0p5_0p02_0019_0009" 5082
"/Engine/EngineMaterials/Substrate/GLints/dict_16_192_64_0p5_0p02_0019_0008" 5083
"/Engine/EngineMaterials/Substrate/GLints/dict_16_192_64_0p5_0p02_0020_0009" 5084
"/Engine/EngineMaterials/Substrate/GLints/dict_16_192_64_0p5_0p02_0020_0008" 5085
"/Engine/EngineMaterials/Substrate/GLints/dict_16_192_64_0p5_0p02_0020_0007" 5086
"/Engine/EngineMaterials/Substrate/GLints/dict_16_192_64_0p5_0p02_0020_0006" 5087
"/Engine/EngineMaterials/Substrate/GLints/dict_16_192_64_0p5_0p02_0020_0010" 5088
"/Engine/EngineMaterials/Substrate/GLints/dict_16_192_64_0p5_0p02_0020_0004" 5089
"/Engine/EngineMaterials/Substrate/GLints/dict_16_192_64_0p5_0p02_0020_0003" 5090
"/Engine/EngineMaterials/Substrate/GLints/dict_16_192_64_0p5_0p02_0020_0002" 5091
"/Engine/EngineMaterials/Substrate/GLints/dict_16_192_64_0p5_0p02_0020_0001" 5092
"/Engine/EngineMaterials/Substrate/GLints/dict_16_192_64_0p5_0p02_0020_0005" 5093
"/Engine/EngineMaterials/Substrate/GLints/dict_16_192_64_0p5_0p02_0020_0000" 5094
"/Engine/EngineMaterials/Substrate/GLints/dict_16_192_64_0p5_0p02_0019_0015" 5095
"/Engine/EngineMaterials/Substrate/GLints/dict_16_192_64_0p5_0p02_0019_0014" 5096
"../../../Engine/Content/EngineMaterials/Substrate/GLints/dict_16_192_64_0p5_0p02_0020_0011.uasset" 5097
"../../../Engine/Content/EngineMaterials/Substrate/GLints/dict_16_192_64_0p5_0p02_0020_0013.uasset" 5098
"../../../Engine/Content/EngineMaterials/Substrate/GLints/dict_16_192_64_0p5_0p02_0021_0000.uasset" 5099
"../../../Engine/Content/EngineMaterials/Substrate/GLints/dict_16_192_64_0p5_0p02_0020_0015.uasset" 5100
"../../../Engine/Content/EngineMaterials/Substrate/GLints/dict_16_192_64_0p5_0p02_0020_0012.uasset" 5101
"../../../Engine/Content/EngineMaterials/Substrate/GLints/dict_16_192_64_0p5_0p02_0021_0003.uasset" 5102
"../../../Engine/Content/EngineMaterials/Substrate/GLints/dict_16_192_64_0p5_0p02_0021_0001.uasset" 5103
"../../../Engine/Content/EngineMaterials/Substrate/GLints/dict_16_192_64_0p5_0p02_0020_0014.uasset" 5104
"../../../Engine/Content/EngineMaterials/Substrate/GLints/dict_16_192_64_0p5_0p02_0021_0005.uasset" 5105
"../../../Engine/Content/EngineMaterials/Substrate/GLints/dict_16_192_64_0p5_0p02_0021_0004.uasset" 5106
"../../../Engine/Content/EngineMaterials/Substrate/GLints/dict_16_192_64_0p5_0p02_0021_0012.uasset" 5107
"../../../Engine/Content/EngineMaterials/Substrate/GLints/dict_16_192_64_0p5_0p02_0021_0010.uasset" 5108
"../../../Engine/Content/EngineMaterials/Substrate/GLints/dict_16_192_64_0p5_0p02_0021_0008.uasset" 5109
"../../../Engine/Content/EngineMaterials/Substrate/GLints/dict_16_192_64_0p5_0p02_0021_0011.uasset" 5110
"../../../Engine/Content/EngineMaterials/Substrate/GLints/dict_16_192_64_0p5_0p02_0021_0006.uasset" 5111
"../../../Engine/Content/EngineMaterials/Substrate/GLints/dict_16_192_64_0p5_0p02_0021_0009.uasset" 5112
"../../../Engine/Content/EngineMaterials/Substrate/GLints/dict_16_192_64_0p5_0p02_0021_0007.uasset" 5113
"../../../Engine/Content/EngineMaterials/Substrate/GLints/dict_16_192_64_0p5_0p02_0021_0013.uasset" 5114
"../../../Engine/Content/EngineMaterials/Substrate/GLints/dict_16_192_64_0p5_0p02_0021_0014.uasset" 5115
"../../../Engine/Content/EngineMaterials/Substrate/GLints/dict_16_192_64_0p5_0p02_0021_0015.uasset" 5116
"../../../Engine/Content/EngineMaterials/Substrate/GLints/dict_16_192_64_0p5_0p02_0022_0001.uasset" 5117
"../../../Engine/Content/EngineMaterials/Substrate/GLints/dict_16_192_64_0p5_0p02_0022_0004.uasset" 5118
"../../../Engine/Content/EngineMaterials/Substrate/GLints/dict_16_192_64_0p5_0p02_0022_0002.uasset" 5119
"../../../Engine/Content/EngineMaterials/Substrate/GLints/dict_16_192_64_0p5_0p02_0022_0005.uasset" 5120
"../../../Engine/Content/EngineMaterials/Substrate/GLints/dict_16_192_64_0p5_0p02_0022_0000.uasset" 5121
"../../../Engine/Content/EngineMaterials/Substrate/GLints/dict_16_192_64_0p5_0p02_0022_0006.uasset" 5122
"../../../Engine/Content/EngineMaterials/Substrate/GLints/dict_16_192_64_0p5_0p02_0022_0003.uasset" 5123
"../../../Engine/Content/EngineMaterials/Substrate/GLints/dict_16_192_64_0p5_0p02_0022_0009.uasset" 5124
"../../../Engine/Content/EngineMaterials/Substrate/GLints/dict_16_192_64_0p5_0p02_0022_0008.uasset" 5125
"../../../Engine/Content/EngineMaterials/Substrate/GLints/dict_16_192_64_0p5_0p02_0022_0007.uasset" 5126
"../../../Engine/Content/EngineMaterials/Substrate/GLints/dict_16_192_64_0p5_0p02_0022_0010.uasset" 5127
"../../../Engine/Content/EngineMaterials/Substrate/GLints/dict_16_192_64_0p5_0p02_0021_0002.uasset" 5128
"/Engine/EngineMaterials/Substrate/GLints/dict_16_192_64_0p5_0p02_0021_0013" 5129
"/Engine/EngineMaterials/Substrate/GLints/dict_16_192_64_0p5_0p02_0021_0012" 5130
"/Engine/EngineMaterials/Substrate/GLints/dict_16_192_64_0p5_0p02_0021_0011" 5131
"/Engine/EngineMaterials/Substrate/GLints/dict_16_192_64_0p5_0p02_0021_0010" 5132
"/Engine/EngineMaterials/Substrate/GLints/dict_16_192_64_0p5_0p02_0021_0009" 5133
"/Engine/EngineMaterials/Substrate/GLints/dict_16_192_64_0p5_0p02_0021_0008" 5134
"/Engine/EngineMaterials/Substrate/GLints/dict_16_192_64_0p5_0p02_0021_0007" 5135
"/Engine/EngineMaterials/Substrate/GLints/dict_16_192_64_0p5_0p02_0021_0006" 5136
"/Engine/EngineMaterials/Substrate/GLints/dict_16_192_64_0p5_0p02_0021_0005" 5137
"/Engine/EngineMaterials/Substrate/GLints/dict_16_192_64_0p5_0p02_0021_0004" 5138
"/Engine/EngineMaterials/Substrate/GLints/dict_16_192_64_0p5_0p02_0021_0003" 5139
"/Engine/EngineMaterials/Substrate/GLints/dict_16_192_64_0p5_0p02_0021_0002" 5140
"/Engine/EngineMaterials/Substrate/GLints/dict_16_192_64_0p5_0p02_0022_0010" 5141
"/Engine/EngineMaterials/Substrate/GLints/dict_16_192_64_0p5_0p02_0022_0009" 5142
"/Engine/EngineMaterials/Substrate/GLints/dict_16_192_64_0p5_0p02_0022_0008" 5143
"/Engine/EngineMaterials/Substrate/GLints/dict_16_192_64_0p5_0p02_0022_0007" 5144
"/Engine/EngineMaterials/Substrate/GLints/dict_16_192_64_0p5_0p02_0022_0006" 5145
"/Engine/EngineMaterials/Substrate/GLints/dict_16_192_64_0p5_0p02_0022_0005" 5146
"/Engine/EngineMaterials/Substrate/GLints/dict_16_192_64_0p5_0p02_0022_0004" 5147
"/Engine/EngineMaterials/Substrate/GLints/dict_16_192_64_0p5_0p02_0022_0003" 5148
"/Engine/EngineMaterials/Substrate/GLints/dict_16_192_64_0p5_0p02_0022_0002" 5149
"/Engine/EngineMaterials/Substrate/GLints/dict_16_192_64_0p5_0p02_0022_0001" 5150
"/Engine/EngineMaterials/Substrate/GLints/dict_16_192_64_0p5_0p02_0022_0000" 5151
"/Engine/EngineMaterials/Substrate/GLints/dict_16_192_64_0p5_0p02_0021_0015" 5152
"/Engine/EngineMaterials/Substrate/GLints/dict_16_192_64_0p5_0p02_0021_0001" 5153
"/Engine/EngineMaterials/Substrate/GLints/dict_16_192_64_0p5_0p02_0021_0014" 5154
"/Engine/EngineMaterials/Substrate/GLints/dict_16_192_64_0p5_0p02_0021_0000" 5155
"/Engine/EngineMaterials/Substrate/GLints/dict_16_192_64_0p5_0p02_0020_0015" 5156
"/Engine/EngineMaterials/Substrate/GLints/dict_16_192_64_0p5_0p02_0020_0014" 5157
"/Engine/EngineMaterials/Substrate/GLints/dict_16_192_64_0p5_0p02_0020_0013" 5158
"/Engine/EngineMaterials/Substrate/GLints/dict_16_192_64_0p5_0p02_0020_0012" 5159
"/Engine/EngineMaterials/Substrate/GLints/dict_16_192_64_0p5_0p02_0020_0011" 5160
"../../../Engine/Content/EngineMaterials/Substrate/GLints/dict_16_192_64_0p5_0p02_0022_0012.uasset" 5161
"../../../Engine/Content/EngineMaterials/Substrate/GLints/dict_16_192_64_0p5_0p02_0022_0011.uasset" 5162
"/Engine/EngineMaterials/Substrate/GLints/dict_16_192_64_0p5_0p02_0022_0012" 5163
"../../../Engine/Content/EngineMaterials/Substrate/GLints/dict_16_192_64_0p5_0p02_0022_0014.uasset" 5164
"../../../Engine/Content/EngineMaterials/Substrate/GLints/dict_16_192_64_0p5_0p02_0022_0013.uasset" 5165
"/Engine/EngineMaterials/Substrate/GLints/dict_16_192_64_0p5_0p02_0022_0011" 5166
"/Engine/EngineMaterials/Substrate/GLints/dict_16_192_64_0p5_0p02_0022_0014" 5167
"/Engine/EngineMaterials/Substrate/GLints/dict_16_192_64_0p5_0p02_0022_0013" 5168
"../../../Engine/Content/EngineMaterials/Substrate/GLints/dict_16_192_64_0p5_0p02_0022_0015.uasset" 5169
"../../../Engine/Content/EngineMaterials/Substrate/GLints/dict_16_192_64_0p5_0p02_0023_0000.uasset" 5170
"../../../Engine/Content/EngineMaterials/Substrate/GLints/dict_16_192_64_0p5_0p02_0023_0002.uasset" 5171
"../../../Engine/Content/EngineMaterials/Substrate/GLints/dict_16_192_64_0p5_0p02_0023_0001.uasset" 5172
"../../../Engine/Content/EngineMaterials/Substrate/GLints/dict_16_192_64_0p5_0p02_0023_0003.uasset" 5173
"../../../Engine/Content/EngineMaterials/Substrate/GLints/dict_16_192_64_0p5_0p02_0023_0004.uasset" 5174
"../../../Engine/Content/EngineMaterials/Substrate/GLints/dict_16_192_64_0p5_0p02_0023_0005.uasset" 5175
"../../../Engine/Content/EngineMaterials/Substrate/GLints/dict_16_192_64_0p5_0p02_0023_0006.uasset" 5176
"../../../Engine/Content/EngineMaterials/Substrate/GLints/dict_16_192_64_0p5_0p02_0023_0007.uasset" 5177
"/Engine/EngineMaterials/Substrate/GLints/dict_16_192_64_0p5_0p02_0023_0007" 5178
"/Engine/EngineMaterials/Substrate/GLints/dict_16_192_64_0p5_0p02_0023_0006" 5179
"../../../Engine/Content/EngineMaterials/Substrate/GLints/dict_16_192_64_0p5_0p02_0023_0011.uasset" 5180
"../../../Engine/Content/EngineMaterials/Substrate/GLints/dict_16_192_64_0p5_0p02_0023_0010.uasset" 5181
"/Engine/EngineMaterials/Substrate/GLints/dict_16_192_64_0p5_0p02_0023_0005" 5182
"/Engine/EngineMaterials/Substrate/GLints/dict_16_192_64_0p5_0p02_0023_0004" 5183
"../../../Engine/Content/EngineMaterials/Substrate/GLints/dict_16_192_64_0p5_0p02_0023_0008.uasset" 5184
"/Engine/EngineMaterials/Substrate/GLints/dict_16_192_64_0p5_0p02_0023_0003" 5185
"../../../Engine/Content/EngineMaterials/Substrate/GLints/dict_16_192_64_0p5_0p02_0023_0009.uasset" 5186
"/Engine/EngineMaterials/Substrate/GLints/dict_16_192_64_0p5_0p02_0023_0002" 5187
"../../../Engine/Content/EngineMaterials/Substrate/GLints/dict_16_192_64_0p5_0p02_0023_0012.uasset" 5188
"/Engine/EngineMaterials/Substrate/GLints/dict_16_192_64_0p5_0p02_0023_0001" 5189
"/Engine/EngineMaterials/Substrate/GLints/dict_16_192_64_0p5_0p02_0023_0000" 5190
"/Engine/EngineMaterials/Substrate/GLints/dict_16_192_64_0p5_0p02_0022_0015" 5191
"../../../Engine/Content/EngineMaterials/Substrate/GLints/dict_16_192_64_0p5_0p02_0023_0013.uasset" 5192
"../../../Engine/Content/EngineMaterials/Substrate/GLints/dict_16_192_64_0p5_0p02_0023_0015.uasset" 5193
"/Engine/EngineMaterials/Substrate/GLints/dict_16_192_64_0p5_0p02_0023_0012" 5194
"../../../Engine/Content/EngineMaterials/Substrate/GLints/dict_16_192_64_0p5_0p02_0023_0014.uasset" 5195
"/Engine/EngineMaterials/Substrate/GLints/dict_16_192_64_0p5_0p02_0023_0011" 5196
"/Engine/EngineMaterials/Substrate/GLints/dict_16_192_64_0p5_0p02_0023_0010" 5197
"/Engine/EngineMaterials/Substrate/GLints/dict_16_192_64_0p5_0p02_0023_0009" 5198
"/Engine/EngineMaterials/Substrate/GLints/dict_16_192_64_0p5_0p02_0023_0008" 5199
"/Engine/EngineMaterials/Substrate/GLints/dict_16_192_64_0p5_0p02_0023_0015" 5200
"/Engine/EngineMaterials/Substrate/GLints/dict_16_192_64_0p5_0p02_0023_0013" 5201
"../../../Engine/Content/EngineMaterials/Substrate/GLints/dict_16_192_64_0p5_0p02_0024_0000.uasset" 5202
"../../../Engine/Content/EngineMaterials/Substrate/GLints/dict_16_192_64_0p5_0p02_0024_0002.uasset" 5203
"../../../Engine/Content/EngineMaterials/Substrate/GLints/dict_16_192_64_0p5_0p02_0024_0003.uasset" 5204
"../../../Engine/Content/EngineMaterials/Substrate/GLints/dict_16_192_64_0p5_0p02_0024_0007.uasset" 5205
"../../../Engine/Content/EngineMaterials/Substrate/GLints/dict_16_192_64_0p5_0p02_0024_0006.uasset" 5206
"../../../Engine/Content/EngineMaterials/Substrate/GLints/dict_16_192_64_0p5_0p02_0024_0004.uasset" 5207
"../../../Engine/Content/EngineMaterials/Substrate/GLints/dict_16_192_64_0p5_0p02_0024_0001.uasset" 5208
"../../../Engine/Content/EngineMaterials/Substrate/GLints/dict_16_192_64_0p5_0p02_0024_0008.uasset" 5209
"../../../Engine/Content/EngineMaterials/Substrate/GLints/dict_16_192_64_0p5_0p02_0024_0010.uasset" 5210
"../../../Engine/Content/EngineMaterials/Substrate/GLints/dict_16_192_64_0p5_0p02_0024_0009.uasset" 5211
"../../../Engine/Content/EngineMaterials/Substrate/GLints/dict_16_192_64_0p5_0p02_0024_0005.uasset" 5212
"../../../Engine/Content/EngineMaterials/Substrate/GLints/dict_16_192_64_0p5_0p02_0024_0011.uasset" 5213
"../../../Engine/Content/EngineMaterials/Substrate/GLints/dict_16_192_64_0p5_0p02_0024_0014.uasset" 5214
"../../../Engine/Content/EngineMaterials/Substrate/GLints/dict_16_192_64_0p5_0p02_0024_0012.uasset" 5215
"../../../Engine/Content/EngineMaterials/Substrate/GLints/dict_16_192_64_0p5_0p02_0024_0013.uasset" 5216
"../../../Engine/Content/EngineMaterials/Substrate/GLints/dict_16_192_64_0p5_0p02_0025_0000.uasset" 5217
"../../../Engine/Content/EngineMaterials/Substrate/GLints/dict_16_192_64_0p5_0p02_0025_0003.uasset" 5218
"../../../Engine/Content/EngineMaterials/Substrate/GLints/dict_16_192_64_0p5_0p02_0025_0004.uasset" 5219
"../../../Engine/Content/EngineMaterials/Substrate/GLints/dict_16_192_64_0p5_0p02_0025_0001.uasset" 5220
"../../../Engine/Content/EngineMaterials/Substrate/GLints/dict_16_192_64_0p5_0p02_0025_0002.uasset" 5221
"../../../Engine/Content/EngineMaterials/Substrate/GLints/dict_16_192_64_0p5_0p02_0024_0015.uasset" 5222
"/Engine/EngineMaterials/Substrate/GLints/dict_16_192_64_0p5_0p02_0024_0010" 5223
"../../../Engine/Content/EngineMaterials/Substrate/GLints/dict_16_192_64_0p5_0p02_0025_0005.uasset" 5224
"../../../Engine/Content/EngineMaterials/Substrate/GLints/dict_16_192_64_0p5_0p02_0025_0012.uasset" 5225
"../../../Engine/Content/EngineMaterials/Substrate/GLints/dict_16_192_64_0p5_0p02_0025_0011.uasset" 5226
"../../../Engine/Content/EngineMaterials/Substrate/GLints/dict_16_192_64_0p5_0p02_0025_0007.uasset" 5227
"../../../Engine/Content/EngineMaterials/Substrate/GLints/dict_16_192_64_0p5_0p02_0025_0014.uasset" 5228
"../../../Engine/Content/EngineMaterials/Substrate/GLints/dict_16_192_64_0p5_0p02_0025_0009.uasset" 5229
"../../../Engine/Content/EngineMaterials/Substrate/GLints/dict_16_192_64_0p5_0p02_0025_0006.uasset" 5230
"/Engine/EngineMaterials/Substrate/GLints/dict_16_192_64_0p5_0p02_0024_0009" 5231
"../../../Engine/Content/EngineMaterials/Substrate/GLints/dict_16_192_64_0p5_0p02_0025_0008.uasset" 5232
"../../../Engine/Content/EngineMaterials/Substrate/GLints/dict_16_192_64_0p5_0p02_0025_0010.uasset" 5233
"/Engine/EngineMaterials/Substrate/GLints/dict_16_192_64_0p5_0p02_0024_0008" 5234
"../../../Engine/Content/EngineMaterials/Substrate/GLints/dict_16_192_64_0p5_0p02_0025_0013.uasset" 5235
"/Engine/EngineMaterials/Substrate/GLints/dict_16_192_64_0p5_0p02_0024_0007" 5236
"/Engine/EngineMaterials/Substrate/GLints/dict_16_192_64_0p5_0p02_0024_0006" 5237
"/Engine/EngineMaterials/Substrate/GLints/dict_16_192_64_0p5_0p02_0024_0005" 5238
"/Engine/EngineMaterials/Substrate/GLints/dict_16_192_64_0p5_0p02_0024_0004" 5239
"/Engine/EngineMaterials/Substrate/GLints/dict_16_192_64_0p5_0p02_0024_0003" 5240
"/Engine/EngineMaterials/Substrate/GLints/dict_16_192_64_0p5_0p02_0024_0002" 5241
"/Engine/EngineMaterials/Substrate/GLints/dict_16_192_64_0p5_0p02_0024_0001" 5242
"/Engine/EngineMaterials/Substrate/GLints/dict_16_192_64_0p5_0p02_0024_0000" 5243
"/Engine/EngineMaterials/Substrate/GLints/dict_16_192_64_0p5_0p02_0023_0014" 5244
"/Engine/EngineMaterials/Substrate/GLints/dict_16_192_64_0p5_0p02_0025_0004" 5245
"/Engine/EngineMaterials/Substrate/GLints/dict_16_192_64_0p5_0p02_0025_0003" 5246
"/Engine/EngineMaterials/Substrate/GLints/dict_16_192_64_0p5_0p02_0025_0002" 5247
"/Engine/EngineMaterials/Substrate/GLints/dict_16_192_64_0p5_0p02_0025_0001" 5248
"C:/Users/EnekoMartinGomez/Desktop/Proyecto III/Casita/Casita/DerivedDataCache/VT/TEXTURE_7C16439390E24F1F9468894FB4D4BC55_VTCHUNK44B429B40BB45A070EB17C1259C28734996A2F49" 5249
"/Engine/EngineMaterials/Substrate/GLints/dict_16_192_64_0p5_0p02_0025_0000" 5250
"/Engine/EngineMaterials/Substrate/GLints/dict_16_192_64_0p5_0p02_0024_0014" 5251
"/Engine/EngineMaterials/Substrate/GLints/dict_16_192_64_0p5_0p02_0024_0013" 5252
"/Engine/EngineMaterials/Substrate/GLints/dict_16_192_64_0p5_0p02_0024_0012" 5253
"/Engine/EngineMaterials/Substrate/GLints/dict_16_192_64_0p5_0p02_0024_0011" 5254
"/Engine/EngineMaterials/Substrate/GLints/dict_16_192_64_0p5_0p02_0025_0014" 5255
"/Engine/EngineMaterials/Substrate/GLints/dict_16_192_64_0p5_0p02_0025_0013" 5256
"/Engine/EngineMaterials/Substrate/GLints/dict_16_192_64_0p5_0p02_0025_0012" 5257
"/Engine/EngineMaterials/Substrate/GLints/dict_16_192_64_0p5_0p02_0025_0011" 5258
"/Engine/EngineMaterials/Substrate/GLints/dict_16_192_64_0p5_0p02_0025_0010" 5259
"/Engine/EngineMaterials/Substrate/GLints/dict_16_192_64_0p5_0p02_0025_0009" 5260
"/Engine/EngineMaterials/Substrate/GLints/dict_16_192_64_0p5_0p02_0025_0008" 5261
"C:/Users/EnekoMartinGomez/Desktop/Proyecto III/Casita/Casita/DerivedDataCache/VT/TEXTURE_7C16439390E24F1F9468894FB4D4BC55_VTCHUNK2A5F9F60441DA258D18B46D59C64D5BAD50E8EE3" 5262
"/Engine/EngineMaterials/Substrate/GLints/dict_16_192_64_0p5_0p02_0025_0007" 5263
"/Engine/EngineMaterials/Substrate/GLints/dict_16_192_64_0p5_0p02_0025_0006" 5264
"/Engine/EngineMaterials/Substrate/GLints/dict_16_192_64_0p5_0p02_0025_0005" 5265
"/Engine/EngineMaterials/Substrate/GLints/dict_16_192_64_0p5_0p02_0024_0015" 5266
"../../../Engine/Content/EngineMaterials/Substrate/GLints/dict_16_192_64_0p5_0p02_0026_0005.uasset" 5267
"../../../Engine/Content/EngineMaterials/Substrate/GLints/dict_16_192_64_0p5_0p02_0026_0006.uasset" 5268
"../../../Engine/Content/EngineMaterials/Substrate/GLints/dict_16_192_64_0p5_0p02_0025_0015.uasset" 5269
"../../../Engine/Content/EngineMaterials/Substrate/GLints/dict_16_192_64_0p5_0p02_0026_0003.uasset" 5270
"../../../Engine/Content/EngineMaterials/Substrate/GLints/dict_16_192_64_0p5_0p02_0026_0001.uasset" 5271
"../../../Engine/Content/EngineMaterials/Substrate/GLints/dict_16_192_64_0p5_0p02_0026_0002.uasset" 5272
"C:/Users/EnekoMartinGomez/Desktop/Proyecto III/Casita/Casita/DerivedDataCache/VT/TEXTURE_7C16439390E24F1F9468894FB4D4BC55_VTCHUNKC0393DE8C5B4673D99D1BECB92AA8C1F72FEB491" 5273
"../../../Engine/Content/EngineMaterials/Substrate/GLints/dict_16_192_64_0p5_0p02_0026_0007.uasset" 5274
"../../../Engine/Content/EngineMaterials/Substrate/GLints/dict_16_192_64_0p5_0p02_0026_0004.uasset" 5275
"../../../Engine/Content/EngineMaterials/Substrate/GLints/dict_16_192_64_0p5_0p02_0026_0000.uasset" 5276
"../../../Engine/Content/EngineMaterials/Substrate/GLints/dict_16_192_64_0p5_0p02_0026_0010.uasset" 5277
"../../../Engine/Content/EngineMaterials/Substrate/GLints/dict_16_192_64_0p5_0p02_0026_0012.uasset" 5278
"../../../Engine/Content/EngineMaterials/Substrate/GLints/dict_16_192_64_0p5_0p02_0026_0008.uasset" 5279
"../../../Engine/Content/EngineMaterials/Substrate/GLints/dict_16_192_64_0p5_0p02_0026_0009.uasset" 5280
"../../../Engine/Content/EngineMaterials/Substrate/GLints/dict_16_192_64_0p5_0p02_0026_0013.uasset" 5281
"C:/Users/EnekoMartinGomez/Desktop/Proyecto III/Casita/Casita/DerivedDataCache/VT/TEXTURE_7C16439390E24F1F9468894FB4D4BC55_VTCHUNK02D4C3BCAD7DFA48AB32B8281FB06B8B83DB6275" 5282
"../../../Engine/Content/EngineMaterials/Substrate/GLints/dict_16_192_64_0p5_0p02_0026_0014.uasset" 5283
"../../../Engine/Content/EngineMaterials/Substrate/GLints/dict_16_192_64_0p5_0p02_0026_0015.uasset" 5284
"../../../Engine/Content/EngineMaterials/Substrate/GLints/dict_16_192_64_0p5_0p02_0026_0011.uasset" 5285
"../../../Engine/Content/EngineMaterials/Substrate/GLints/dict_16_192_64_0p5_0p02_0027_0000.uasset" 5286
"../../../Engine/Content/EngineMaterials/Substrate/GLints/dict_16_192_64_0p5_0p02_0027_0001.uasset" 5287
"../../../Engine/Content/EngineMaterials/Substrate/GLints/dict_16_192_64_0p5_0p02_0027_0002.uasset" 5288
"../../../Engine/Content/EngineMaterials/Substrate/GLints/dict_16_192_64_0p5_0p02_0027_0003.uasset" 5289
"../../../Engine/Content/EngineMaterials/Substrate/GLints/dict_16_192_64_0p5_0p02_0027_0005.uasset" 5290
"../../../Engine/Content/EngineMaterials/Substrate/GLints/dict_16_192_64_0p5_0p02_0027_0006.uasset" 5291
"../../../Engine/Content/EngineMaterials/Substrate/GLints/dict_16_192_64_0p5_0p02_0027_0007.uasset" 5292
"../../../Engine/Content/EngineMaterials/Substrate/GLints/dict_16_192_64_0p5_0p02_0027_0004.uasset" 5293
"../../../Engine/Content/EngineMaterials/Substrate/GLints/dict_16_192_64_0p5_0p02_0027_0008.uasset" 5294
"../../../Engine/Content/EngineMaterials/Substrate/GLints/dict_16_192_64_0p5_0p02_0027_0011.uasset" 5295
"../../../Engine/Content/EngineMaterials/Substrate/GLints/dict_16_192_64_0p5_0p02_0027_0009.uasset" 5296
"../../../Engine/Content/EngineMaterials/Substrate/GLints/dict_16_192_64_0p5_0p02_0027_0010.uasset" 5297
"../../../Engine/Content/EngineMaterials/Substrate/GLints/dict_16_192_64_0p5_0p02_0027_0014.uasset" 5298
"../../../Engine/Content/EngineMaterials/Substrate/GLints/dict_16_192_64_0p5_0p02_0027_0013.uasset" 5299
"../../../Engine/Content/EngineMaterials/Substrate/GLints/dict_16_192_64_0p5_0p02_0027_0012.uasset" 5300
"C:/Users/EnekoMartinGomez/Desktop/Proyecto III/Casita/Casita/DerivedDataCache/VT/TEXTURE_7C16439390E24F1F9468894FB4D4BC55_VTCHUNK967C747FFC357A828288FA05D93CD5DCECDA891B" 5301
"/Engine/EngineMaterials/Substrate/GLints/dict_16_192_64_0p5_0p02_0027_0003" 5302
"/Engine/EngineMaterials/Substrate/GLints/dict_16_192_64_0p5_0p02_0027_0002" 5303
"/Engine/EngineMaterials/Substrate/GLints/dict_16_192_64_0p5_0p02_0027_0001" 5304
"/Engine/EngineMaterials/Substrate/GLints/dict_16_192_64_0p5_0p02_0027_0000" 5305
"/Engine/EngineMaterials/Substrate/GLints/dict_16_192_64_0p5_0p02_0026_0015" 5306
"/Engine/EngineMaterials/Substrate/GLints/dict_16_192_64_0p5_0p02_0026_0014" 5307
"/Engine/EngineMaterials/Substrate/GLints/dict_16_192_64_0p5_0p02_0026_0013" 5308
"/Engine/EngineMaterials/Substrate/GLints/dict_16_192_64_0p5_0p02_0026_0012" 5309
"/Engine/EngineMaterials/Substrate/GLints/dict_16_192_64_0p5_0p02_0026_0011" 5310
"/Engine/EngineMaterials/Substrate/GLints/dict_16_192_64_0p5_0p02_0026_0010" 5311
"/Engine/EngineMaterials/Substrate/GLints/dict_16_192_64_0p5_0p02_0026_0009" 5312
"/Engine/EngineMaterials/Substrate/GLints/dict_16_192_64_0p5_0p02_0027_0014" 5313
"/Engine/EngineMaterials/Substrate/GLints/dict_16_192_64_0p5_0p02_0026_0008" 5314
"/Engine/EngineMaterials/Substrate/GLints/dict_16_192_64_0p5_0p02_0027_0013" 5315
"/Engine/EngineMaterials/Substrate/GLints/dict_16_192_64_0p5_0p02_0027_0012" 5316
"/Engine/EngineMaterials/Substrate/GLints/dict_16_192_64_0p5_0p02_0027_0011" 5317
"/Engine/EngineMaterials/Substrate/GLints/dict_16_192_64_0p5_0p02_0027_0010" 5318
"/Engine/EngineMaterials/Substrate/GLints/dict_16_192_64_0p5_0p02_0027_0009" 5319
"/Engine/EngineMaterials/Substrate/GLints/dict_16_192_64_0p5_0p02_0027_0008" 5320
"/Engine/EngineMaterials/Substrate/GLints/dict_16_192_64_0p5_0p02_0027_0007" 5321
"/Engine/EngineMaterials/Substrate/GLints/dict_16_192_64_0p5_0p02_0027_0006" 5322
"/Engine/EngineMaterials/Substrate/GLints/dict_16_192_64_0p5_0p02_0027_0005" 5323
"/Engine/EngineMaterials/Substrate/GLints/dict_16_192_64_0p5_0p02_0026_0007" 5324
"/Engine/EngineMaterials/Substrate/GLints/dict_16_192_64_0p5_0p02_0026_0006" 5325
"/Engine/EngineMaterials/Substrate/GLints/dict_16_192_64_0p5_0p02_0026_0005" 5326
"/Engine/EngineMaterials/Substrate/GLints/dict_16_192_64_0p5_0p02_0026_0004" 5327
"/Engine/EngineMaterials/Substrate/GLints/dict_16_192_64_0p5_0p02_0026_0003" 5328
"/Engine/EngineMaterials/Substrate/GLints/dict_16_192_64_0p5_0p02_0027_0004" 5329
"/Engine/EngineMaterials/Substrate/GLints/dict_16_192_64_0p5_0p02_0026_0002" 5330
"/Engine/EngineMaterials/Substrate/GLints/dict_16_192_64_0p5_0p02_0026_0001" 5331
"/Engine/EngineMaterials/Substrate/GLints/dict_16_192_64_0p5_0p02_0026_0000" 5332
"/Engine/EngineMaterials/Substrate/GLints/dict_16_192_64_0p5_0p02_0025_0015" 5333
"../../../Engine/Content/EngineMaterials/Substrate/GLints/dict_16_192_64_0p5_0p02_0027_0015.uasset" 5334
"../../../Engine/Content/EngineMaterials/Substrate/GLints/dict_16_192_64_0p5_0p02_0028_0000.uasset" 5335
"../../../Engine/Content/EngineMaterials/Substrate/GLints/dict_16_192_64_0p5_0p02_0028_0001.uasset" 5336
"/Engine/EngineMaterials/Substrate/GLints/dict_16_192_64_0p5_0p02_0028_0000" 5337
"../../../Engine/Content/EngineMaterials/Substrate/GLints/dict_16_192_64_0p5_0p02_0028_0002.uasset" 5338
"/Engine/EngineMaterials/Substrate/GLints/dict_16_192_64_0p5_0p02_0027_0015" 5339
"/Engine/EngineMaterials/Substrate/GLints/dict_16_192_64_0p5_0p02_0028_0002" 5340
"../../../Engine/Content/EngineMaterials/Substrate/GLints/dict_16_192_64_0p5_0p02_0028_0004.uasset" 5341
"/Engine/EngineMaterials/Substrate/GLints/dict_16_192_64_0p5_0p02_0028_0001" 5342
"../../../Engine/Content/EngineMaterials/Substrate/GLints/dict_16_192_64_0p5_0p02_0028_0003.uasset" 5343
"../../../Engine/Content/EngineMaterials/Substrate/GLints/dict_16_192_64_0p5_0p02_0028_0006.uasset" 5344
"/Engine/EngineMaterials/Substrate/GLints/dict_16_192_64_0p5_0p02_0028_0004" 5345
"../../../Engine/Content/EngineMaterials/Substrate/GLints/dict_16_192_64_0p5_0p02_0028_0005.uasset" 5346
"/Engine/EngineMaterials/Substrate/GLints/dict_16_192_64_0p5_0p02_0028_0003" 5347
"/Engine/EngineMaterials/Substrate/GLints/dict_16_192_64_0p5_0p02_0028_0006" 5348
"/Engine/EngineMaterials/Substrate/GLints/dict_16_192_64_0p5_0p02_0028_0005" 5349
"../../../Engine/Content/EngineMaterials/Substrate/GLints/dict_16_192_64_0p5_0p02_0028_0007.uasset" 5350
"../../../Engine/Content/EngineMaterials/Substrate/GLints/dict_16_192_64_0p5_0p02_0028_0008.uasset" 5351
"../../../Engine/Content/EngineMaterials/Substrate/GLints/dict_16_192_64_0p5_0p02_0028_0011.uasset" 5352
"../../../Engine/Content/EngineMaterials/Substrate/GLints/dict_16_192_64_0p5_0p02_0028_0009.uasset" 5353
"../../../Engine/Content/EngineMaterials/Substrate/GLints/dict_16_192_64_0p5_0p02_0028_0010.uasset" 5354
"../../../Engine/Content/EngineMaterials/Substrate/GLints/dict_16_192_64_0p5_0p02_0028_0012.uasset" 5355
"../../../Engine/Content/EngineMaterials/Substrate/GLints/dict_16_192_64_0p5_0p02_0028_0013.uasset" 5356
"../../../Engine/Content/EngineMaterials/Substrate/GLints/dict_16_192_64_0p5_0p02_0028_0014.uasset" 5357
"../../../Engine/Content/EngineMaterials/Substrate/GLints/dict_16_192_64_0p5_0p02_0029_0000.uasset" 5358
"../../../Engine/Content/EngineMaterials/Substrate/GLints/dict_16_192_64_0p5_0p02_0029_0001.uasset" 5359
"../../../Engine/Content/EngineMaterials/Substrate/GLints/dict_16_192_64_0p5_0p02_0028_0015.uasset" 5360
"../../../Engine/Content/EngineMaterials/Substrate/GLints/dict_16_192_64_0p5_0p02_0029_0002.uasset" 5361
"../../../Engine/Content/EngineMaterials/Substrate/GLints/dict_16_192_64_0p5_0p02_0029_0003.uasset" 5362
"/Engine/EngineMaterials/Substrate/GLints/dict_16_192_64_0p5_0p02_0029_0002" 5363
"../../../Engine/Content/EngineMaterials/Substrate/GLints/dict_16_192_64_0p5_0p02_0029_0004.uasset" 5364
"/Engine/EngineMaterials/Substrate/GLints/dict_16_192_64_0p5_0p02_0029_0001" 5365
"../../../Engine/Content/EngineMaterials/Substrate/GLints/dict_16_192_64_0p5_0p02_0029_0005.uasset" 5366
"/Engine/EngineMaterials/Substrate/GLints/dict_16_192_64_0p5_0p02_0029_0000" 5367
"/Engine/EngineMaterials/Substrate/GLints/dict_16_192_64_0p5_0p02_0028_0015" 5368
"../../../Engine/Content/EngineMaterials/Substrate/GLints/dict_16_192_64_0p5_0p02_0029_0006.uasset" 5369
"/Engine/EngineMaterials/Substrate/GLints/dict_16_192_64_0p5_0p02_0028_0014" 5370
"/Engine/EngineMaterials/Substrate/GLints/dict_16_192_64_0p5_0p02_0028_0013" 5371
"/Engine/EngineMaterials/Substrate/GLints/dict_16_192_64_0p5_0p02_0028_0012" 5372
"/Engine/EngineMaterials/Substrate/GLints/dict_16_192_64_0p5_0p02_0028_0011" 5373
"/Engine/EngineMaterials/Substrate/GLints/dict_16_192_64_0p5_0p02_0028_0010" 5374
"/Engine/EngineMaterials/Substrate/GLints/dict_16_192_64_0p5_0p02_0028_0009" 5375
"/Engine/EngineMaterials/Substrate/GLints/dict_16_192_64_0p5_0p02_0028_0008" 5376
"/Engine/EngineMaterials/Substrate/GLints/dict_16_192_64_0p5_0p02_0028_0007" 5377
"../../../Engine/Content/EngineMaterials/Substrate/GLints/dict_16_192_64_0p5_0p02_0029_0008.uasset" 5378
"/Engine/EngineMaterials/Substrate/GLints/dict_16_192_64_0p5_0p02_0029_0008" 5379
"../../../Engine/Content/EngineMaterials/Substrate/GLints/dict_16_192_64_0p5_0p02_0029_0009.uasset" 5380
"/Engine/EngineMaterials/Substrate/GLints/dict_16_192_64_0p5_0p02_0029_0006" 5381
"../../../Engine/Content/EngineMaterials/Substrate/GLints/dict_16_192_64_0p5_0p02_0029_0007.uasset" 5382
"/Engine/EngineMaterials/Substrate/GLints/dict_16_192_64_0p5_0p02_0029_0005" 5383
"/Engine/EngineMaterials/Substrate/GLints/dict_16_192_64_0p5_0p02_0029_0004" 5384
"/Engine/EngineMaterials/Substrate/GLints/dict_16_192_64_0p5_0p02_0029_0003" 5385
"/Engine/EngineMaterials/Substrate/GLints/dict_16_192_64_0p5_0p02_0029_0009" 5386
"/Engine/EngineMaterials/Substrate/GLints/dict_16_192_64_0p5_0p02_0029_0007" 5387
"../../../Engine/Content/EngineMaterials/Substrate/GLints/dict_16_192_64_0p5_0p02_0029_0014.uasset" 5388
"../../../Engine/Content/EngineMaterials/Substrate/GLints/dict_16_192_64_0p5_0p02_0029_0013.uasset" 5389
"../../../Engine/Content/EngineMaterials/Substrate/GLints/dict_16_192_64_0p5_0p02_0029_0010.uasset" 5390
"../../../Engine/Content/EngineMaterials/Substrate/GLints/dict_16_192_64_0p5_0p02_0029_0011.uasset" 5391
"../../../Engine/Content/EngineMaterials/Substrate/GLints/dict_16_192_64_0p5_0p02_0029_0012.uasset" 5392
"../../../Engine/Content/EngineMaterials/Substrate/GLints/dict_16_192_64_0p5_0p02_0030_0000.uasset" 5393
"../../../Engine/Content/EngineMaterials/Substrate/GLints/dict_16_192_64_0p5_0p02_0029_0015.uasset" 5394
"../../../Engine/Content/EngineMaterials/Substrate/GLints/dict_16_192_64_0p5_0p02_0030_0001.uasset" 5395
"../../../Engine/Content/EngineMaterials/Substrate/GLints/dict_16_192_64_0p5_0p02_0030_0003.uasset" 5396
"../../../Engine/Content/EngineMaterials/Substrate/GLints/dict_16_192_64_0p5_0p02_0030_0005.uasset" 5397
"../../../Engine/Content/EngineMaterials/Substrate/GLints/dict_16_192_64_0p5_0p02_0030_0002.uasset" 5398
"../../../Engine/Content/EngineMaterials/Substrate/GLints/dict_16_192_64_0p5_0p02_0030_0006.uasset" 5399
"../../../Engine/Content/EngineMaterials/Substrate/GLints/dict_16_192_64_0p5_0p02_0030_0007.uasset" 5400
"../../../Engine/Content/EngineMaterials/Substrate/GLints/dict_16_192_64_0p5_0p02_0030_0004.uasset" 5401
"../../../Engine/Content/EngineMaterials/Substrate/GLints/dict_16_192_64_0p5_0p02_0030_0011.uasset" 5402
"../../../Engine/Content/EngineMaterials/Substrate/GLints/dict_16_192_64_0p5_0p02_0030_0009.uasset" 5403
"../../../Engine/Content/EngineMaterials/Substrate/GLints/dict_16_192_64_0p5_0p02_0030_0010.uasset" 5404
"../../../Engine/Content/EngineMaterials/Substrate/GLints/dict_16_192_64_0p5_0p02_0030_0008.uasset" 5405
"../../../Engine/Content/EngineMaterials/Substrate/GLints/dict_16_192_64_0p5_0p02_0030_0012.uasset" 5406
"/Engine/EngineMaterials/Substrate/GLints/dict_16_192_64_0p5_0p02_0029_0014" 5407
"/Engine/EngineMaterials/Substrate/GLints/dict_16_192_64_0p5_0p02_0029_0013" 5408
"../../../Engine/Content/EngineMaterials/Substrate/GLints/dict_16_192_64_0p5_0p02_0030_0013.uasset" 5409
"../../../Engine/Content/EngineMaterials/Substrate/GLints/dict_16_192_64_0p5_0p02_0030_0015.uasset" 5410
"/Engine/EngineMaterials/Substrate/GLints/dict_16_192_64_0p5_0p02_0029_0012" 5411
"/Engine/EngineMaterials/Substrate/GLints/dict_16_192_64_0p5_0p02_0029_0011" 5412
"../../../Engine/Content/EngineMaterials/Substrate/GLints/dict_16_192_64_0p5_0p02_0031_0002.uasset" 5413
"/Engine/EngineMaterials/Substrate/GLints/dict_16_192_64_0p5_0p02_0029_0010" 5414
"../../../Engine/Content/EngineMaterials/Substrate/GLints/dict_16_192_64_0p5_0p02_0031_0003.uasset" 5415
"/Engine/EngineMaterials/Substrate/GLints/dict_16_192_64_0p5_0p02_0030_0012" 5416
"../../../Engine/Content/EngineMaterials/Substrate/GLints/dict_16_192_64_0p5_0p02_0030_0014.uasset" 5417
"../../../Engine/Content/EngineMaterials/Substrate/GLints/dict_16_192_64_0p5_0p02_0031_0001.uasset" 5418
"../../../Engine/Content/EngineMaterials/Substrate/GLints/dict_16_192_64_0p5_0p02_0031_0004.uasset" 5419
"/Engine/EngineMaterials/Substrate/GLints/dict_16_192_64_0p5_0p02_0030_0011" 5420
"../../../Engine/Content/EngineMaterials/Substrate/GLints/dict_16_192_64_0p5_0p02_0031_0005.uasset" 5421
"/Engine/EngineMaterials/Substrate/GLints/dict_16_192_64_0p5_0p02_0030_0010" 5422
"/Engine/EngineMaterials/Substrate/GLints/dict_16_192_64_0p5_0p02_0030_0009" 5423
"/Engine/EngineMaterials/Substrate/GLints/dict_16_192_64_0p5_0p02_0030_0008" 5424
"/Engine/EngineMaterials/Substrate/GLints/dict_16_192_64_0p5_0p02_0030_0007" 5425
"../../../Engine/Content/EngineMaterials/Substrate/GLints/dict_16_192_64_0p5_0p02_0031_0000.uasset" 5426
"/Engine/EngineMaterials/Substrate/GLints/dict_16_192_64_0p5_0p02_0030_0006" 5427
"/Engine/EngineMaterials/Substrate/GLints/dict_16_192_64_0p5_0p02_0030_0005" 5428
"/Engine/EngineMaterials/Substrate/GLints/dict_16_192_64_0p5_0p02_0030_0004" 5429
"/Engine/EngineMaterials/Substrate/GLints/dict_16_192_64_0p5_0p02_0030_0003" 5430
"../../../Engine/Content/EngineMaterials/Substrate/GLints/dict_16_192_64_0p5_0p02_0031_0006.uasset" 5431
"/Engine/EngineMaterials/Substrate/GLints/dict_16_192_64_0p5_0p02_0030_0002" 5432
"../../../Engine/Content/EngineMaterials/Substrate/GLints/dict_16_192_64_0p5_0p02_0031_0007.uasset" 5433
"/Engine/EngineMaterials/Substrate/GLints/dict_16_192_64_0p5_0p02_0030_0001" 5434
"/Engine/EngineMaterials/Substrate/GLints/dict_16_192_64_0p5_0p02_0030_0000" 5435
"/Engine/EngineMaterials/Substrate/GLints/dict_16_192_64_0p5_0p02_0029_0015" 5436
"/Engine/EngineMaterials/Substrate/GLints/dict_16_192_64_0p5_0p02_0031_0007" 5437
"/Engine/EngineMaterials/Substrate/GLints/dict_16_192_64_0p5_0p02_0031_0006" 5438
"/Engine/EngineMaterials/Substrate/GLints/dict_16_192_64_0p5_0p02_0031_0005" 5439
"../../../Engine/Content/EngineMaterials/Substrate/GLints/dict_16_192_64_0p5_0p02_0031_0008.uasset" 5440
"../../../Engine/Content/EngineMaterials/Substrate/GLints/dict_16_192_64_0p5_0p02_0031_0009.uasset" 5441
"/Engine/EngineMaterials/Substrate/GLints/dict_16_192_64_0p5_0p02_0031_0004" 5442
"/Engine/EngineMaterials/Substrate/GLints/dict_16_192_64_0p5_0p02_0031_0003" 5443
"/Engine/EngineMaterials/Substrate/GLints/dict_16_192_64_0p5_0p02_0031_0002" 5444
"/Engine/EngineMaterials/Substrate/GLints/dict_16_192_64_0p5_0p02_0031_0001" 5445
"/Engine/EngineMaterials/Substrate/GLints/dict_16_192_64_0p5_0p02_0031_0000" 5446
"/Engine/EngineMaterials/Substrate/GLints/dict_16_192_64_0p5_0p02_0030_0015" 5447
"/Engine/EngineMaterials/Substrate/GLints/dict_16_192_64_0p5_0p02_0030_0014" 5448
"/Engine/EngineMaterials/Substrate/GLints/dict_16_192_64_0p5_0p02_0030_0013" 5449
"/Engine/EngineMaterials/Substrate/GLints/dict_16_192_64_0p5_0p02_0031_0009" 5450
"/Engine/EngineMaterials/Substrate/GLints/dict_16_192_64_0p5_0p02_0031_0008" 5451
"../../../Engine/Content/EngineMaterials/Substrate/GLints/dict_16_192_64_0p5_0p02_0032_0003.uasset" 5452
"../../../Engine/Content/EngineMaterials/Substrate/GLints/dict_16_192_64_0p5_0p02_0031_0015.uasset" 5453
"../../../Engine/Content/EngineMaterials/Substrate/GLints/dict_16_192_64_0p5_0p02_0031_0010.uasset" 5454
"../../../Engine/Content/EngineMaterials/Substrate/GLints/dict_16_192_64_0p5_0p02_0032_0002.uasset" 5455
"../../../Engine/Content/EngineMaterials/Substrate/GLints/dict_16_192_64_0p5_0p02_0032_0005.uasset" 5456
"../../../Engine/Content/EngineMaterials/Substrate/GLints/dict_16_192_64_0p5_0p02_0032_0000.uasset" 5457
"../../../Engine/Content/EngineMaterials/Substrate/GLints/dict_16_192_64_0p5_0p02_0031_0014.uasset" 5458
"../../../Engine/Content/EngineMaterials/Substrate/GLints/dict_16_192_64_0p5_0p02_0032_0004.uasset" 5459
"../../../Engine/Content/EngineMaterials/Substrate/GLints/dict_16_192_64_0p5_0p02_0032_0006.uasset" 5460
"../../../Engine/Content/EngineMaterials/Substrate/GLints/dict_16_192_64_0p5_0p02_0031_0013.uasset" 5461
"../../../Engine/Content/EngineMaterials/Substrate/GLints/dict_16_192_64_0p5_0p02_0031_0012.uasset" 5462
"../../../Engine/Content/EngineMaterials/Substrate/GLints/dict_16_192_64_0p5_0p02_0031_0011.uasset" 5463
"../../../Engine/Content/EngineMaterials/Substrate/GLints/dict_16_192_64_0p5_0p02_0032_0009.uasset" 5464
"../../../Engine/Content/EngineMaterials/Substrate/GLints/dict_16_192_64_0p5_0p02_0032_0001.uasset" 5465
"../../../Engine/Content/EngineMaterials/Substrate/GLints/dict_16_192_64_0p5_0p02_0032_0011.uasset" 5466
"../../../Engine/Content/EngineMaterials/Substrate/GLints/dict_16_192_64_0p5_0p02_0033_0000.uasset" 5467
"../../../Engine/Content/EngineMaterials/Substrate/GLints/dict_16_192_64_0p5_0p02_0032_0013.uasset" 5468
"../../../Engine/Content/EngineMaterials/Substrate/GLints/dict_16_192_64_0p5_0p02_0033_0001.uasset" 5469
"../../../Engine/Content/EngineMaterials/Substrate/GLints/dict_16_192_64_0p5_0p02_0032_0010.uasset" 5470
"../../../Engine/Content/EngineMaterials/Substrate/GLints/dict_16_192_64_0p5_0p02_0032_0015.uasset" 5471
"../../../Engine/Content/EngineMaterials/Substrate/GLints/dict_16_192_64_0p5_0p02_0032_0008.uasset" 5472
"../../../Engine/Content/EngineMaterials/Substrate/GLints/dict_16_192_64_0p5_0p02_0032_0014.uasset" 5473
"../../../Engine/Content/EngineMaterials/Substrate/GLints/dict_16_192_64_0p5_0p02_0033_0003.uasset" 5474
"../../../Engine/Content/EngineMaterials/Substrate/GLints/dict_16_192_64_0p5_0p02_0032_0012.uasset" 5475
"../../../Engine/Content/EngineMaterials/Substrate/GLints/dict_16_192_64_0p5_0p02_0032_0007.uasset" 5476
"../../../Engine/Content/EngineMaterials/Substrate/GLints/dict_16_192_64_0p5_0p02_0033_0002.uasset" 5477
"../../../Engine/Content/EngineMaterials/Substrate/GLints/dict_16_192_64_0p5_0p02_0033_0005.uasset" 5478
"../../../Engine/Content/EngineMaterials/Substrate/GLints/dict_16_192_64_0p5_0p02_0033_0007.uasset" 5479
"../../../Engine/Content/EngineMaterials/Substrate/GLints/dict_16_192_64_0p5_0p02_0033_0006.uasset" 5480
"../../../Engine/Content/EngineMaterials/Substrate/GLints/dict_16_192_64_0p5_0p02_0033_0009.uasset" 5481
"../../../Engine/Content/EngineMaterials/Substrate/GLints/dict_16_192_64_0p5_0p02_0033_0008.uasset" 5482
"/Engine/EngineMaterials/Substrate/GLints/dict_16_192_64_0p5_0p02_0032_0012" 5483
"/Engine/EngineMaterials/Substrate/GLints/dict_16_192_64_0p5_0p02_0032_0011" 5484
"/Engine/EngineMaterials/Substrate/GLints/dict_16_192_64_0p5_0p02_0032_0010" 5485
"/Engine/EngineMaterials/Substrate/GLints/dict_16_192_64_0p5_0p02_0032_0009" 5486
"../../../Engine/Content/EngineMaterials/Substrate/GLints/dict_16_192_64_0p5_0p02_0033_0004.uasset" 5487
"/Engine/EngineMaterials/Substrate/GLints/dict_16_192_64_0p5_0p02_0032_0008" 5488
"/Engine/EngineMaterials/Substrate/GLints/dict_16_192_64_0p5_0p02_0033_0009" 5489
"/Engine/EngineMaterials/Substrate/GLints/dict_16_192_64_0p5_0p02_0033_0007" 5490
"/Engine/EngineMaterials/Substrate/GLints/dict_16_192_64_0p5_0p02_0033_0008" 5491
"/Engine/EngineMaterials/Substrate/GLints/dict_16_192_64_0p5_0p02_0033_0006" 5492
"/Engine/EngineMaterials/Substrate/GLints/dict_16_192_64_0p5_0p02_0033_0005" 5493
"/Engine/EngineMaterials/Substrate/GLints/dict_16_192_64_0p5_0p02_0033_0003" 5494
"/Engine/EngineMaterials/Substrate/GLints/dict_16_192_64_0p5_0p02_0033_0002" 5495
"/Engine/EngineMaterials/Substrate/GLints/dict_16_192_64_0p5_0p02_0033_0001" 5496
"/Engine/EngineMaterials/Substrate/GLints/dict_16_192_64_0p5_0p02_0033_0000" 5497
"/Engine/EngineMaterials/Substrate/GLints/dict_16_192_64_0p5_0p02_0032_0015" 5498
"/Engine/EngineMaterials/Substrate/GLints/dict_16_192_64_0p5_0p02_0032_0014" 5499
"/Engine/EngineMaterials/Substrate/GLints/dict_16_192_64_0p5_0p02_0032_0013" 5500
"/Engine/EngineMaterials/Substrate/GLints/dict_16_192_64_0p5_0p02_0032_0007" 5501
"/Engine/EngineMaterials/Substrate/GLints/dict_16_192_64_0p5_0p02_0032_0006" 5502
"/Engine/EngineMaterials/Substrate/GLints/dict_16_192_64_0p5_0p02_0032_0005" 5503
"/Engine/EngineMaterials/Substrate/GLints/dict_16_192_64_0p5_0p02_0032_0004" 5504
"/Engine/EngineMaterials/Substrate/GLints/dict_16_192_64_0p5_0p02_0032_0003" 5505
"/Engine/EngineMaterials/Substrate/GLints/dict_16_192_64_0p5_0p02_0032_0002" 5506
"/Engine/EngineMaterials/Substrate/GLints/dict_16_192_64_0p5_0p02_0032_0001" 5507
"/Engine/EngineMaterials/Substrate/GLints/dict_16_192_64_0p5_0p02_0032_0000" 5508
"/Engine/EngineMaterials/Substrate/GLints/dict_16_192_64_0p5_0p02_0031_0015" 5509
"/Engine/EngineMaterials/Substrate/GLints/dict_16_192_64_0p5_0p02_0031_0014" 5510
"/Engine/EngineMaterials/Substrate/GLints/dict_16_192_64_0p5_0p02_0031_0013" 5511
"/Engine/EngineMaterials/Substrate/GLints/dict_16_192_64_0p5_0p02_0031_0012" 5512
"/Engine/EngineMaterials/Substrate/GLints/dict_16_192_64_0p5_0p02_0031_0011" 5513
"/Engine/EngineMaterials/Substrate/GLints/dict_16_192_64_0p5_0p02_0031_0010" 5514
"/Engine/EngineMaterials/Substrate/GLints/dict_16_192_64_0p5_0p02_0033_0004" 5515
"../../../Engine/Content/EngineMaterials/Substrate/GLints/dict_16_192_64_0p5_0p02_0033_0011.uasset" 5516
"../../../Engine/Content/EngineMaterials/Substrate/GLints/dict_16_192_64_0p5_0p02_0033_0010.uasset" 5517
"../../../Engine/Content/EngineMaterials/Substrate/GLints/dict_16_192_64_0p5_0p02_0033_0012.uasset" 5518
"../../../Engine/Content/EngineMaterials/Substrate/GLints/dict_16_192_64_0p5_0p02_0033_0013.uasset" 5519
"../../../Engine/Content/EngineMaterials/Substrate/GLints/dict_16_192_64_0p5_0p02_0033_0014.uasset" 5520
"../../../Engine/Content/EngineMaterials/Substrate/GLints/dict_16_192_64_0p5_0p02_0033_0015.uasset" 5521
"/Engine/EngineMaterials/Substrate/GLints/dict_16_192_64_0p5_0p02_0033_0014" 5522
"/Engine/EngineMaterials/Substrate/GLints/dict_16_192_64_0p5_0p02_0033_0013" 5523
"/Engine/EngineMaterials/Substrate/GLints/dict_16_192_64_0p5_0p02_0033_0012" 5524
"/Engine/EngineMaterials/Substrate/GLints/dict_16_192_64_0p5_0p02_0033_0011" 5525
"/Engine/EngineMaterials/Substrate/GLints/dict_16_192_64_0p5_0p02_0033_0010" 5526
"/Engine/EngineMaterials/Substrate/GLints/dict_16_192_64_0p5_0p02_0033_0015" 5527
"../../../Engine/Content/EngineMaterials/Substrate/GLints/dict_16_192_64_0p5_0p02_0034_0002.uasset" 5528
"../../../Engine/Content/EngineMaterials/Substrate/GLints/dict_16_192_64_0p5_0p02_0034_0001.uasset" 5529
"../../../Engine/Content/EngineMaterials/Substrate/GLints/dict_16_192_64_0p5_0p02_0034_0000.uasset" 5530
"../../../Engine/Content/EngineMaterials/Substrate/GLints/dict_16_192_64_0p5_0p02_0034_0004.uasset" 5531
"../../../Engine/Content/EngineMaterials/Substrate/GLints/dict_16_192_64_0p5_0p02_0034_0003.uasset" 5532
"../../../Engine/Content/EngineMaterials/Substrate/GLints/dict_16_192_64_0p5_0p02_0034_0007.uasset" 5533
"../../../Engine/Content/EngineMaterials/Substrate/GLints/dict_16_192_64_0p5_0p02_0034_0008.uasset" 5534
"../../../Engine/Content/EngineMaterials/Substrate/GLints/dict_16_192_64_0p5_0p02_0034_0005.uasset" 5535
"../../../Engine/Content/EngineMaterials/Substrate/GLints/dict_16_192_64_0p5_0p02_0034_0006.uasset" 5536
"../../../Engine/Content/EngineMaterials/Substrate/GLints/dict_16_192_64_0p5_0p02_0034_0009.uasset" 5537
"../../../Engine/Content/EngineMaterials/Substrate/GLints/dict_16_192_64_0p5_0p02_0034_0010.uasset" 5538
"../../../Engine/Content/EngineMaterials/Substrate/GLints/dict_16_192_64_0p5_0p02_0034_0011.uasset" 5539
"../../../Engine/Content/EngineMaterials/Substrate/GLints/dict_16_192_64_0p5_0p02_0035_0000.uasset" 5540
"/Engine/EngineMaterials/Substrate/GLints/dict_16_192_64_0p5_0p02_0034_0011" 5541
"../../../Engine/Content/EngineMaterials/Substrate/GLints/dict_16_192_64_0p5_0p02_0034_0015.uasset" 5542
"../../../Engine/Content/EngineMaterials/Substrate/GLints/dict_16_192_64_0p5_0p02_0034_0014.uasset" 5543
"/Engine/EngineMaterials/Substrate/GLints/dict_16_192_64_0p5_0p02_0034_0010" 5544
"../../../Engine/Content/EngineMaterials/Substrate/GLints/dict_16_192_64_0p5_0p02_0034_0013.uasset" 5545
"../../../Engine/Content/EngineMaterials/Substrate/GLints/dict_16_192_64_0p5_0p02_0035_0001.uasset" 5546
"/Engine/EngineMaterials/Substrate/GLints/dict_16_192_64_0p5_0p02_0034_0009" 5547
"../../../Engine/Content/EngineMaterials/Substrate/GLints/dict_16_192_64_0p5_0p02_0034_0012.uasset" 5548
"/Engine/EngineMaterials/Substrate/GLints/dict_16_192_64_0p5_0p02_0034_0008" 5549
"/Engine/EngineMaterials/Substrate/GLints/dict_16_192_64_0p5_0p02_0034_0007" 5550
"../../../Engine/Content/EngineMaterials/Substrate/GLints/dict_16_192_64_0p5_0p02_0035_0003.uasset" 5551
"/Engine/EngineMaterials/Substrate/GLints/dict_16_192_64_0p5_0p02_0034_0006" 5552
"/Engine/EngineMaterials/Substrate/GLints/dict_16_192_64_0p5_0p02_0034_0005" 5553
"/Engine/EngineMaterials/Substrate/GLints/dict_16_192_64_0p5_0p02_0034_0004" 5554
"/Engine/EngineMaterials/Substrate/GLints/dict_16_192_64_0p5_0p02_0034_0003" 5555
"../../../Engine/Content/EngineMaterials/Substrate/GLints/dict_16_192_64_0p5_0p02_0035_0002.uasset" 5556
"/Engine/EngineMaterials/Substrate/GLints/dict_16_192_64_0p5_0p02_0034_0002" 5557
"/Engine/EngineMaterials/Substrate/GLints/dict_16_192_64_0p5_0p02_0034_0001" 5558
"/Engine/EngineMaterials/Substrate/GLints/dict_16_192_64_0p5_0p02_0034_0000" 5559
"/Engine/EngineMaterials/Substrate/GLints/dict_16_192_64_0p5_0p02_0035_0003" 5560
"../../../Engine/Content/EngineMaterials/Substrate/GLints/dict_16_192_64_0p5_0p02_0035_0007.uasset" 5561
"/Engine/EngineMaterials/Substrate/GLints/dict_16_192_64_0p5_0p02_0035_0002" 5562
"../../../Engine/Content/EngineMaterials/Substrate/GLints/dict_16_192_64_0p5_0p02_0035_0006.uasset" 5563
"/Engine/EngineMaterials/Substrate/GLints/dict_16_192_64_0p5_0p02_0035_0001" 5564
"/Engine/EngineMaterials/Substrate/GLints/dict_16_192_64_0p5_0p02_0035_0000" 5565
"/Engine/EngineMaterials/Substrate/GLints/dict_16_192_64_0p5_0p02_0034_0015" 5566
"/Engine/EngineMaterials/Substrate/GLints/dict_16_192_64_0p5_0p02_0034_0014" 5567
"../../../Engine/Content/EngineMaterials/Substrate/GLints/dict_16_192_64_0p5_0p02_0035_0004.uasset" 5568
"/Engine/EngineMaterials/Substrate/GLints/dict_16_192_64_0p5_0p02_0034_0013" 5569
"/Engine/EngineMaterials/Substrate/GLints/dict_16_192_64_0p5_0p02_0034_0012" 5570
"/Engine/EngineMaterials/Substrate/GLints/dict_16_192_64_0p5_0p02_0035_0007" 5571
"/Engine/EngineMaterials/Substrate/GLints/dict_16_192_64_0p5_0p02_0035_0006" 5572
"/Engine/EngineMaterials/Substrate/GLints/dict_16_192_64_0p5_0p02_0035_0004" 5573
"../../../Engine/Content/EngineMaterials/Substrate/GLints/dict_16_192_64_0p5_0p02_0035_0005.uasset" 5574
"/Engine/EngineMaterials/Substrate/GLints/dict_16_192_64_0p5_0p02_0035_0005" 5575
"../../../Engine/Content/EngineMaterials/Substrate/GLints/dict_16_192_64_0p5_0p02_0035_0010.uasset" 5576
"/Engine/EngineMaterials/Substrate/GLints/dict_16_192_64_0p5_0p02_0035_0010" 5577
"../../../Engine/Content/EngineMaterials/Substrate/GLints/dict_16_192_64_0p5_0p02_0035_0008.uasset" 5578
"../../../Engine/Content/EngineMaterials/Substrate/GLints/dict_16_192_64_0p5_0p02_0035_0011.uasset" 5579
"../../../Engine/Content/EngineMaterials/Substrate/GLints/dict_16_192_64_0p5_0p02_0035_0014.uasset" 5580
"../../../Engine/Content/EngineMaterials/Substrate/GLints/dict_16_192_64_0p5_0p02_0035_0015.uasset" 5581
"../../../Engine/Content/EngineMaterials/Substrate/GLints/dict_16_192_64_0p5_0p02_0035_0012.uasset" 5582
"../../../Engine/Content/EngineMaterials/Substrate/GLints/dict_16_192_64_0p5_0p02_0036_0003.uasset" 5583
"../../../Engine/Content/EngineMaterials/Substrate/GLints/dict_16_192_64_0p5_0p02_0035_0013.uasset" 5584
"../../../Engine/Content/EngineMaterials/Substrate/GLints/dict_16_192_64_0p5_0p02_0036_0001.uasset" 5585
"../../../Engine/Content/EngineMaterials/Substrate/GLints/dict_16_192_64_0p5_0p02_0036_0000.uasset" 5586
"../../../Engine/Content/EngineMaterials/Substrate/GLints/dict_16_192_64_0p5_0p02_0035_0009.uasset" 5587
"../../../Engine/Content/EngineMaterials/Substrate/GLints/dict_16_192_64_0p5_0p02_0036_0005.uasset" 5588
"../../../Engine/Content/EngineMaterials/Substrate/GLints/dict_16_192_64_0p5_0p02_0036_0002.uasset" 5589
"../../../Engine/Content/EngineMaterials/Substrate/GLints/dict_16_192_64_0p5_0p02_0036_0004.uasset" 5590
"../../../Engine/Content/EngineMaterials/Substrate/GLints/dict_16_192_64_0p5_0p02_0036_0006.uasset" 5591
"../../../Engine/Content/EngineMaterials/Substrate/GLints/dict_16_192_64_0p5_0p02_0036_0007.uasset" 5592
"../../../Engine/Content/EngineMaterials/Substrate/GLints/dict_16_192_64_0p5_0p02_0036_0009.uasset" 5593
"../../../Engine/Content/EngineMaterials/Substrate/GLints/dict_16_192_64_0p5_0p02_0036_0013.uasset" 5594
"../../../Engine/Content/EngineMaterials/Substrate/GLints/dict_16_192_64_0p5_0p02_0036_0012.uasset" 5595
"../../../Engine/Content/EngineMaterials/Substrate/GLints/dict_16_192_64_0p5_0p02_0036_0010.uasset" 5596
"../../../Engine/Content/EngineMaterials/Substrate/GLints/dict_16_192_64_0p5_0p02_0036_0014.uasset" 5597
"../../../Engine/Content/EngineMaterials/Substrate/GLints/dict_16_192_64_0p5_0p02_0037_0001.uasset" 5598
"../../../Engine/Content/EngineMaterials/Substrate/GLints/dict_16_192_64_0p5_0p02_0037_0000.uasset" 5599
"../../../Engine/Content/EngineMaterials/Substrate/GLints/dict_16_192_64_0p5_0p02_0036_0011.uasset" 5600
"/Engine/EngineMaterials/Substrate/GLints/dict_16_192_64_0p5_0p02_0035_0008" 5601
"../../../Engine/Content/EngineMaterials/Substrate/GLints/dict_16_192_64_0p5_0p02_0037_0003.uasset" 5602
"../../../Engine/Content/EngineMaterials/Substrate/GLints/dict_16_192_64_0p5_0p02_0037_0002.uasset" 5603
"../../../Engine/Content/EngineMaterials/Substrate/GLints/dict_16_192_64_0p5_0p02_0036_0008.uasset" 5604
"/Engine/EngineMaterials/Substrate/GLints/dict_16_192_64_0p5_0p02_0037_0001" 5605
"../../../Engine/Content/EngineMaterials/Substrate/GLints/dict_16_192_64_0p5_0p02_0036_0015.uasset" 5606
"/Engine/EngineMaterials/Substrate/GLints/dict_16_192_64_0p5_0p02_0035_0009" 5607
"../../../Engine/Content/EngineMaterials/Substrate/GLints/dict_16_192_64_0p5_0p02_0037_0004.uasset" 5608
"/Engine/EngineMaterials/Substrate/GLints/dict_16_192_64_0p5_0p02_0036_0014" 5609
"/Engine/EngineMaterials/Substrate/GLints/dict_16_192_64_0p5_0p02_0036_0013" 5610
"/Engine/EngineMaterials/Substrate/GLints/dict_16_192_64_0p5_0p02_0036_0012" 5611
"../../../Engine/Content/EngineMaterials/Substrate/GLints/dict_16_192_64_0p5_0p02_0037_0005.uasset" 5612
"../../../Engine/Content/EngineMaterials/Substrate/GLints/dict_16_192_64_0p5_0p02_0037_0007.uasset" 5613
"/Engine/EngineMaterials/Substrate/GLints/dict_16_192_64_0p5_0p02_0036_0010" 5614
"/Engine/EngineMaterials/Substrate/GLints/dict_16_192_64_0p5_0p02_0036_0009" 5615
"/Engine/EngineMaterials/Substrate/GLints/dict_16_192_64_0p5_0p02_0036_0007" 5616
"../../../Engine/Content/EngineMaterials/Substrate/GLints/dict_16_192_64_0p5_0p02_0037_0008.uasset" 5617
"/Engine/EngineMaterials/Substrate/GLints/dict_16_192_64_0p5_0p02_0036_0006" 5618
"/Engine/EngineMaterials/Substrate/GLints/dict_16_192_64_0p5_0p02_0036_0005" 5619
"../../../Engine/Content/EngineMaterials/Substrate/GLints/dict_16_192_64_0p5_0p02_0037_0006.uasset" 5620
"/Engine/EngineMaterials/Substrate/GLints/dict_16_192_64_0p5_0p02_0036_0004" 5621
"/Engine/EngineMaterials/Substrate/GLints/dict_16_192_64_0p5_0p02_0036_0003" 5622
"/Engine/EngineMaterials/Substrate/GLints/dict_16_192_64_0p5_0p02_0036_0002" 5623
"/Engine/EngineMaterials/Substrate/GLints/dict_16_192_64_0p5_0p02_0036_0001" 5624
"/Engine/EngineMaterials/Substrate/GLints/dict_16_192_64_0p5_0p02_0036_0000" 5625
"/Engine/EngineMaterials/Substrate/GLints/dict_16_192_64_0p5_0p02_0035_0015" 5626
"/Engine/EngineMaterials/Substrate/GLints/dict_16_192_64_0p5_0p02_0035_0014" 5627
"/Engine/EngineMaterials/Substrate/GLints/dict_16_192_64_0p5_0p02_0035_0013" 5628
"/Engine/EngineMaterials/Substrate/GLints/dict_16_192_64_0p5_0p02_0035_0012" 5629
"/Engine/EngineMaterials/Substrate/GLints/dict_16_192_64_0p5_0p02_0035_0011" 5630
"/Engine/EngineMaterials/Substrate/GLints/dict_16_192_64_0p5_0p02_0037_0006" 5631
"/Engine/EngineMaterials/Substrate/GLints/dict_16_192_64_0p5_0p02_0037_0005" 5632
"/Engine/EngineMaterials/Substrate/GLints/dict_16_192_64_0p5_0p02_0037_0007" 5633
"/Engine/EngineMaterials/Substrate/GLints/dict_16_192_64_0p5_0p02_0037_0004" 5634
"/Engine/EngineMaterials/Substrate/GLints/dict_16_192_64_0p5_0p02_0037_0003" 5635
"/Engine/EngineMaterials/Substrate/GLints/dict_16_192_64_0p5_0p02_0037_0002" 5636
"/Engine/EngineMaterials/Substrate/GLints/dict_16_192_64_0p5_0p02_0037_0000" 5637
"/Engine/EngineMaterials/Substrate/GLints/dict_16_192_64_0p5_0p02_0036_0015" 5638
"/Engine/EngineMaterials/Substrate/GLints/dict_16_192_64_0p5_0p02_0036_0011" 5639
"/Engine/EngineMaterials/Substrate/GLints/dict_16_192_64_0p5_0p02_0036_0008" 5640
"/Engine/EngineMaterials/Substrate/GLints/dict_16_192_64_0p5_0p02_0037_0008" 5641
"../../../Engine/Content/EngineMaterials/Substrate/GLints/dict_16_192_64_0p5_0p02_0037_0010.uasset" 5642
"../../../Engine/Content/EngineMaterials/Substrate/GLints/dict_16_192_64_0p5_0p02_0037_0009.uasset" 5643
"../../../Engine/Content/EngineMaterials/Substrate/GLints/dict_16_192_64_0p5_0p02_0037_0011.uasset" 5644
"../../../Engine/Content/EngineMaterials/Substrate/GLints/dict_16_192_64_0p5_0p02_0037_0012.uasset" 5645
"../../../Engine/Content/EngineMaterials/Substrate/GLints/dict_16_192_64_0p5_0p02_0037_0013.uasset" 5646
"../../../Engine/Content/EngineMaterials/Substrate/GLints/dict_16_192_64_0p5_0p02_0037_0014.uasset" 5647
"../../../Engine/Content/EngineMaterials/Substrate/GLints/dict_16_192_64_0p5_0p02_0037_0015.uasset" 5648
"/Engine/EngineMaterials/Substrate/GLints/dict_16_192_64_0p5_0p02_0037_0015" 5649
"../../../Engine/Content/EngineMaterials/Substrate/GLints/dict_16_192_64_0p5_0p02_0038_0000.uasset" 5650
"../../../Engine/Content/EngineMaterials/Substrate/GLints/dict_16_192_64_0p5_0p02_0038_0001.uasset" 5651
"/Engine/EngineMaterials/Substrate/GLints/dict_16_192_64_0p5_0p02_0037_0014" 5652
"../../../Engine/Content/EngineMaterials/Substrate/GLints/dict_16_192_64_0p5_0p02_0038_0003.uasset" 5653
"../../../Engine/Content/EngineMaterials/Substrate/GLints/dict_16_192_64_0p5_0p02_0038_0004.uasset" 5654
"../../../Engine/Content/EngineMaterials/Substrate/GLints/dict_16_192_64_0p5_0p02_0038_0002.uasset" 5655
"/Engine/EngineMaterials/Substrate/GLints/dict_16_192_64_0p5_0p02_0037_0013" 5656
"/Engine/EngineMaterials/Substrate/GLints/dict_16_192_64_0p5_0p02_0037_0012" 5657
"/Engine/EngineMaterials/Substrate/GLints/dict_16_192_64_0p5_0p02_0037_0011" 5658
"/Engine/EngineMaterials/Substrate/GLints/dict_16_192_64_0p5_0p02_0037_0010" 5659
"/Engine/EngineMaterials/Substrate/GLints/dict_16_192_64_0p5_0p02_0037_0009" 5660
"../../../Engine/Content/EngineMaterials/Substrate/GLints/dict_16_192_64_0p5_0p02_0038_0006.uasset" 5661
"/Engine/EngineMaterials/Substrate/GLints/dict_16_192_64_0p5_0p02_0038_0006" 5662
"../../../Engine/Content/EngineMaterials/Substrate/GLints/dict_16_192_64_0p5_0p02_0038_0005.uasset" 5663
"/Engine/EngineMaterials/Substrate/GLints/dict_16_192_64_0p5_0p02_0038_0004" 5664
"/Engine/EngineMaterials/Substrate/GLints/dict_16_192_64_0p5_0p02_0038_0003" 5665
"/Engine/EngineMaterials/Substrate/GLints/dict_16_192_64_0p5_0p02_0038_0002" 5666
"/Engine/EngineMaterials/Substrate/GLints/dict_16_192_64_0p5_0p02_0038_0001" 5667
"/Engine/EngineMaterials/Substrate/GLints/dict_16_192_64_0p5_0p02_0038_0000" 5668
"/Engine/EngineMaterials/Substrate/GLints/dict_16_192_64_0p5_0p02_0038_0005" 5669
"../../../Engine/Content/EngineMaterials/Substrate/GLints/dict_16_192_64_0p5_0p02_0038_0007.uasset" 5670
"../../../Engine/Content/EngineMaterials/Substrate/GLints/dict_16_192_64_0p5_0p02_0038_0009.uasset" 5671
"../../../Engine/Content/EngineMaterials/Substrate/GLints/dict_16_192_64_0p5_0p02_0038_0011.uasset" 5672
"../../../Engine/Content/EngineMaterials/Substrate/GLints/dict_16_192_64_0p5_0p02_0038_0008.uasset" 5673
"../../../Engine/Content/EngineMaterials/Substrate/GLints/dict_16_192_64_0p5_0p02_0038_0012.uasset" 5674
"../../../Engine/Content/EngineMaterials/Substrate/GLints/dict_16_192_64_0p5_0p02_0038_0013.uasset" 5675
"../../../Engine/Content/EngineMaterials/Substrate/GLints/dict_16_192_64_0p5_0p02_0038_0010.uasset" 5676
"../../../Engine/Content/EngineMaterials/Substrate/GLints/dict_16_192_64_0p5_0p02_0039_0000.uasset" 5677
"../../../Engine/Content/EngineMaterials/Substrate/GLints/dict_16_192_64_0p5_0p02_0039_0001.uasset" 5678
"../../../Engine/Content/EngineMaterials/Substrate/GLints/dict_16_192_64_0p5_0p02_0038_0015.uasset" 5679
"../../../Engine/Content/EngineMaterials/Substrate/GLints/dict_16_192_64_0p5_0p02_0038_0014.uasset" 5680
"../../../Engine/Content/EngineMaterials/Substrate/GLints/dict_16_192_64_0p5_0p02_0039_0002.uasset" 5681
"../../../Engine/Content/EngineMaterials/Substrate/GLints/dict_16_192_64_0p5_0p02_0039_0004.uasset" 5682
"../../../Engine/Content/EngineMaterials/Substrate/GLints/dict_16_192_64_0p5_0p02_0039_0003.uasset" 5683
"../../../Engine/Content/EngineMaterials/Substrate/GLints/dict_16_192_64_0p5_0p02_0039_0005.uasset" 5684
"/Engine/EngineMaterials/Substrate/GLints/dict_16_192_64_0p5_0p02_0038_0013" 5685
"../../../Engine/Content/EngineMaterials/Substrate/GLints/dict_16_192_64_0p5_0p02_0039_0008.uasset" 5686
"../../../Engine/Content/EngineMaterials/Substrate/GLints/dict_16_192_64_0p5_0p02_0039_0007.uasset" 5687
"../../../Engine/Content/EngineMaterials/Substrate/GLints/dict_16_192_64_0p5_0p02_0039_0009.uasset" 5688
"../../../Engine/Content/EngineMaterials/Substrate/GLints/dict_16_192_64_0p5_0p02_0039_0006.uasset" 5689
"/Engine/EngineMaterials/Substrate/GLints/dict_16_192_64_0p5_0p02_0039_0005" 5690
"../../../Engine/Content/EngineMaterials/Substrate/GLints/dict_16_192_64_0p5_0p02_0039_0011.uasset" 5691
"../../../Engine/Content/EngineMaterials/Substrate/GLints/dict_16_192_64_0p5_0p02_0039_0010.uasset" 5692
"/Engine/EngineMaterials/Substrate/GLints/dict_16_192_64_0p5_0p02_0039_0004" 5693
"/Engine/EngineMaterials/Substrate/GLints/dict_16_192_64_0p5_0p02_0039_0003" 5694
"/Engine/EngineMaterials/Substrate/GLints/dict_16_192_64_0p5_0p02_0038_0012" 5695
"/Engine/EngineMaterials/Substrate/GLints/dict_16_192_64_0p5_0p02_0039_0002" 5696
"/Engine/EngineMaterials/Substrate/GLints/dict_16_192_64_0p5_0p02_0039_0001" 5697
"../../../Engine/Content/EngineMaterials/Substrate/GLints/dict_16_192_64_0p5_0p02_0039_0013.uasset" 5698
"/Engine/EngineMaterials/Substrate/GLints/dict_16_192_64_0p5_0p02_0038_0011" 5699
"../../../Engine/Content/EngineMaterials/Substrate/GLints/dict_16_192_64_0p5_0p02_0039_0012.uasset" 5700
"/Engine/EngineMaterials/Substrate/GLints/dict_16_192_64_0p5_0p02_0038_0010" 5701
"/Engine/EngineMaterials/Substrate/GLints/dict_16_192_64_0p5_0p02_0038_0009" 5702
"/Engine/EngineMaterials/Substrate/GLints/dict_16_192_64_0p5_0p02_0038_0008" 5703
"/Engine/EngineMaterials/Substrate/GLints/dict_16_192_64_0p5_0p02_0039_0000" 5704
"/Engine/EngineMaterials/Substrate/GLints/dict_16_192_64_0p5_0p02_0038_0007" 5705
"/Engine/EngineMaterials/Substrate/GLints/dict_16_192_64_0p5_0p02_0038_0015" 5706
"/Engine/EngineMaterials/Substrate/GLints/dict_16_192_64_0p5_0p02_0038_0014" 5707
"/Engine/EngineMaterials/Substrate/GLints/dict_16_192_64_0p5_0p02_0039_0008" 5708
"/Engine/EngineMaterials/Substrate/GLints/dict_16_192_64_0p5_0p02_0039_0007" 5709
"../../../Engine/Content/EngineMaterials/Substrate/GLints/dict_16_192_64_0p5_0p02_0039_0015.uasset" 5710
"../../../Engine/Content/EngineMaterials/Substrate/GLints/dict_16_192_64_0p5_0p02_0039_0014.uasset" 5711
"/Engine/EngineMaterials/Substrate/GLints/dict_16_192_64_0p5_0p02_0039_0006" 5712
"../../../Engine/Content/EngineMaterials/Substrate/GLints/dict_16_192_64_0p5_0p02_0040_0001.uasset" 5713
"../../../Engine/Content/EngineMaterials/Substrate/GLints/dict_16_192_64_0p5_0p02_0040_0000.uasset" 5714
"/Engine/EngineMaterials/Substrate/GLints/dict_16_192_64_0p5_0p02_0039_0013" 5715
"/Engine/EngineMaterials/Substrate/GLints/dict_16_192_64_0p5_0p02_0039_0012" 5716
"/Engine/EngineMaterials/Substrate/GLints/dict_16_192_64_0p5_0p02_0039_0011" 5717
"/Engine/EngineMaterials/Substrate/GLints/dict_16_192_64_0p5_0p02_0039_0010" 5718
"../../../Engine/Content/EngineMaterials/Substrate/GLints/dict_16_192_64_0p5_0p02_0040_0003.uasset" 5719
"/Engine/EngineMaterials/Substrate/GLints/dict_16_192_64_0p5_0p02_0039_0009" 5720
"../../../Engine/Content/EngineMaterials/Substrate/GLints/dict_16_192_64_0p5_0p02_0040_0002.uasset" 5721
"/Engine/EngineMaterials/Substrate/GLints/dict_16_192_64_0p5_0p02_0040_0003" 5722
"/Engine/EngineMaterials/Substrate/GLints/dict_16_192_64_0p5_0p02_0040_0002" 5723
"/Engine/EngineMaterials/Substrate/GLints/dict_16_192_64_0p5_0p02_0040_0001" 5724
"/Engine/EngineMaterials/Substrate/GLints/dict_16_192_64_0p5_0p02_0040_0000" 5725
"/Engine/EngineMaterials/Substrate/GLints/dict_16_192_64_0p5_0p02_0039_0015" 5726
"/Engine/EngineMaterials/Substrate/GLints/dict_16_192_64_0p5_0p02_0039_0014" 5727
"../../../Engine/Content/EngineMaterials/Substrate/GLints/dict_16_192_64_0p5_0p02_0040_0005.uasset" 5728
"/Engine/EngineMaterials/Substrate/GLints/dict_16_192_64_0p5_0p02_0040_0005" 5729
"../../../Engine/Content/EngineMaterials/Substrate/GLints/dict_16_192_64_0p5_0p02_0040_0008.uasset" 5730
"../../../Engine/Content/EngineMaterials/Substrate/GLints/dict_16_192_64_0p5_0p02_0040_0009.uasset" 5731
"../../../Engine/Content/EngineMaterials/Substrate/GLints/dict_16_192_64_0p5_0p02_0040_0012.uasset" 5732
"../../../Engine/Content/EngineMaterials/Substrate/GLints/dict_16_192_64_0p5_0p02_0040_0007.uasset" 5733
"../../../Engine/Content/EngineMaterials/Substrate/GLints/dict_16_192_64_0p5_0p02_0040_0004.uasset" 5734
"../../../Engine/Content/EngineMaterials/Substrate/GLints/dict_16_192_64_0p5_0p02_0040_0006.uasset" 5735
"../../../Engine/Content/EngineMaterials/Substrate/GLints/dict_16_192_64_0p5_0p02_0040_0014.uasset" 5736
"../../../Engine/Content/EngineMaterials/Substrate/GLints/dict_16_192_64_0p5_0p02_0040_0011.uasset" 5737
"../../../Engine/Content/EngineMaterials/Substrate/GLints/dict_16_192_64_0p5_0p02_0040_0010.uasset" 5738
"../../../Engine/Content/EngineMaterials/Substrate/GLints/dict_16_192_64_0p5_0p02_0041_0007.uasset" 5739
"../../../Engine/Content/EngineMaterials/Substrate/GLints/dict_16_192_64_0p5_0p02_0040_0015.uasset" 5740
"../../../Engine/Content/EngineMaterials/Substrate/GLints/dict_16_192_64_0p5_0p02_0041_0006.uasset" 5741
"../../../Engine/Content/EngineMaterials/Substrate/GLints/dict_16_192_64_0p5_0p02_0041_0001.uasset" 5742
"../../../Engine/Content/EngineMaterials/Substrate/GLints/dict_16_192_64_0p5_0p02_0041_0000.uasset" 5743
"../../../Engine/Content/EngineMaterials/Substrate/GLints/dict_16_192_64_0p5_0p02_0041_0003.uasset" 5744
"../../../Engine/Content/EngineMaterials/Substrate/GLints/dict_16_192_64_0p5_0p02_0041_0004.uasset" 5745
"../../../Engine/Content/EngineMaterials/Substrate/GLints/dict_16_192_64_0p5_0p02_0040_0013.uasset" 5746
"../../../Engine/Content/EngineMaterials/Substrate/GLints/dict_16_192_64_0p5_0p02_0041_0002.uasset" 5747
"../../../Engine/Content/EngineMaterials/Substrate/GLints/dict_16_192_64_0p5_0p02_0041_0009.uasset" 5748
"../../../Engine/Content/EngineMaterials/Substrate/GLints/dict_16_192_64_0p5_0p02_0041_0008.uasset" 5749
"../../../Engine/Content/EngineMaterials/Substrate/GLints/dict_16_192_64_0p5_0p02_0041_0012.uasset" 5750
"../../../Engine/Content/EngineMaterials/Substrate/GLints/dict_16_192_64_0p5_0p02_0042_0000.uasset" 5751
"../../../Engine/Content/EngineMaterials/Substrate/GLints/dict_16_192_64_0p5_0p02_0041_0014.uasset" 5752
"../../../Engine/Content/EngineMaterials/Substrate/GLints/dict_16_192_64_0p5_0p02_0041_0013.uasset" 5753
"../../../Engine/Content/EngineMaterials/Substrate/GLints/dict_16_192_64_0p5_0p02_0042_0001.uasset" 5754
"../../../Engine/Content/EngineMaterials/Substrate/GLints/dict_16_192_64_0p5_0p02_0041_0010.uasset" 5755
"/Engine/EngineMaterials/Substrate/GLints/dict_16_192_64_0p5_0p02_0041_0013" 5756
"../../../Engine/Content/EngineMaterials/Substrate/GLints/dict_16_192_64_0p5_0p02_0041_0015.uasset" 5757
"../../../Engine/Content/EngineMaterials/Substrate/GLints/dict_16_192_64_0p5_0p02_0041_0011.uasset" 5758
"/Engine/EngineMaterials/Substrate/GLints/dict_16_192_64_0p5_0p02_0041_0012" 5759
"../../../Engine/Content/EngineMaterials/Substrate/GLints/dict_16_192_64_0p5_0p02_0041_0005.uasset" 5760
"/Engine/EngineMaterials/Substrate/GLints/dict_16_192_64_0p5_0p02_0041_0004" 5761
"/Engine/EngineMaterials/Substrate/GLints/dict_16_192_64_0p5_0p02_0041_0003" 5762
"/Engine/EngineMaterials/Substrate/GLints/dict_16_192_64_0p5_0p02_0041_0002" 5763
"/Engine/EngineMaterials/Substrate/GLints/dict_16_192_64_0p5_0p02_0041_0001" 5764
"/Engine/EngineMaterials/Substrate/GLints/dict_16_192_64_0p5_0p02_0041_0000" 5765
"../../../Engine/Content/EngineMaterials/Substrate/GLints/dict_16_192_64_0p5_0p02_0042_0003.uasset" 5766
"/Engine/EngineMaterials/Substrate/GLints/dict_16_192_64_0p5_0p02_0040_0015" 5767
"../../../Engine/Content/EngineMaterials/Substrate/GLints/dict_16_192_64_0p5_0p02_0042_0004.uasset" 5768
"/Engine/EngineMaterials/Substrate/GLints/dict_16_192_64_0p5_0p02_0040_0014" 5769
"/Engine/EngineMaterials/Substrate/GLints/dict_16_192_64_0p5_0p02_0040_0013" 5770
"../../../Engine/Content/EngineMaterials/Substrate/GLints/dict_16_192_64_0p5_0p02_0042_0002.uasset" 5771
"/Engine/EngineMaterials/Substrate/GLints/dict_16_192_64_0p5_0p02_0040_0012" 5772
"/Engine/EngineMaterials/Substrate/GLints/dict_16_192_64_0p5_0p02_0040_0011" 5773
"/Engine/EngineMaterials/Substrate/GLints/dict_16_192_64_0p5_0p02_0040_0010" 5774
"/Engine/EngineMaterials/Substrate/GLints/dict_16_192_64_0p5_0p02_0040_0009" 5775
"/Engine/EngineMaterials/Substrate/GLints/dict_16_192_64_0p5_0p02_0040_0008" 5776
"/Engine/EngineMaterials/Substrate/GLints/dict_16_192_64_0p5_0p02_0040_0006" 5777
"/Engine/EngineMaterials/Substrate/GLints/dict_16_192_64_0p5_0p02_0040_0004" 5778
"/Engine/EngineMaterials/Substrate/GLints/dict_16_192_64_0p5_0p02_0042_0001" 5779
"/Engine/EngineMaterials/Substrate/GLints/dict_16_192_64_0p5_0p02_0042_0000" 5780
"/Engine/EngineMaterials/Substrate/GLints/dict_16_192_64_0p5_0p02_0041_0014" 5781
"/Engine/EngineMaterials/Substrate/GLints/dict_16_192_64_0p5_0p02_0041_0009" 5782
"/Engine/EngineMaterials/Substrate/GLints/dict_16_192_64_0p5_0p02_0041_0008" 5783
"/Engine/EngineMaterials/Substrate/GLints/dict_16_192_64_0p5_0p02_0041_0007" 5784
"/Engine/EngineMaterials/Substrate/GLints/dict_16_192_64_0p5_0p02_0041_0006" 5785
"/Engine/EngineMaterials/Substrate/GLints/dict_16_192_64_0p5_0p02_0040_0007" 5786
"/Engine/EngineMaterials/Substrate/GLints/dict_16_192_64_0p5_0p02_0041_0005" 5787
"/Engine/EngineMaterials/Substrate/GLints/dict_16_192_64_0p5_0p02_0041_0011" 5788
"/Engine/EngineMaterials/Substrate/GLints/dict_16_192_64_0p5_0p02_0042_0004" 5789
"/Engine/EngineMaterials/Substrate/GLints/dict_16_192_64_0p5_0p02_0042_0003" 5790
"/Engine/EngineMaterials/Substrate/GLints/dict_16_192_64_0p5_0p02_0042_0002" 5791
"/Engine/EngineMaterials/Substrate/GLints/dict_16_192_64_0p5_0p02_0041_0015" 5792
"/Engine/EngineMaterials/Substrate/GLints/dict_16_192_64_0p5_0p02_0041_0010" 5793
"../../../Engine/Content/EngineMaterials/Substrate/GLints/dict_16_192_64_0p5_0p02_0042_0009.uasset" 5794
"../../../Engine/Content/EngineMaterials/Substrate/GLints/dict_16_192_64_0p5_0p02_0042_0013.uasset" 5795
"../../../Engine/Content/EngineMaterials/Substrate/GLints/dict_16_192_64_0p5_0p02_0042_0015.uasset" 5796
"../../../Engine/Content/EngineMaterials/Substrate/GLints/dict_16_192_64_0p5_0p02_0042_0010.uasset" 5797
"../../../Engine/Content/EngineMaterials/Substrate/GLints/dict_16_192_64_0p5_0p02_0042_0006.uasset" 5798
"../../../Engine/Content/EngineMaterials/Substrate/GLints/dict_16_192_64_0p5_0p02_0042_0007.uasset" 5799
"../../../Engine/Content/EngineMaterials/Substrate/GLints/dict_16_192_64_0p5_0p02_0042_0012.uasset" 5800
"../../../Engine/Content/EngineMaterials/Substrate/GLints/dict_16_192_64_0p5_0p02_0042_0011.uasset" 5801
"../../../Engine/Content/EngineMaterials/Substrate/GLints/dict_16_192_64_0p5_0p02_0043_0000.uasset" 5802
"../../../Engine/Content/EngineMaterials/Substrate/GLints/dict_16_192_64_0p5_0p02_0042_0005.uasset" 5803
"../../../Engine/Content/EngineMaterials/Substrate/GLints/dict_16_192_64_0p5_0p02_0043_0001.uasset" 5804
"../../../Engine/Content/EngineMaterials/Substrate/GLints/dict_16_192_64_0p5_0p02_0042_0014.uasset" 5805
"../../../Engine/Content/EngineMaterials/Substrate/GLints/dict_16_192_64_0p5_0p02_0042_0008.uasset" 5806
"/Engine/EngineMaterials/Substrate/GLints/dict_16_192_64_0p5_0p02_0043_0001" 5807
"/Engine/EngineMaterials/Substrate/GLints/dict_16_192_64_0p5_0p02_0043_0000" 5808
"../../../Engine/Content/EngineMaterials/Substrate/GLints/dict_16_192_64_0p5_0p02_0043_0008.uasset" 5809
"../../../Engine/Content/EngineMaterials/Substrate/GLints/dict_16_192_64_0p5_0p02_0043_0011.uasset" 5810
"../../../Engine/Content/EngineMaterials/Substrate/GLints/dict_16_192_64_0p5_0p02_0043_0006.uasset" 5811
"../../../Engine/Content/EngineMaterials/Substrate/GLints/dict_16_192_64_0p5_0p02_0043_0009.uasset" 5812
"../../../Engine/Content/EngineMaterials/Substrate/GLints/dict_16_192_64_0p5_0p02_0043_0007.uasset" 5813
"/Engine/EngineMaterials/Substrate/GLints/dict_16_192_64_0p5_0p02_0042_0015" 5814
"../../../Engine/Content/EngineMaterials/Substrate/GLints/dict_16_192_64_0p5_0p02_0043_0010.uasset" 5815
"/Engine/EngineMaterials/Substrate/GLints/dict_16_192_64_0p5_0p02_0042_0014" 5816
"../../../Engine/Content/EngineMaterials/Substrate/GLints/dict_16_192_64_0p5_0p02_0043_0004.uasset" 5817
"/Engine/EngineMaterials/Substrate/GLints/dict_16_192_64_0p5_0p02_0042_0013" 5818
"../../../Engine/Content/EngineMaterials/Substrate/GLints/dict_16_192_64_0p5_0p02_0043_0003.uasset" 5819
"/Engine/EngineMaterials/Substrate/GLints/dict_16_192_64_0p5_0p02_0042_0012" 5820
"/Engine/EngineMaterials/Substrate/GLints/dict_16_192_64_0p5_0p02_0042_0011" 5821
"/Engine/EngineMaterials/Substrate/GLints/dict_16_192_64_0p5_0p02_0042_0010" 5822
"../../../Engine/Content/EngineMaterials/Substrate/GLints/dict_16_192_64_0p5_0p02_0043_0002.uasset" 5823
"/Engine/EngineMaterials/Substrate/GLints/dict_16_192_64_0p5_0p02_0042_0009" 5824
"../../../Engine/Content/EngineMaterials/Substrate/GLints/dict_16_192_64_0p5_0p02_0043_0013.uasset" 5825
"/Engine/EngineMaterials/Substrate/GLints/dict_16_192_64_0p5_0p02_0042_0008" 5826
"/Engine/EngineMaterials/Substrate/GLints/dict_16_192_64_0p5_0p02_0042_0007" 5827
"../../../Engine/Content/EngineMaterials/Substrate/GLints/dict_16_192_64_0p5_0p02_0043_0005.uasset" 5828
"../../../Engine/Content/EngineMaterials/Substrate/GLints/dict_16_192_64_0p5_0p02_0043_0014.uasset" 5829
"../../../Engine/Content/EngineMaterials/Substrate/GLints/dict_16_192_64_0p5_0p02_0044_0004.uasset" 5830
"../../../Engine/Content/EngineMaterials/Substrate/GLints/dict_16_192_64_0p5_0p02_0044_0001.uasset" 5831
"../../../Engine/Content/EngineMaterials/Substrate/GLints/dict_16_192_64_0p5_0p02_0044_0002.uasset" 5832
"../../../Engine/Content/EngineMaterials/Substrate/GLints/dict_16_192_64_0p5_0p02_0043_0012.uasset" 5833
"../../../Engine/Content/EngineMaterials/Substrate/GLints/dict_16_192_64_0p5_0p02_0043_0015.uasset" 5834
"/Engine/EngineMaterials/Substrate/GLints/dict_16_192_64_0p5_0p02_0042_0006" 5835
"/Engine/EngineMaterials/Substrate/GLints/dict_16_192_64_0p5_0p02_0042_0005" 5836
"/Engine/EngineMaterials/Substrate/GLints/dict_16_192_64_0p5_0p02_0044_0004" 5837
"/Engine/EngineMaterials/Substrate/GLints/dict_16_192_64_0p5_0p02_0043_0013" 5838
"../../../Engine/Content/EngineMaterials/Substrate/GLints/dict_16_192_64_0p5_0p02_0044_0003.uasset" 5839
"/Engine/EngineMaterials/Substrate/GLints/dict_16_192_64_0p5_0p02_0043_0012" 5840
"/Engine/EngineMaterials/Substrate/GLints/dict_16_192_64_0p5_0p02_0043_0011" 5841
"/Engine/EngineMaterials/Substrate/GLints/dict_16_192_64_0p5_0p02_0043_0010" 5842
"/Engine/EngineMaterials/Substrate/GLints/dict_16_192_64_0p5_0p02_0043_0009" 5843
"/Engine/EngineMaterials/Substrate/GLints/dict_16_192_64_0p5_0p02_0043_0008" 5844
"/Engine/EngineMaterials/Substrate/GLints/dict_16_192_64_0p5_0p02_0043_0007" 5845
"/Engine/EngineMaterials/Substrate/GLints/dict_16_192_64_0p5_0p02_0043_0006" 5846
"/Engine/EngineMaterials/Substrate/GLints/dict_16_192_64_0p5_0p02_0043_0005" 5847
"/Engine/EngineMaterials/Substrate/GLints/dict_16_192_64_0p5_0p02_0043_0004" 5848
"/Engine/EngineMaterials/Substrate/GLints/dict_16_192_64_0p5_0p02_0043_0003" 5849
"../../../Engine/Content/EngineMaterials/Substrate/GLints/dict_16_192_64_0p5_0p02_0044_0000.uasset" 5850
"/Engine/EngineMaterials/Substrate/GLints/dict_16_192_64_0p5_0p02_0043_0002" 5851
"/Engine/EngineMaterials/Substrate/GLints/dict_16_192_64_0p5_0p02_0044_0002" 5852
"/Engine/EngineMaterials/Substrate/GLints/dict_16_192_64_0p5_0p02_0044_0001" 5853
"/Engine/EngineMaterials/Substrate/GLints/dict_16_192_64_0p5_0p02_0043_0015" 5854
"/Engine/EngineMaterials/Substrate/GLints/dict_16_192_64_0p5_0p02_0043_0014" 5855
"/Engine/EngineMaterials/Substrate/GLints/dict_16_192_64_0p5_0p02_0044_0003" 5856
"/Engine/EngineMaterials/Substrate/GLints/dict_16_192_64_0p5_0p02_0044_0000" 5857
"../../../Engine/Content/EngineMaterials/Substrate/GLints/dict_16_192_64_0p5_0p02_0044_0005.uasset" 5858
"../../../Engine/Content/EngineMaterials/Substrate/GLints/dict_16_192_64_0p5_0p02_0044_0008.uasset" 5859
"../../../Engine/Content/EngineMaterials/Substrate/GLints/dict_16_192_64_0p5_0p02_0044_0011.uasset" 5860
"../../../Engine/Content/EngineMaterials/Substrate/GLints/dict_16_192_64_0p5_0p02_0044_0007.uasset" 5861
"../../../Engine/Content/EngineMaterials/Substrate/GLints/dict_16_192_64_0p5_0p02_0044_0014.uasset" 5862
"../../../Engine/Content/EngineMaterials/Substrate/GLints/dict_16_192_64_0p5_0p02_0044_0006.uasset" 5863
"../../../Engine/Content/EngineMaterials/Substrate/GLints/dict_16_192_64_0p5_0p02_0044_0010.uasset" 5864
"../../../Engine/Content/EngineMaterials/Substrate/GLints/dict_16_192_64_0p5_0p02_0044_0012.uasset" 5865
"../../../Engine/Content/EngineMaterials/Substrate/GLints/dict_16_192_64_0p5_0p02_0044_0013.uasset" 5866
"../../../Engine/Content/EngineMaterials/Substrate/GLints/dict_16_192_64_0p5_0p02_0044_0015.uasset" 5867
"../../../Engine/Content/EngineMaterials/Substrate/GLints/dict_16_192_64_0p5_0p02_0044_0009.uasset" 5868
"../../../Engine/Content/EngineMaterials/Substrate/GLints/dict_16_192_64_0p5_0p02_0045_0003.uasset" 5869
"../../../Engine/Content/EngineMaterials/Substrate/GLints/dict_16_192_64_0p5_0p02_0045_0005.uasset" 5870
"../../../Engine/Content/EngineMaterials/Substrate/GLints/dict_16_192_64_0p5_0p02_0045_0007.uasset" 5871
"../../../Engine/Content/EngineMaterials/Substrate/GLints/dict_16_192_64_0p5_0p02_0045_0004.uasset" 5872
"../../../Engine/Content/EngineMaterials/Substrate/GLints/dict_16_192_64_0p5_0p02_0045_0009.uasset" 5873
"../../../Engine/Content/EngineMaterials/Substrate/GLints/dict_16_192_64_0p5_0p02_0045_0002.uasset" 5874
"../../../Engine/Content/EngineMaterials/Substrate/GLints/dict_16_192_64_0p5_0p02_0045_0000.uasset" 5875
"../../../Engine/Content/EngineMaterials/Substrate/GLints/dict_16_192_64_0p5_0p02_0045_0008.uasset" 5876
"../../../Engine/Content/EngineMaterials/Substrate/GLints/dict_16_192_64_0p5_0p02_0045_0010.uasset" 5877
"../../../Engine/Content/EngineMaterials/Substrate/GLints/dict_16_192_64_0p5_0p02_0045_0012.uasset" 5878
"../../../Engine/Content/EngineMaterials/Substrate/GLints/dict_16_192_64_0p5_0p02_0045_0001.uasset" 5879
"../../../Engine/Content/EngineMaterials/Substrate/GLints/dict_16_192_64_0p5_0p02_0045_0011.uasset" 5880
"../../../Engine/Content/EngineMaterials/Substrate/GLints/dict_16_192_64_0p5_0p02_0045_0013.uasset" 5881
"/Engine/EngineMaterials/Substrate/GLints/dict_16_192_64_0p5_0p02_0045_0013" 5882
"../../../Engine/Content/EngineMaterials/Substrate/GLints/dict_16_192_64_0p5_0p02_0046_0001.uasset" 5883
"../../../Engine/Content/EngineMaterials/Substrate/GLints/dict_16_192_64_0p5_0p02_0045_0015.uasset" 5884
"../../../Engine/Content/EngineMaterials/Substrate/GLints/dict_16_192_64_0p5_0p02_0046_0004.uasset" 5885
"../../../Engine/Content/EngineMaterials/Substrate/GLints/dict_16_192_64_0p5_0p02_0045_0006.uasset" 5886
"../../../Engine/Content/EngineMaterials/Substrate/GLints/dict_16_192_64_0p5_0p02_0046_0003.uasset" 5887
"../../../Engine/Content/EngineMaterials/Substrate/GLints/dict_16_192_64_0p5_0p02_0046_0002.uasset" 5888
"/Engine/EngineMaterials/Substrate/GLints/dict_16_192_64_0p5_0p02_0045_0012" 5889
"../../../Engine/Content/EngineMaterials/Substrate/GLints/dict_16_192_64_0p5_0p02_0046_0000.uasset" 5890
"/Engine/EngineMaterials/Substrate/GLints/dict_16_192_64_0p5_0p02_0045_0011" 5891
"/Engine/EngineMaterials/Substrate/GLints/dict_16_192_64_0p5_0p02_0045_0010" 5892
"../../../Engine/Content/EngineMaterials/Substrate/GLints/dict_16_192_64_0p5_0p02_0045_0014.uasset" 5893
"/Engine/EngineMaterials/Substrate/GLints/dict_16_192_64_0p5_0p02_0045_0009" 5894
"/Engine/EngineMaterials/Substrate/GLints/dict_16_192_64_0p5_0p02_0045_0008" 5895
"/Engine/EngineMaterials/Substrate/GLints/dict_16_192_64_0p5_0p02_0045_0007" 5896
"/Engine/EngineMaterials/Substrate/GLints/dict_16_192_64_0p5_0p02_0045_0001" 5897
"/Engine/EngineMaterials/Substrate/GLints/dict_16_192_64_0p5_0p02_0045_0000" 5898
"/Engine/EngineMaterials/Substrate/GLints/dict_16_192_64_0p5_0p02_0045_0005" 5899
"/Engine/EngineMaterials/Substrate/GLints/dict_16_192_64_0p5_0p02_0044_0015" 5900
"/Engine/EngineMaterials/Substrate/GLints/dict_16_192_64_0p5_0p02_0044_0014" 5901
"/Engine/EngineMaterials/Substrate/GLints/dict_16_192_64_0p5_0p02_0044_0013" 5902
"/Engine/EngineMaterials/Substrate/GLints/dict_16_192_64_0p5_0p02_0045_0004" 5903
"/Engine/EngineMaterials/Substrate/GLints/dict_16_192_64_0p5_0p02_0044_0012" 5904
"/Engine/EngineMaterials/Substrate/GLints/dict_16_192_64_0p5_0p02_0044_0011" 5905
"/Engine/EngineMaterials/Substrate/GLints/dict_16_192_64_0p5_0p02_0045_0003" 5906
"/Engine/EngineMaterials/Substrate/GLints/dict_16_192_64_0p5_0p02_0044_0010" 5907
"/Engine/EngineMaterials/Substrate/GLints/dict_16_192_64_0p5_0p02_0045_0002" 5908
"/Engine/EngineMaterials/Substrate/GLints/dict_16_192_64_0p5_0p02_0044_0009" 5909
"/Engine/EngineMaterials/Substrate/GLints/dict_16_192_64_0p5_0p02_0044_0008" 5910
"/Engine/EngineMaterials/Substrate/GLints/dict_16_192_64_0p5_0p02_0044_0007" 5911
"/Engine/EngineMaterials/Substrate/GLints/dict_16_192_64_0p5_0p02_0044_0006" 5912
"/Engine/EngineMaterials/Substrate/GLints/dict_16_192_64_0p5_0p02_0044_0005" 5913
"/Engine/EngineMaterials/Substrate/GLints/dict_16_192_64_0p5_0p02_0046_0002" 5914
"/Engine/EngineMaterials/Substrate/GLints/dict_16_192_64_0p5_0p02_0046_0001" 5915
"/Engine/EngineMaterials/Substrate/GLints/dict_16_192_64_0p5_0p02_0046_0000" 5916
"/Engine/EngineMaterials/Substrate/GLints/dict_16_192_64_0p5_0p02_0046_0004" 5917
"/Engine/EngineMaterials/Substrate/GLints/dict_16_192_64_0p5_0p02_0045_0015" 5918
"/Engine/EngineMaterials/Substrate/GLints/dict_16_192_64_0p5_0p02_0045_0014" 5919
"/Engine/EngineMaterials/Substrate/GLints/dict_16_192_64_0p5_0p02_0045_0006" 5920
"/Engine/EngineMaterials/Substrate/GLints/dict_16_192_64_0p5_0p02_0046_0003" 5921
"../../../Engine/Content/EngineMaterials/Substrate/GLints/dict_16_192_64_0p5_0p02_0046_0011.uasset" 5922
"../../../Engine/Content/EngineMaterials/Substrate/GLints/dict_16_192_64_0p5_0p02_0046_0007.uasset" 5923
"../../../Engine/Content/EngineMaterials/Substrate/GLints/dict_16_192_64_0p5_0p02_0046_0008.uasset" 5924
"../../../Engine/Content/EngineMaterials/Substrate/GLints/dict_16_192_64_0p5_0p02_0046_0009.uasset" 5925
"../../../Engine/Content/EngineMaterials/Substrate/GLints/dict_16_192_64_0p5_0p02_0046_0015.uasset" 5926
"../../../Engine/Content/EngineMaterials/Substrate/GLints/dict_16_192_64_0p5_0p02_0046_0012.uasset" 5927
"../../../Engine/Content/EngineMaterials/Substrate/GLints/dict_16_192_64_0p5_0p02_0046_0005.uasset" 5928
"../../../Engine/Content/EngineMaterials/Substrate/GLints/dict_16_192_64_0p5_0p02_0047_0000.uasset" 5929
"../../../Engine/Content/EngineMaterials/Substrate/GLints/dict_16_192_64_0p5_0p02_0046_0010.uasset" 5930
"../../../Engine/Content/EngineMaterials/Substrate/GLints/dict_16_192_64_0p5_0p02_0047_0001.uasset" 5931
"../../../Engine/Content/EngineMaterials/Substrate/GLints/dict_16_192_64_0p5_0p02_0046_0014.uasset" 5932
"../../../Engine/Content/EngineMaterials/Substrate/GLints/dict_16_192_64_0p5_0p02_0046_0006.uasset" 5933
"../../../Engine/Content/EngineMaterials/Substrate/GLints/dict_16_192_64_0p5_0p02_0047_0006.uasset" 5934
"../../../Engine/Content/EngineMaterials/Substrate/GLints/dict_16_192_64_0p5_0p02_0047_0009.uasset" 5935
"../../../Engine/Content/EngineMaterials/Substrate/GLints/dict_16_192_64_0p5_0p02_0047_0008.uasset" 5936
"../../../Engine/Content/EngineMaterials/Substrate/GLints/dict_16_192_64_0p5_0p02_0047_0004.uasset" 5937
"../../../Engine/Content/EngineMaterials/Substrate/GLints/dict_16_192_64_0p5_0p02_0047_0002.uasset" 5938
"../../../Engine/Content/EngineMaterials/Substrate/GLints/dict_16_192_64_0p5_0p02_0047_0011.uasset" 5939
"../../../Engine/Content/EngineMaterials/Substrate/GLints/dict_16_192_64_0p5_0p02_0047_0005.uasset" 5940
"/Engine/EngineMaterials/Substrate/GLints/dict_16_192_64_0p5_0p02_0047_0011" 5941
"../../../Engine/Content/EngineMaterials/Substrate/GLints/dict_16_192_64_0p5_0p02_0047_0003.uasset" 5942
"/Engine/EngineMaterials/Substrate/GLints/dict_16_192_64_0p5_0p02_0047_0009" 5943
"/Engine/EngineMaterials/Substrate/GLints/dict_16_192_64_0p5_0p02_0047_0008" 5944
"../../../Engine/Content/EngineMaterials/Substrate/GLints/dict_16_192_64_0p5_0p02_0047_0015.uasset" 5945
"../../../Engine/Content/EngineMaterials/Substrate/GLints/dict_16_192_64_0p5_0p02_0047_0007.uasset" 5946
"../../../Engine/Content/EngineMaterials/Substrate/GLints/dict_16_192_64_0p5_0p02_0047_0014.uasset" 5947
"/Engine/EngineMaterials/Substrate/GLints/dict_16_192_64_0p5_0p02_0047_0006" 5948
"/Engine/EngineMaterials/Substrate/GLints/dict_16_192_64_0p5_0p02_0047_0005" 5949
"../../../Engine/Content/EngineMaterials/Substrate/GLints/dict_16_192_64_0p5_0p02_0048_0001.uasset" 5950
"/Engine/EngineMaterials/Substrate/GLints/dict_16_192_64_0p5_0p02_0047_0004" 5951
"/Engine/EngineMaterials/Substrate/GLints/dict_16_192_64_0p5_0p02_0047_0002" 5952
"../../../Engine/Content/EngineMaterials/Substrate/GLints/dict_16_192_64_0p5_0p02_0048_0004.uasset" 5953
"../../../Engine/Content/EngineMaterials/Substrate/GLints/dict_16_192_64_0p5_0p02_0048_0000.uasset" 5954
"/Engine/EngineMaterials/Substrate/GLints/dict_16_192_64_0p5_0p02_0047_0001" 5955
"/Engine/EngineMaterials/Substrate/GLints/dict_16_192_64_0p5_0p02_0047_0000" 5956
"/Engine/EngineMaterials/Substrate/GLints/dict_16_192_64_0p5_0p02_0046_0015" 5957
"../../../Engine/Content/EngineMaterials/Substrate/GLints/dict_16_192_64_0p5_0p02_0046_0013.uasset" 5958
"../../../Engine/Content/EngineMaterials/Substrate/GLints/dict_16_192_64_0p5_0p02_0047_0010.uasset" 5959
"/Engine/EngineMaterials/Substrate/GLints/dict_16_192_64_0p5_0p02_0046_0014" 5960
"../../../Engine/Content/EngineMaterials/Substrate/GLints/dict_16_192_64_0p5_0p02_0047_0012.uasset" 5961
"/Engine/EngineMaterials/Substrate/GLints/dict_16_192_64_0p5_0p02_0046_0012" 5962
"/Engine/EngineMaterials/Substrate/GLints/dict_16_192_64_0p5_0p02_0046_0011" 5963
"../../../Engine/Content/EngineMaterials/Substrate/GLints/dict_16_192_64_0p5_0p02_0047_0013.uasset" 5964
"/Engine/EngineMaterials/Substrate/GLints/dict_16_192_64_0p5_0p02_0046_0010" 5965
"/Engine/EngineMaterials/Substrate/GLints/dict_16_192_64_0p5_0p02_0046_0009" 5966
"../../../Engine/Content/EngineMaterials/Substrate/GLints/dict_16_192_64_0p5_0p02_0048_0002.uasset" 5967
"/Engine/EngineMaterials/Substrate/GLints/dict_16_192_64_0p5_0p02_0046_0008" 5968
"/Engine/EngineMaterials/Substrate/GLints/dict_16_192_64_0p5_0p02_0046_0007" 5969
"/Engine/EngineMaterials/Substrate/GLints/dict_16_192_64_0p5_0p02_0046_0006" 5970
"/Engine/EngineMaterials/Substrate/GLints/dict_16_192_64_0p5_0p02_0046_0005" 5971
"/Engine/EngineMaterials/Substrate/GLints/dict_16_192_64_0p5_0p02_0048_0004" 5972
"/Engine/EngineMaterials/Substrate/GLints/dict_16_192_64_0p5_0p02_0048_0002" 5973
"/Engine/EngineMaterials/Substrate/GLints/dict_16_192_64_0p5_0p02_0048_0001" 5974
"/Engine/EngineMaterials/Substrate/GLints/dict_16_192_64_0p5_0p02_0048_0000" 5975
"/Engine/EngineMaterials/Substrate/GLints/dict_16_192_64_0p5_0p02_0047_0015" 5976
"/Engine/EngineMaterials/Substrate/GLints/dict_16_192_64_0p5_0p02_0047_0012" 5977
"/Engine/EngineMaterials/Substrate/GLints/dict_16_192_64_0p5_0p02_0047_0010" 5978
"/Engine/EngineMaterials/Substrate/GLints/dict_16_192_64_0p5_0p02_0047_0007" 5979
"../../../Engine/Content/EngineMaterials/Substrate/GLints/dict_16_192_64_0p5_0p02_0048_0008.uasset" 5980
"../../../Engine/Content/EngineMaterials/Substrate/GLints/dict_16_192_64_0p5_0p02_0048_0009.uasset" 5981
"../../../Engine/Content/EngineMaterials/Substrate/GLints/dict_16_192_64_0p5_0p02_0048_0014.uasset" 5982
"../../../Engine/Content/EngineMaterials/Substrate/GLints/dict_16_192_64_0p5_0p02_0048_0011.uasset" 5983
"../../../Engine/Content/EngineMaterials/Substrate/GLints/dict_16_192_64_0p5_0p02_0048_0012.uasset" 5984
"../../../Engine/Content/EngineMaterials/Substrate/GLints/dict_16_192_64_0p5_0p02_0048_0013.uasset" 5985
"../../../Engine/Content/EngineMaterials/Substrate/GLints/dict_16_192_64_0p5_0p02_0048_0006.uasset" 5986
"/Engine/EngineMaterials/Substrate/GLints/dict_16_192_64_0p5_0p02_0047_0014" 5987
"../../../Engine/Content/EngineMaterials/Substrate/GLints/dict_16_192_64_0p5_0p02_0048_0010.uasset" 5988
"/Engine/EngineMaterials/Substrate/GLints/dict_16_192_64_0p5_0p02_0047_0003" 5989
"/Engine/EngineMaterials/Substrate/GLints/dict_16_192_64_0p5_0p02_0047_0013" 5990
"/Engine/EngineMaterials/Substrate/GLints/dict_16_192_64_0p5_0p02_0046_0013" 5991
"/Engine/EngineMaterials/Substrate/GLints/dict_16_192_64_0p5_0p02_0048_0014" 5992
"../../../Engine/Content/EngineMaterials/Substrate/GLints/dict_16_192_64_0p5_0p02_0048_0005.uasset" 5993
"../../../Engine/Content/EngineMaterials/Substrate/GLints/dict_16_192_64_0p5_0p02_0049_0002.uasset" 5994
"../../../Engine/Content/EngineMaterials/Substrate/GLints/dict_16_192_64_0p5_0p02_0049_0003.uasset" 5995
"../../../Engine/Content/EngineMaterials/Substrate/GLints/dict_16_192_64_0p5_0p02_0049_0007.uasset" 5996
"/Engine/EngineMaterials/Substrate/GLints/dict_16_192_64_0p5_0p02_0048_0013" 5997
"/Engine/EngineMaterials/Substrate/GLints/dict_16_192_64_0p5_0p02_0048_0012" 5998
"/Engine/EngineMaterials/Substrate/GLints/dict_16_192_64_0p5_0p02_0048_0011" 5999
"/Engine/EngineMaterials/Substrate/GLints/dict_16_192_64_0p5_0p02_0048_0010" 6000
"/Engine/EngineMaterials/Substrate/GLints/dict_16_192_64_0p5_0p02_0048_0009" 6001
"../../../Engine/Content/EngineMaterials/Substrate/GLints/dict_16_192_64_0p5_0p02_0049_0006.uasset" 6002
"../../../Engine/Content/EngineMaterials/Substrate/GLints/dict_16_192_64_0p5_0p02_0048_0007.uasset" 6003
"/Engine/EngineMaterials/Substrate/GLints/dict_16_192_64_0p5_0p02_0048_0008" 6004
"/Engine/EngineMaterials/Substrate/GLints/dict_16_192_64_0p5_0p02_0048_0006" 6005
"/Engine/EngineMaterials/Substrate/GLints/dict_16_192_64_0p5_0p02_0049_0007" 6006
"/Engine/EngineMaterials/Substrate/GLints/dict_16_192_64_0p5_0p02_0049_0003" 6007
"/Engine/EngineMaterials/Substrate/GLints/dict_16_192_64_0p5_0p02_0049_0002" 6008
"/Engine/EngineMaterials/Substrate/GLints/dict_16_192_64_0p5_0p02_0048_0007" 6009
"../../../Engine/Content/EngineMaterials/Substrate/GLints/dict_16_192_64_0p5_0p02_0049_0004.uasset" 6010
"/Engine/EngineMaterials/Substrate/GLints/dict_16_192_64_0p5_0p02_0048_0005" 6011
"/Engine/EngineMaterials/Substrate/GLints/dict_16_192_64_0p5_0p02_0049_0006" 6012
"/Engine/EngineMaterials/Substrate/GLints/dict_16_192_64_0p5_0p02_0049_0004" 6013
"../../../Engine/Content/EngineMaterials/Substrate/GLints/dict_16_192_64_0p5_0p02_0049_0005.uasset" 6014
"../../../Engine/Content/EngineMaterials/Substrate/GLints/dict_16_192_64_0p5_0p02_0049_0008.uasset" 6015
"../../../Engine/Content/EngineMaterials/Substrate/GLints/dict_16_192_64_0p5_0p02_0049_0010.uasset" 6016
"../../../Engine/Content/EngineMaterials/Substrate/GLints/dict_16_192_64_0p5_0p02_0049_0009.uasset" 6017
"../../../Engine/Content/EngineMaterials/Substrate/GLints/dict_16_192_64_0p5_0p02_0049_0012.uasset" 6018
"../../../Engine/Content/EngineMaterials/Substrate/GLints/dict_16_192_64_0p5_0p02_0049_0013.uasset" 6019
"../../../Engine/Content/EngineMaterials/Substrate/GLints/dict_16_192_64_0p5_0p02_0049_0014.uasset" 6020
"../../../Engine/Content/EngineMaterials/Substrate/GLints/dict_16_192_64_0p5_0p02_0050_0001.uasset" 6021
"../../../Engine/Content/EngineMaterials/Substrate/GLints/dict_16_192_64_0p5_0p02_0050_0002.uasset" 6022
"../../../Engine/Content/EngineMaterials/Substrate/GLints/dict_16_192_64_0p5_0p02_0049_0015.uasset" 6023
"../../../Engine/Content/EngineMaterials/Substrate/GLints/dict_16_192_64_0p5_0p02_0050_0003.uasset" 6024
"../../../Engine/Content/EngineMaterials/Substrate/GLints/dict_16_192_64_0p5_0p02_0050_0004.uasset" 6025
"../../../Engine/Content/EngineMaterials/Substrate/GLints/dict_16_192_64_0p5_0p02_0050_0005.uasset" 6026
"../../../Engine/Content/EngineMaterials/Substrate/GLints/dict_16_192_64_0p5_0p02_0050_0000.uasset" 6027
"../../../Engine/Content/EngineMaterials/Substrate/GLints/dict_16_192_64_0p5_0p02_0049_0011.uasset" 6028
"../../../Engine/Content/EngineMaterials/Substrate/GLints/dict_16_192_64_0p5_0p02_0049_0001.uasset" 6029
"../../../Engine/Content/EngineMaterials/Substrate/GLints/dict_16_192_64_0p5_0p02_0048_0003.uasset" 6030
"../../../Engine/Content/EngineMaterials/Substrate/GLints/dict_16_192_64_0p5_0p02_0048_0015.uasset" 6031
"../../../Engine/Content/EngineMaterials/Substrate/GLints/dict_16_192_64_0p5_0p02_0050_0006.uasset" 6032
"../../../Engine/Content/EngineMaterials/Substrate/GLints/dict_16_192_64_0p5_0p02_0050_0009.uasset" 6033
"../../../Engine/Content/EngineMaterials/Substrate/GLints/dict_16_192_64_0p5_0p02_0050_0011.uasset" 6034
"../../../Engine/Content/EngineMaterials/Substrate/GLints/dict_16_192_64_0p5_0p02_0050_0008.uasset" 6035
"../../../Engine/Content/EngineMaterials/Substrate/GLints/dict_16_192_64_0p5_0p02_0050_0007.uasset" 6036
"../../../Engine/Content/EngineMaterials/Substrate/GLints/dict_16_192_64_0p5_0p02_0050_0015.uasset" 6037
"../../../Engine/Content/EngineMaterials/Substrate/GLints/dict_16_192_64_0p5_0p02_0050_0013.uasset" 6038
"../../../Engine/Content/EngineMaterials/Substrate/GLints/dict_16_192_64_0p5_0p02_0050_0012.uasset" 6039
"/Engine/EngineMaterials/Substrate/GLints/dict_16_192_64_0p5_0p02_0050_0003" 6040
"../../../Engine/Content/EngineMaterials/Substrate/GLints/dict_16_192_64_0p5_0p02_0049_0000.uasset" 6041
"/Engine/EngineMaterials/Substrate/GLints/dict_16_192_64_0p5_0p02_0048_0003" 6042
"../../../Engine/Content/EngineMaterials/Substrate/GLints/dict_16_192_64_0p5_0p02_0050_0014.uasset" 6043
"../../../Engine/Content/EngineMaterials/Substrate/GLints/dict_16_192_64_0p5_0p02_0051_0001.uasset" 6044
"/Engine/EngineMaterials/Substrate/GLints/dict_16_192_64_0p5_0p02_0050_0002" 6045
"/Engine/EngineMaterials/Substrate/GLints/dict_16_192_64_0p5_0p02_0050_0001" 6046
"../../../Engine/Content/EngineMaterials/Substrate/GLints/dict_16_192_64_0p5_0p02_0050_0010.uasset" 6047
"/Engine/EngineMaterials/Substrate/GLints/dict_16_192_64_0p5_0p02_0050_0000" 6048
"/Engine/EngineMaterials/Substrate/GLints/dict_16_192_64_0p5_0p02_0049_0015" 6049
"/Engine/EngineMaterials/Substrate/GLints/dict_16_192_64_0p5_0p02_0049_0014" 6050
"/Engine/EngineMaterials/Substrate/GLints/dict_16_192_64_0p5_0p02_0049_0013" 6051
"/Engine/EngineMaterials/Substrate/GLints/dict_16_192_64_0p5_0p02_0049_0005" 6052
"/Engine/EngineMaterials/Substrate/GLints/dict_16_192_64_0p5_0p02_0049_0012" 6053
"/Engine/EngineMaterials/Substrate/GLints/dict_16_192_64_0p5_0p02_0049_0011" 6054
"/Engine/EngineMaterials/Substrate/GLints/dict_16_192_64_0p5_0p02_0050_0015" 6055
"/Engine/EngineMaterials/Substrate/GLints/dict_16_192_64_0p5_0p02_0049_0010" 6056
"/Engine/EngineMaterials/Substrate/GLints/dict_16_192_64_0p5_0p02_0049_0001" 6057
"../../../Engine/Content/EngineMaterials/Substrate/GLints/dict_16_192_64_0p5_0p02_0051_0000.uasset" 6058
"/Engine/EngineMaterials/Substrate/GLints/dict_16_192_64_0p5_0p02_0048_0015" 6059
"/Engine/EngineMaterials/Substrate/GLints/dict_16_192_64_0p5_0p02_0050_0011" 6060
"/Engine/EngineMaterials/Substrate/GLints/dict_16_192_64_0p5_0p02_0049_0009" 6061
"/Engine/EngineMaterials/Substrate/GLints/dict_16_192_64_0p5_0p02_0049_0008" 6062
"../../../Engine/Content/EngineMaterials/Substrate/GLints/dict_16_192_64_0p5_0p02_0051_0002.uasset" 6063
"/Engine/EngineMaterials/Substrate/GLints/dict_16_192_64_0p5_0p02_0050_0009" 6064
"/Engine/EngineMaterials/Substrate/GLints/dict_16_192_64_0p5_0p02_0050_0008" 6065
"/Engine/EngineMaterials/Substrate/GLints/dict_16_192_64_0p5_0p02_0050_0007" 6066
"/Engine/EngineMaterials/Substrate/GLints/dict_16_192_64_0p5_0p02_0050_0006" 6067
"/Engine/EngineMaterials/Substrate/GLints/dict_16_192_64_0p5_0p02_0050_0005" 6068
"/Engine/EngineMaterials/Substrate/GLints/dict_16_192_64_0p5_0p02_0050_0013" 6069
"/Engine/EngineMaterials/Substrate/GLints/dict_16_192_64_0p5_0p02_0050_0004" 6070
"/Engine/EngineMaterials/Substrate/GLints/dict_16_192_64_0p5_0p02_0051_0000" 6071
"/Engine/EngineMaterials/Substrate/GLints/dict_16_192_64_0p5_0p02_0051_0002" 6072
"/Engine/EngineMaterials/Substrate/GLints/dict_16_192_64_0p5_0p02_0051_0001" 6073
"/Engine/EngineMaterials/Substrate/GLints/dict_16_192_64_0p5_0p02_0050_0014" 6074
"/Engine/EngineMaterials/Substrate/GLints/dict_16_192_64_0p5_0p02_0049_0000" 6075
"/Engine/EngineMaterials/Substrate/GLints/dict_16_192_64_0p5_0p02_0050_0010" 6076
"/Engine/EngineMaterials/Substrate/GLints/dict_16_192_64_0p5_0p02_0050_0012" 6077
"../../../Engine/Content/EngineMaterials/Substrate/GLints/dict_16_192_64_0p5_0p02_0051_0014.uasset" 6078
"../../../Engine/Content/EngineMaterials/Substrate/GLints/dict_16_192_64_0p5_0p02_0051_0012.uasset" 6079
"../../../Engine/Content/EngineMaterials/Substrate/GLints/dict_16_192_64_0p5_0p02_0051_0003.uasset" 6080
"../../../Engine/Content/EngineMaterials/Substrate/GLints/dict_16_192_64_0p5_0p02_0051_0004.uasset" 6081
"../../../Engine/Content/EngineMaterials/Substrate/GLints/dict_16_192_64_0p5_0p02_0051_0007.uasset" 6082
"../../../Engine/Content/EngineMaterials/Substrate/GLints/dict_16_192_64_0p5_0p02_0051_0010.uasset" 6083
"../../../Engine/Content/EngineMaterials/Substrate/GLints/dict_16_192_64_0p5_0p02_0051_0008.uasset" 6084
"../../../Engine/Content/EngineMaterials/Substrate/GLints/dict_16_192_64_0p5_0p02_0051_0013.uasset" 6085
"../../../Engine/Content/EngineMaterials/Substrate/GLints/dict_16_192_64_0p5_0p02_0051_0015.uasset" 6086
"../../../Engine/Content/EngineMaterials/Substrate/GLints/dict_16_192_64_0p5_0p02_0051_0011.uasset" 6087
"../../../Engine/Content/EngineMaterials/Substrate/GLints/dict_16_192_64_0p5_0p02_0051_0009.uasset" 6088
"../../../Engine/Content/EngineMaterials/Substrate/GLints/dict_16_192_64_0p5_0p02_0052_0000.uasset" 6089
"../../../Engine/Content/EngineMaterials/Substrate/GLints/dict_16_192_64_0p5_0p02_0051_0005.uasset" 6090
"../../../Engine/Content/EngineMaterials/Substrate/GLints/dict_16_192_64_0p5_0p02_0052_0001.uasset" 6091
"../../../Engine/Content/EngineMaterials/Substrate/GLints/dict_16_192_64_0p5_0p02_0052_0003.uasset" 6092
"../../../Engine/Content/EngineMaterials/Substrate/GLints/dict_16_192_64_0p5_0p02_0052_0006.uasset" 6093
"../../../Engine/Content/EngineMaterials/Substrate/GLints/dict_16_192_64_0p5_0p02_0051_0006.uasset" 6094
"../../../Engine/Content/EngineMaterials/Substrate/GLints/dict_16_192_64_0p5_0p02_0052_0005.uasset" 6095
"/Engine/EngineMaterials/Substrate/GLints/dict_16_192_64_0p5_0p02_0052_0006" 6096
"/Engine/EngineMaterials/Substrate/GLints/dict_16_192_64_0p5_0p02_0052_0003" 6097
"../../../Engine/Content/EngineMaterials/Substrate/GLints/dict_16_192_64_0p5_0p02_0052_0010.uasset" 6098
"/Engine/EngineMaterials/Substrate/GLints/dict_16_192_64_0p5_0p02_0052_0001" 6099
"../../../Engine/Content/EngineMaterials/Substrate/GLints/dict_16_192_64_0p5_0p02_0052_0002.uasset" 6100
"../../../Engine/Content/EngineMaterials/Substrate/GLints/dict_16_192_64_0p5_0p02_0052_0007.uasset" 6101
"/Engine/EngineMaterials/Substrate/GLints/dict_16_192_64_0p5_0p02_0052_0000" 6102
"../../../Engine/Content/EngineMaterials/Substrate/GLints/dict_16_192_64_0p5_0p02_0052_0008.uasset" 6103
"/Engine/EngineMaterials/Substrate/GLints/dict_16_192_64_0p5_0p02_0051_0015" 6104
"../../../Engine/Content/EngineMaterials/Substrate/GLints/dict_16_192_64_0p5_0p02_0052_0004.uasset" 6105
"/Engine/EngineMaterials/Substrate/GLints/dict_16_192_64_0p5_0p02_0051_0014" 6106
"../../../Engine/Content/EngineMaterials/Substrate/GLints/dict_16_192_64_0p5_0p02_0052_0009.uasset" 6107
"../../../Engine/Content/EngineMaterials/Substrate/GLints/dict_16_192_64_0p5_0p02_0052_0013.uasset" 6108
"../../../Engine/Content/EngineMaterials/Substrate/GLints/dict_16_192_64_0p5_0p02_0052_0015.uasset" 6109
"../../../Engine/Content/EngineMaterials/Substrate/GLints/dict_16_192_64_0p5_0p02_0052_0014.uasset" 6110
"../../../Engine/Content/EngineMaterials/Substrate/GLints/dict_16_192_64_0p5_0p02_0053_0001.uasset" 6111
"../../../Engine/Content/EngineMaterials/Substrate/GLints/dict_16_192_64_0p5_0p02_0053_0000.uasset" 6112
"../../../Engine/Content/EngineMaterials/Substrate/GLints/dict_16_192_64_0p5_0p02_0052_0012.uasset" 6113
"../../../Engine/Content/EngineMaterials/Substrate/GLints/dict_16_192_64_0p5_0p02_0052_0011.uasset" 6114
"/Engine/EngineMaterials/Substrate/GLints/dict_16_192_64_0p5_0p02_0051_0013" 6115
"/Engine/EngineMaterials/Substrate/GLints/dict_16_192_64_0p5_0p02_0051_0012" 6116
"/Engine/EngineMaterials/Substrate/GLints/dict_16_192_64_0p5_0p02_0051_0011" 6117
"/Engine/EngineMaterials/Substrate/GLints/dict_16_192_64_0p5_0p02_0051_0010" 6118
"/Engine/EngineMaterials/Substrate/GLints/dict_16_192_64_0p5_0p02_0051_0009" 6119
"/Engine/EngineMaterials/Substrate/GLints/dict_16_192_64_0p5_0p02_0051_0008" 6120
"/Engine/EngineMaterials/Substrate/GLints/dict_16_192_64_0p5_0p02_0051_0007" 6121
"/Engine/EngineMaterials/Substrate/GLints/dict_16_192_64_0p5_0p02_0051_0006" 6122
"/Engine/EngineMaterials/Substrate/GLints/dict_16_192_64_0p5_0p02_0051_0005" 6123
"/Engine/EngineMaterials/Substrate/GLints/dict_16_192_64_0p5_0p02_0051_0004" 6124
"/Engine/EngineMaterials/Substrate/GLints/dict_16_192_64_0p5_0p02_0051_0003" 6125
"/Engine/EngineMaterials/Substrate/GLints/dict_16_192_64_0p5_0p02_0052_0011" 6126
"/Engine/EngineMaterials/Substrate/GLints/dict_16_192_64_0p5_0p02_0052_0010" 6127
"/Engine/EngineMaterials/Substrate/GLints/dict_16_192_64_0p5_0p02_0052_0009" 6128
"/Engine/EngineMaterials/Substrate/GLints/dict_16_192_64_0p5_0p02_0052_0008" 6129
"/Engine/EngineMaterials/Substrate/GLints/dict_16_192_64_0p5_0p02_0052_0007" 6130
"/Engine/EngineMaterials/Substrate/GLints/dict_16_192_64_0p5_0p02_0052_0005" 6131
"/Engine/EngineMaterials/Substrate/GLints/dict_16_192_64_0p5_0p02_0052_0004" 6132
"/Engine/EngineMaterials/Substrate/GLints/dict_16_192_64_0p5_0p02_0053_0001" 6133
"/Engine/EngineMaterials/Substrate/GLints/dict_16_192_64_0p5_0p02_0052_0002" 6134
"/Engine/EngineMaterials/Substrate/GLints/dict_16_192_64_0p5_0p02_0053_0000" 6135
"/Engine/EngineMaterials/Substrate/GLints/dict_16_192_64_0p5_0p02_0052_0015" 6136
"/Engine/EngineMaterials/Substrate/GLints/dict_16_192_64_0p5_0p02_0052_0014" 6137
"/Engine/EngineMaterials/Substrate/GLints/dict_16_192_64_0p5_0p02_0052_0013" 6138
"/Engine/EngineMaterials/Substrate/GLints/dict_16_192_64_0p5_0p02_0052_0012" 6139
"../../../Engine/Content/EngineMaterials/Substrate/GLints/dict_16_192_64_0p5_0p02_0053_0002.uasset" 6140
"../../../Engine/Content/EngineMaterials/Substrate/GLints/dict_16_192_64_0p5_0p02_0053_0005.uasset" 6141
"../../../Engine/Content/EngineMaterials/Substrate/GLints/dict_16_192_64_0p5_0p02_0053_0011.uasset" 6142
"../../../Engine/Content/EngineMaterials/Substrate/GLints/dict_16_192_64_0p5_0p02_0053_0003.uasset" 6143
"../../../Engine/Content/EngineMaterials/Substrate/GLints/dict_16_192_64_0p5_0p02_0053_0009.uasset" 6144
"../../../Engine/Content/EngineMaterials/Substrate/GLints/dict_16_192_64_0p5_0p02_0053_0014.uasset" 6145
"../../../Engine/Content/EngineMaterials/Substrate/GLints/dict_16_192_64_0p5_0p02_0053_0008.uasset" 6146
"../../../Engine/Content/EngineMaterials/Substrate/GLints/dict_16_192_64_0p5_0p02_0053_0004.uasset" 6147
"../../../Engine/Content/EngineMaterials/Substrate/GLints/dict_16_192_64_0p5_0p02_0053_0007.uasset" 6148
"../../../Engine/Content/EngineMaterials/Substrate/GLints/dict_16_192_64_0p5_0p02_0053_0010.uasset" 6149
"../../../Engine/Content/EngineMaterials/Substrate/GLints/dict_16_192_64_0p5_0p02_0053_0006.uasset" 6150
"../../../Engine/Content/EngineMaterials/Substrate/GLints/dict_16_192_64_0p5_0p02_0053_0013.uasset" 6151
"../../../Engine/Content/EngineMaterials/Substrate/GLints/dict_16_192_64_0p5_0p02_0054_0002.uasset" 6152
"../../../Engine/Content/EngineMaterials/Substrate/GLints/dict_16_192_64_0p5_0p02_0053_0015.uasset" 6153
"../../../Engine/Content/EngineMaterials/Substrate/GLints/dict_16_192_64_0p5_0p02_0054_0001.uasset" 6154
"../../../Engine/Content/EngineMaterials/Substrate/GLints/dict_16_192_64_0p5_0p02_0054_0000.uasset" 6155
"../../../Engine/Content/EngineMaterials/Substrate/GLints/dict_16_192_64_0p5_0p02_0054_0010.uasset" 6156
"../../../Engine/Content/EngineMaterials/Substrate/GLints/dict_16_192_64_0p5_0p02_0054_0009.uasset" 6157
"../../../Engine/Content/EngineMaterials/Substrate/GLints/dict_16_192_64_0p5_0p02_0054_0007.uasset" 6158
"/Engine/EngineMaterials/Substrate/GLints/dict_16_192_64_0p5_0p02_0053_0002" 6159
"../../../Engine/Content/EngineMaterials/Substrate/GLints/dict_16_192_64_0p5_0p02_0053_0012.uasset" 6160
"../../../Engine/Content/EngineMaterials/Substrate/GLints/dict_16_192_64_0p5_0p02_0054_0005.uasset" 6161
"../../../Engine/Content/EngineMaterials/Substrate/GLints/dict_16_192_64_0p5_0p02_0054_0003.uasset" 6162
"/Engine/EngineMaterials/Substrate/GLints/dict_16_192_64_0p5_0p02_0054_0010" 6163
"../../../Engine/Content/EngineMaterials/Substrate/GLints/dict_16_192_64_0p5_0p02_0054_0015.uasset" 6164
"../../../Engine/Content/EngineMaterials/Substrate/GLints/dict_16_192_64_0p5_0p02_0054_0006.uasset" 6165
"/Engine/EngineMaterials/Substrate/GLints/dict_16_192_64_0p5_0p02_0054_0002" 6166
"../../../Engine/Content/EngineMaterials/Substrate/GLints/dict_16_192_64_0p5_0p02_0054_0014.uasset" 6167
"../../../Engine/Content/EngineMaterials/Substrate/GLints/dict_16_192_64_0p5_0p02_0054_0004.uasset" 6168
"../../../Engine/Content/EngineMaterials/Substrate/GLints/dict_16_192_64_0p5_0p02_0054_0008.uasset" 6169
"../../../Engine/Content/EngineMaterials/Substrate/GLints/dict_16_192_64_0p5_0p02_0055_0000.uasset" 6170
"/Engine/EngineMaterials/Substrate/GLints/dict_16_192_64_0p5_0p02_0054_0009" 6171
"../../../Engine/Content/EngineMaterials/Substrate/GLints/dict_16_192_64_0p5_0p02_0054_0011.uasset" 6172
"../../../Engine/Content/EngineMaterials/Substrate/GLints/dict_16_192_64_0p5_0p02_0054_0012.uasset" 6173
"../../../Engine/Content/EngineMaterials/Substrate/GLints/dict_16_192_64_0p5_0p02_0054_0013.uasset" 6174
"/Engine/EngineMaterials/Substrate/GLints/dict_16_192_64_0p5_0p02_0054_0001" 6175
"/Engine/EngineMaterials/Substrate/GLints/dict_16_192_64_0p5_0p02_0054_0000" 6176
"/Engine/EngineMaterials/Substrate/GLints/dict_16_192_64_0p5_0p02_0054_0007" 6177
"/Engine/EngineMaterials/Substrate/GLints/dict_16_192_64_0p5_0p02_0053_0015" 6178
"/Engine/EngineMaterials/Substrate/GLints/dict_16_192_64_0p5_0p02_0053_0014" 6179
"/Engine/EngineMaterials/Substrate/GLints/dict_16_192_64_0p5_0p02_0053_0013" 6180
"/Engine/EngineMaterials/Substrate/GLints/dict_16_192_64_0p5_0p02_0053_0011" 6181
"/Engine/EngineMaterials/Substrate/GLints/dict_16_192_64_0p5_0p02_0053_0010" 6182
"/Engine/EngineMaterials/Substrate/GLints/dict_16_192_64_0p5_0p02_0053_0009" 6183
"/Engine/EngineMaterials/Substrate/GLints/dict_16_192_64_0p5_0p02_0053_0008" 6184
"/Engine/EngineMaterials/Substrate/GLints/dict_16_192_64_0p5_0p02_0053_0007" 6185
"/Engine/EngineMaterials/Substrate/GLints/dict_16_192_64_0p5_0p02_0053_0006" 6186
"/Engine/EngineMaterials/Substrate/GLints/dict_16_192_64_0p5_0p02_0053_0005" 6187
"/Engine/EngineMaterials/Substrate/GLints/dict_16_192_64_0p5_0p02_0053_0004" 6188
"/Engine/EngineMaterials/Substrate/GLints/dict_16_192_64_0p5_0p02_0053_0003" 6189
"/Engine/EngineMaterials/Substrate/GLints/dict_16_192_64_0p5_0p02_0055_0000" 6190
"../../../Engine/Content/EngineMaterials/Substrate/GLints/dict_16_192_64_0p5_0p02_0055_0001.uasset" 6191
"/Engine/EngineMaterials/Substrate/GLints/dict_16_192_64_0p5_0p02_0054_0015" 6192
"/Engine/EngineMaterials/Substrate/GLints/dict_16_192_64_0p5_0p02_0054_0014" 6193
"/Engine/EngineMaterials/Substrate/GLints/dict_16_192_64_0p5_0p02_0054_0013" 6194
"/Engine/EngineMaterials/Substrate/GLints/dict_16_192_64_0p5_0p02_0054_0003" 6195
"/Engine/EngineMaterials/Substrate/GLints/dict_16_192_64_0p5_0p02_0054_0012" 6196
"/Engine/EngineMaterials/Substrate/GLints/dict_16_192_64_0p5_0p02_0054_0011" 6197
"/Engine/EngineMaterials/Substrate/GLints/dict_16_192_64_0p5_0p02_0054_0008" 6198
"/Engine/EngineMaterials/Substrate/GLints/dict_16_192_64_0p5_0p02_0054_0006" 6199
"/Engine/EngineMaterials/Substrate/GLints/dict_16_192_64_0p5_0p02_0053_0012" 6200
"/Engine/EngineMaterials/Substrate/GLints/dict_16_192_64_0p5_0p02_0054_0005" 6201
"/Engine/EngineMaterials/Substrate/GLints/dict_16_192_64_0p5_0p02_0054_0004" 6202
"/Engine/EngineMaterials/Substrate/GLints/dict_16_192_64_0p5_0p02_0055_0001" 6203
"../../../Engine/Content/EngineMaterials/Substrate/GLints/dict_16_192_64_0p5_0p02_0055_0006.uasset" 6204
"../../../Engine/Content/EngineMaterials/Substrate/GLints/dict_16_192_64_0p5_0p02_0055_0002.uasset" 6205
"../../../Engine/Content/EngineMaterials/Substrate/GLints/dict_16_192_64_0p5_0p02_0055_0008.uasset" 6206
"../../../Engine/Content/EngineMaterials/Substrate/GLints/dict_16_192_64_0p5_0p02_0055_0003.uasset" 6207
"../../../Engine/Content/EngineMaterials/Substrate/GLints/dict_16_192_64_0p5_0p02_0055_0013.uasset" 6208
"../../../Engine/Content/EngineMaterials/Substrate/GLints/dict_16_192_64_0p5_0p02_0055_0011.uasset" 6209
"../../../Engine/Content/EngineMaterials/Substrate/GLints/dict_16_192_64_0p5_0p02_0055_0007.uasset" 6210
"../../../Engine/Content/EngineMaterials/Substrate/GLints/dict_16_192_64_0p5_0p02_0055_0010.uasset" 6211
"../../../Engine/Content/EngineMaterials/Substrate/GLints/dict_16_192_64_0p5_0p02_0055_0012.uasset" 6212
"../../../Engine/Content/EngineMaterials/Substrate/GLints/dict_16_192_64_0p5_0p02_0055_0005.uasset" 6213
"../../../Engine/Content/EngineMaterials/Substrate/GLints/dict_16_192_64_0p5_0p02_0055_0014.uasset" 6214
"../../../Engine/Content/EngineMaterials/Substrate/GLints/dict_16_192_64_0p5_0p02_0055_0004.uasset" 6215
"../../../Engine/Content/EngineMaterials/Substrate/GLints/dict_16_192_64_0p5_0p02_0055_0015.uasset" 6216
"../../../Engine/Content/EngineMaterials/Substrate/GLints/dict_16_192_64_0p5_0p02_0056_0002.uasset" 6217
"../../../Engine/Content/EngineMaterials/Substrate/GLints/dict_16_192_64_0p5_0p02_0056_0000.uasset" 6218
"../../../Engine/Content/EngineMaterials/Substrate/GLints/dict_16_192_64_0p5_0p02_0056_0003.uasset" 6219
"../../../Engine/Content/EngineMaterials/Substrate/GLints/dict_16_192_64_0p5_0p02_0056_0005.uasset" 6220
"/Engine/EngineMaterials/Substrate/GLints/dict_16_192_64_0p5_0p02_0056_0003" 6221
"/Engine/EngineMaterials/Substrate/GLints/dict_16_192_64_0p5_0p02_0056_0002" 6222
"/Engine/EngineMaterials/Substrate/GLints/dict_16_192_64_0p5_0p02_0056_0000" 6223
"/Engine/EngineMaterials/Substrate/GLints/dict_16_192_64_0p5_0p02_0055_0015" 6224
"../../../Engine/Content/EngineMaterials/Substrate/GLints/dict_16_192_64_0p5_0p02_0056_0004.uasset" 6225
"/Engine/EngineMaterials/Substrate/GLints/dict_16_192_64_0p5_0p02_0055_0014" 6226
"../../../Engine/Content/EngineMaterials/Substrate/GLints/dict_16_192_64_0p5_0p02_0056_0012.uasset" 6227
"/Engine/EngineMaterials/Substrate/GLints/dict_16_192_64_0p5_0p02_0055_0013" 6228
"../../../Engine/Content/EngineMaterials/Substrate/GLints/dict_16_192_64_0p5_0p02_0056_0011.uasset" 6229
"/Engine/EngineMaterials/Substrate/GLints/dict_16_192_64_0p5_0p02_0055_0012" 6230
"../../../Engine/Content/EngineMaterials/Substrate/GLints/dict_16_192_64_0p5_0p02_0056_0009.uasset" 6231
"../../../Engine/Content/EngineMaterials/Substrate/GLints/dict_16_192_64_0p5_0p02_0056_0010.uasset" 6232
"../../../Engine/Content/EngineMaterials/Substrate/GLints/dict_16_192_64_0p5_0p02_0056_0007.uasset" 6233
"/Engine/EngineMaterials/Substrate/GLints/dict_16_192_64_0p5_0p02_0055_0011" 6234
"../../../Engine/Content/EngineMaterials/Substrate/GLints/dict_16_192_64_0p5_0p02_0056_0008.uasset" 6235
"../../../Engine/Content/EngineMaterials/Substrate/GLints/dict_16_192_64_0p5_0p02_0056_0001.uasset" 6236
"../../../Engine/Content/EngineMaterials/Substrate/GLints/dict_16_192_64_0p5_0p02_0056_0006.uasset" 6237
"../../../Engine/Content/EngineMaterials/Substrate/GLints/dict_16_192_64_0p5_0p02_0055_0009.uasset" 6238
"/Engine/EngineMaterials/Substrate/GLints/dict_16_192_64_0p5_0p02_0055_0010" 6239
"/Engine/EngineMaterials/Substrate/GLints/dict_16_192_64_0p5_0p02_0055_0008" 6240
"/Engine/EngineMaterials/Substrate/GLints/dict_16_192_64_0p5_0p02_0055_0007" 6241
"/Engine/EngineMaterials/Substrate/GLints/dict_16_192_64_0p5_0p02_0055_0006" 6242
"../../../Engine/Content/EngineMaterials/Substrate/GLints/dict_16_192_64_0p5_0p02_0057_0000.uasset" 6243
"/Engine/EngineMaterials/Substrate/GLints/dict_16_192_64_0p5_0p02_0055_0005" 6244
"/Engine/EngineMaterials/Substrate/GLints/dict_16_192_64_0p5_0p02_0055_0004" 6245
"/Engine/EngineMaterials/Substrate/GLints/dict_16_192_64_0p5_0p02_0055_0003" 6246
"/Engine/EngineMaterials/Substrate/GLints/dict_16_192_64_0p5_0p02_0055_0002" 6247
"/Engine/EngineMaterials/Substrate/GLints/dict_16_192_64_0p5_0p02_0056_0005" 6248
"/Engine/EngineMaterials/Substrate/GLints/dict_16_192_64_0p5_0p02_0057_0000" 6249
"../../../Engine/Content/EngineMaterials/Substrate/GLints/dict_16_192_64_0p5_0p02_0056_0013.uasset" 6250
"/Engine/EngineMaterials/Substrate/GLints/dict_16_192_64_0p5_0p02_0056_0012" 6251
"/Engine/EngineMaterials/Substrate/GLints/dict_16_192_64_0p5_0p02_0056_0011" 6252
"../../../Engine/Content/EngineMaterials/Substrate/GLints/dict_16_192_64_0p5_0p02_0057_0001.uasset" 6253
"/Engine/EngineMaterials/Substrate/GLints/dict_16_192_64_0p5_0p02_0056_0004" 6254
"/Engine/EngineMaterials/Substrate/GLints/dict_16_192_64_0p5_0p02_0056_0010" 6255
"/Engine/EngineMaterials/Substrate/GLints/dict_16_192_64_0p5_0p02_0056_0001" 6256
"../../../Engine/Content/EngineMaterials/Substrate/GLints/dict_16_192_64_0p5_0p02_0056_0015.uasset" 6257
"/Engine/EngineMaterials/Substrate/GLints/dict_16_192_64_0p5_0p02_0056_0009" 6258
"/Engine/EngineMaterials/Substrate/GLints/dict_16_192_64_0p5_0p02_0056_0008" 6259
"../../../Engine/Content/EngineMaterials/Substrate/GLints/dict_16_192_64_0p5_0p02_0056_0014.uasset" 6260
"/Engine/EngineMaterials/Substrate/GLints/dict_16_192_64_0p5_0p02_0056_0007" 6261
"/Engine/EngineMaterials/Substrate/GLints/dict_16_192_64_0p5_0p02_0056_0006" 6262
"/Engine/EngineMaterials/Substrate/GLints/dict_16_192_64_0p5_0p02_0055_0009" 6263
"/Engine/EngineMaterials/Substrate/GLints/dict_16_192_64_0p5_0p02_0057_0001" 6264
"/Engine/EngineMaterials/Substrate/GLints/dict_16_192_64_0p5_0p02_0056_0015" 6265
"/Engine/EngineMaterials/Substrate/GLints/dict_16_192_64_0p5_0p02_0056_0014" 6266
"/Engine/EngineMaterials/Substrate/GLints/dict_16_192_64_0p5_0p02_0056_0013" 6267
"../../../Engine/Content/EngineMaterials/Substrate/GLints/dict_16_192_64_0p5_0p02_0057_0005.uasset" 6268
"../../../Engine/Content/EngineMaterials/Substrate/GLints/dict_16_192_64_0p5_0p02_0057_0006.uasset" 6269
"../../../Engine/Content/EngineMaterials/Substrate/GLints/dict_16_192_64_0p5_0p02_0057_0003.uasset" 6270
"../../../Engine/Content/EngineMaterials/Substrate/GLints/dict_16_192_64_0p5_0p02_0057_0008.uasset" 6271
"../../../Engine/Content/EngineMaterials/Substrate/GLints/dict_16_192_64_0p5_0p02_0057_0004.uasset" 6272
"../../../Engine/Content/EngineMaterials/Substrate/GLints/dict_16_192_64_0p5_0p02_0057_0009.uasset" 6273
"../../../Engine/Content/EngineMaterials/Substrate/GLints/dict_16_192_64_0p5_0p02_0057_0011.uasset" 6274
"../../../Engine/Content/EngineMaterials/Substrate/GLints/dict_16_192_64_0p5_0p02_0057_0002.uasset" 6275
"../../../Engine/Content/EngineMaterials/Substrate/GLints/dict_16_192_64_0p5_0p02_0057_0010.uasset" 6276
"../../../Engine/Content/EngineMaterials/Substrate/GLints/dict_16_192_64_0p5_0p02_0057_0007.uasset" 6277
"../../../Engine/Content/EngineMaterials/Substrate/GLints/dict_16_192_64_0p5_0p02_0058_0002.uasset" 6278
"../../../Engine/Content/EngineMaterials/Substrate/GLints/dict_16_192_64_0p5_0p02_0057_0013.uasset" 6279
"../../../Engine/Content/EngineMaterials/Substrate/GLints/dict_16_192_64_0p5_0p02_0057_0012.uasset" 6280
"../../../Engine/Content/EngineMaterials/Substrate/GLints/dict_16_192_64_0p5_0p02_0058_0003.uasset" 6281
"../../../Engine/Content/EngineMaterials/Substrate/GLints/dict_16_192_64_0p5_0p02_0057_0014.uasset" 6282
"../../../Engine/Content/EngineMaterials/Substrate/GLints/dict_16_192_64_0p5_0p02_0057_0015.uasset" 6283
"../../../Engine/Content/EngineMaterials/Substrate/GLints/dict_16_192_64_0p5_0p02_0058_0004.uasset" 6284
"../../../Engine/Content/EngineMaterials/Substrate/GLints/dict_16_192_64_0p5_0p02_0058_0005.uasset" 6285
"../../../Engine/Content/EngineMaterials/Substrate/GLints/dict_16_192_64_0p5_0p02_0058_0001.uasset" 6286
"../../../Engine/Content/EngineMaterials/Substrate/GLints/dict_16_192_64_0p5_0p02_0058_0013.uasset" 6287
"../../../Engine/Content/EngineMaterials/Substrate/GLints/dict_16_192_64_0p5_0p02_0058_0007.uasset" 6288
"../../../Engine/Content/EngineMaterials/Substrate/GLints/dict_16_192_64_0p5_0p02_0058_0009.uasset" 6289
"../../../Engine/Content/EngineMaterials/Substrate/GLints/dict_16_192_64_0p5_0p02_0058_0008.uasset" 6290
"/Engine/EngineMaterials/Substrate/GLints/dict_16_192_64_0p5_0p02_0058_0013" 6291
"../../../Engine/Content/EngineMaterials/Substrate/GLints/dict_16_192_64_0p5_0p02_0058_0000.uasset" 6292
"../../../Engine/Content/EngineMaterials/Substrate/GLints/dict_16_192_64_0p5_0p02_0058_0010.uasset" 6293
"/Engine/EngineMaterials/Substrate/GLints/dict_16_192_64_0p5_0p02_0058_0009" 6294
"/Engine/EngineMaterials/Substrate/GLints/dict_16_192_64_0p5_0p02_0058_0002" 6295
"../../../Engine/Content/EngineMaterials/Substrate/GLints/dict_16_192_64_0p5_0p02_0058_0015.uasset" 6296
"../../../Engine/Content/EngineMaterials/Substrate/GLints/dict_16_192_64_0p5_0p02_0059_0000.uasset" 6297
"../../../Engine/Content/EngineMaterials/Substrate/GLints/dict_16_192_64_0p5_0p02_0058_0014.uasset" 6298
"/Engine/EngineMaterials/Substrate/GLints/dict_16_192_64_0p5_0p02_0058_0001" 6299
"/Engine/EngineMaterials/Substrate/GLints/dict_16_192_64_0p5_0p02_0058_0008" 6300
"/Engine/EngineMaterials/Substrate/GLints/dict_16_192_64_0p5_0p02_0058_0007" 6301
"../../../Engine/Content/EngineMaterials/Substrate/GLints/dict_16_192_64_0p5_0p02_0058_0012.uasset" 6302
"/Engine/EngineMaterials/Substrate/GLints/dict_16_192_64_0p5_0p02_0057_0015" 6303
"../../../Engine/Content/EngineMaterials/Substrate/GLints/dict_16_192_64_0p5_0p02_0058_0006.uasset" 6304
"/Engine/EngineMaterials/Substrate/GLints/dict_16_192_64_0p5_0p02_0057_0014" 6305
"../../../Engine/Content/EngineMaterials/Substrate/GLints/dict_16_192_64_0p5_0p02_0058_0011.uasset" 6306
"/Engine/EngineMaterials/Substrate/GLints/dict_16_192_64_0p5_0p02_0057_0013" 6307
"/Engine/EngineMaterials/Substrate/GLints/dict_16_192_64_0p5_0p02_0057_0012" 6308
"/Engine/EngineMaterials/Substrate/GLints/dict_16_192_64_0p5_0p02_0057_0011" 6309
"/Engine/EngineMaterials/Substrate/GLints/dict_16_192_64_0p5_0p02_0058_0005" 6310
"/Engine/EngineMaterials/Substrate/GLints/dict_16_192_64_0p5_0p02_0057_0010" 6311
"/Engine/EngineMaterials/Substrate/GLints/dict_16_192_64_0p5_0p02_0058_0004" 6312
"/Engine/EngineMaterials/Substrate/GLints/dict_16_192_64_0p5_0p02_0058_0003" 6313
"/Engine/EngineMaterials/Substrate/GLints/dict_16_192_64_0p5_0p02_0057_0009" 6314
"/Engine/EngineMaterials/Substrate/GLints/dict_16_192_64_0p5_0p02_0057_0008" 6315
"/Engine/EngineMaterials/Substrate/GLints/dict_16_192_64_0p5_0p02_0057_0007" 6316
"/Engine/EngineMaterials/Substrate/GLints/dict_16_192_64_0p5_0p02_0057_0006" 6317
"/Engine/EngineMaterials/Substrate/GLints/dict_16_192_64_0p5_0p02_0057_0005" 6318
"/Engine/EngineMaterials/Substrate/GLints/dict_16_192_64_0p5_0p02_0057_0004" 6319
"/Engine/EngineMaterials/Substrate/GLints/dict_16_192_64_0p5_0p02_0057_0003" 6320
"/Engine/EngineMaterials/Substrate/GLints/dict_16_192_64_0p5_0p02_0057_0002" 6321
"/Engine/EngineMaterials/Substrate/GLints/dict_16_192_64_0p5_0p02_0059_0000" 6322
"/Engine/EngineMaterials/Substrate/GLints/dict_16_192_64_0p5_0p02_0058_0015" 6323
"/Engine/EngineMaterials/Substrate/GLints/dict_16_192_64_0p5_0p02_0058_0014" 6324
"/Engine/EngineMaterials/Substrate/GLints/dict_16_192_64_0p5_0p02_0058_0012" 6325
"/Engine/EngineMaterials/Substrate/GLints/dict_16_192_64_0p5_0p02_0058_0011" 6326
"/Engine/EngineMaterials/Substrate/GLints/dict_16_192_64_0p5_0p02_0058_0010" 6327
"/Engine/EngineMaterials/Substrate/GLints/dict_16_192_64_0p5_0p02_0058_0000" 6328
"/Engine/EngineMaterials/Substrate/GLints/dict_16_192_64_0p5_0p02_0058_0006" 6329
"../../../Engine/Content/EngineMaterials/Substrate/GLints/dict_16_192_64_0p5_0p02_0059_0001.uasset" 6330
"../../../Engine/Content/EngineMaterials/Substrate/GLints/dict_16_192_64_0p5_0p02_0059_0012.uasset" 6331
"../../../Engine/Content/EngineMaterials/Substrate/GLints/dict_16_192_64_0p5_0p02_0059_0011.uasset" 6332
"../../../Engine/Content/EngineMaterials/Substrate/GLints/dict_16_192_64_0p5_0p02_0059_0003.uasset" 6333
"../../../Engine/Content/EngineMaterials/Substrate/GLints/dict_16_192_64_0p5_0p02_0059_0009.uasset" 6334
"../../../Engine/Content/EngineMaterials/Substrate/GLints/dict_16_192_64_0p5_0p02_0059_0004.uasset" 6335
"../../../Engine/Content/EngineMaterials/Substrate/GLints/dict_16_192_64_0p5_0p02_0059_0008.uasset" 6336
"../../../Engine/Content/EngineMaterials/Substrate/GLints/dict_16_192_64_0p5_0p02_0059_0002.uasset" 6337
"../../../Engine/Content/EngineMaterials/Substrate/GLints/dict_16_192_64_0p5_0p02_0059_0010.uasset" 6338
"../../../Engine/Content/EngineMaterials/Substrate/GLints/dict_16_192_64_0p5_0p02_0059_0013.uasset" 6339
"../../../Engine/Content/EngineMaterials/Substrate/GLints/dict_16_192_64_0p5_0p02_0059_0006.uasset" 6340
"../../../Engine/Content/EngineMaterials/Substrate/GLints/dict_16_192_64_0p5_0p02_0059_0007.uasset" 6341
"../../../Engine/Content/EngineMaterials/Substrate/GLints/dict_16_192_64_0p5_0p02_0059_0005.uasset" 6342
"../../../Engine/Content/EngineMaterials/Substrate/GLints/dict_16_192_64_0p5_0p02_0059_0014.uasset" 6343
"../../../Engine/Content/EngineMaterials/Substrate/GLints/dict_16_192_64_0p5_0p02_0060_0006.uasset" 6344
"../../../Engine/Content/EngineMaterials/Substrate/GLints/dict_16_192_64_0p5_0p02_0060_0002.uasset" 6345
"../../../Engine/Content/EngineMaterials/Substrate/GLints/dict_16_192_64_0p5_0p02_0060_0003.uasset" 6346
"../../../Engine/Content/EngineMaterials/Substrate/GLints/dict_16_192_64_0p5_0p02_0060_0013.uasset" 6347
"../../../Engine/Content/EngineMaterials/Substrate/GLints/dict_16_192_64_0p5_0p02_0060_0015.uasset" 6348
"../../../Engine/Content/EngineMaterials/Substrate/GLints/dict_16_192_64_0p5_0p02_0060_0014.uasset" 6349
"../../../Engine/Content/EngineMaterials/Substrate/GLints/dict_16_192_64_0p5_0p02_0060_0007.uasset" 6350
"../../../Engine/Content/EngineMaterials/Substrate/GLints/dict_16_192_64_0p5_0p02_0060_0000.uasset" 6351
"/Engine/EngineMaterials/Substrate/GLints/dict_16_192_64_0p5_0p02_0059_0001" 6352
"../../../Engine/Content/EngineMaterials/Substrate/GLints/dict_16_192_64_0p5_0p02_0060_0009.uasset" 6353
"../../../Engine/Content/EngineMaterials/Substrate/GLints/dict_16_192_64_0p5_0p02_0060_0008.uasset" 6354
"../../../Engine/Content/EngineMaterials/Substrate/GLints/dict_16_192_64_0p5_0p02_0060_0010.uasset" 6355
"../../../Engine/Content/EngineMaterials/Substrate/GLints/dict_16_192_64_0p5_0p02_0060_0011.uasset" 6356
"/Engine/EngineMaterials/Substrate/GLints/dict_16_192_64_0p5_0p02_0060_0015" 6357
"/Engine/EngineMaterials/Substrate/GLints/dict_16_192_64_0p5_0p02_0060_0014" 6358
"/Engine/EngineMaterials/Substrate/GLints/dict_16_192_64_0p5_0p02_0060_0013" 6359
"/Engine/EngineMaterials/Substrate/GLints/dict_16_192_64_0p5_0p02_0060_0007" 6360
"../../../Engine/Content/EngineMaterials/Substrate/GLints/dict_16_192_64_0p5_0p02_0060_0012.uasset" 6361
"../../../Engine/Content/EngineMaterials/Substrate/GLints/dict_16_192_64_0p5_0p02_0060_0005.uasset" 6362
"../../../Engine/Content/EngineMaterials/Substrate/GLints/dict_16_192_64_0p5_0p02_0060_0004.uasset" 6363
"/Engine/EngineMaterials/Substrate/GLints/dict_16_192_64_0p5_0p02_0060_0006" 6364
"/Engine/EngineMaterials/Substrate/GLints/dict_16_192_64_0p5_0p02_0060_0003" 6365
"/Engine/EngineMaterials/Substrate/GLints/dict_16_192_64_0p5_0p02_0060_0002" 6366
"../../../Engine/Content/EngineMaterials/Substrate/GLints/dict_16_192_64_0p5_0p02_0060_0001.uasset" 6367
"../../../Engine/Content/EngineMaterials/Substrate/GLints/dict_16_192_64_0p5_0p02_0059_0015.uasset" 6368
"/Engine/EngineMaterials/Substrate/GLints/dict_16_192_64_0p5_0p02_0060_0000" 6369
"/Engine/EngineMaterials/Substrate/GLints/dict_16_192_64_0p5_0p02_0059_0014" 6370
"/Engine/EngineMaterials/Substrate/GLints/dict_16_192_64_0p5_0p02_0059_0013" 6371
"/Engine/EngineMaterials/Substrate/GLints/dict_16_192_64_0p5_0p02_0059_0012" 6372
"/Engine/EngineMaterials/Substrate/GLints/dict_16_192_64_0p5_0p02_0059_0011" 6373
"/Engine/EngineMaterials/Substrate/GLints/dict_16_192_64_0p5_0p02_0059_0010" 6374
"/Engine/EngineMaterials/Substrate/GLints/dict_16_192_64_0p5_0p02_0059_0009" 6375
"/Engine/EngineMaterials/Substrate/GLints/dict_16_192_64_0p5_0p02_0059_0008" 6376
"/Engine/EngineMaterials/Substrate/GLints/dict_16_192_64_0p5_0p02_0059_0007" 6377
"/Engine/EngineMaterials/Substrate/GLints/dict_16_192_64_0p5_0p02_0059_0006" 6378
"/Engine/EngineMaterials/Substrate/GLints/dict_16_192_64_0p5_0p02_0059_0005" 6379
"/Engine/EngineMaterials/Substrate/GLints/dict_16_192_64_0p5_0p02_0059_0004" 6380
"/Engine/EngineMaterials/Substrate/GLints/dict_16_192_64_0p5_0p02_0059_0003" 6381
"/Engine/EngineMaterials/Substrate/GLints/dict_16_192_64_0p5_0p02_0059_0002" 6382
"/Engine/EngineMaterials/Substrate/GLints/dict_16_192_64_0p5_0p02_0060_0008" 6383
"/Engine/EngineMaterials/Substrate/GLints/dict_16_192_64_0p5_0p02_0060_0012" 6384
"../../../Engine/Content/EngineMaterials/Substrate/GLints/dict_16_192_64_0p5_0p02_0061_0000.uasset" 6385
"/Engine/EngineMaterials/Substrate/GLints/dict_16_192_64_0p5_0p02_0060_0011" 6386
"/Engine/EngineMaterials/Substrate/GLints/dict_16_192_64_0p5_0p02_0060_0005" 6387
"/Engine/EngineMaterials/Substrate/GLints/dict_16_192_64_0p5_0p02_0060_0004" 6388
"/Engine/EngineMaterials/Substrate/GLints/dict_16_192_64_0p5_0p02_0060_0010" 6389
"/Engine/EngineMaterials/Substrate/GLints/dict_16_192_64_0p5_0p02_0060_0001" 6390
"/Engine/EngineMaterials/Substrate/GLints/dict_16_192_64_0p5_0p02_0059_0015" 6391
"/Engine/EngineMaterials/Substrate/GLints/dict_16_192_64_0p5_0p02_0060_0009" 6392
"/Engine/EngineMaterials/Substrate/GLints/dict_16_192_64_0p5_0p02_0061_0000" 6393
"../../../Engine/Content/EngineMaterials/Substrate/GLints/dict_16_192_64_0p5_0p02_0061_0003.uasset" 6394
"../../../Engine/Content/EngineMaterials/Substrate/GLints/dict_16_192_64_0p5_0p02_0061_0006.uasset" 6395
"../../../Engine/Content/EngineMaterials/Substrate/GLints/dict_16_192_64_0p5_0p02_0061_0004.uasset" 6396
"../../../Engine/Content/EngineMaterials/Substrate/GLints/dict_16_192_64_0p5_0p02_0061_0005.uasset" 6397
"../../../Engine/Content/EngineMaterials/Substrate/GLints/dict_16_192_64_0p5_0p02_0061_0008.uasset" 6398
"../../../Engine/Content/EngineMaterials/Substrate/GLints/dict_16_192_64_0p5_0p02_0061_0001.uasset" 6399
"../../../Engine/Content/EngineMaterials/Substrate/GLints/dict_16_192_64_0p5_0p02_0061_0013.uasset" 6400
"../../../Engine/Content/EngineMaterials/Substrate/GLints/dict_16_192_64_0p5_0p02_0061_0011.uasset" 6401
"../../../Engine/Content/EngineMaterials/Substrate/GLints/dict_16_192_64_0p5_0p02_0061_0012.uasset" 6402
"../../../Engine/Content/EngineMaterials/Substrate/GLints/dict_16_192_64_0p5_0p02_0061_0007.uasset" 6403
"../../../Engine/Content/EngineMaterials/Substrate/GLints/dict_16_192_64_0p5_0p02_0061_0014.uasset" 6404
"../../../Engine/Content/EngineMaterials/Substrate/GLints/dict_16_192_64_0p5_0p02_0062_0001.uasset" 6405
"../../../Engine/Content/EngineMaterials/Substrate/GLints/dict_16_192_64_0p5_0p02_0062_0003.uasset" 6406
"../../../Engine/Content/EngineMaterials/Substrate/GLints/dict_16_192_64_0p5_0p02_0061_0002.uasset" 6407
"../../../Engine/Content/EngineMaterials/Substrate/GLints/dict_16_192_64_0p5_0p02_0061_0015.uasset" 6408
"../../../Engine/Content/EngineMaterials/Substrate/GLints/dict_16_192_64_0p5_0p02_0062_0002.uasset" 6409
"/Engine/EngineMaterials/Substrate/GLints/dict_16_192_64_0p5_0p02_0062_0003" 6410
"/Engine/EngineMaterials/Substrate/GLints/dict_16_192_64_0p5_0p02_0062_0002" 6411
"../../../Engine/Content/EngineMaterials/Substrate/GLints/dict_16_192_64_0p5_0p02_0062_0000.uasset" 6412
"../../../Engine/Content/EngineMaterials/Substrate/GLints/dict_16_192_64_0p5_0p02_0061_0009.uasset" 6413
"../../../Engine/Content/EngineMaterials/Substrate/GLints/dict_16_192_64_0p5_0p02_0062_0004.uasset" 6414
"/Engine/EngineMaterials/Substrate/GLints/dict_16_192_64_0p5_0p02_0062_0001" 6415
"../../../Engine/Content/EngineMaterials/Substrate/GLints/dict_16_192_64_0p5_0p02_0061_0010.uasset" 6416
"/Engine/EngineMaterials/Substrate/GLints/dict_16_192_64_0p5_0p02_0061_0015" 6417
"/Engine/EngineMaterials/Substrate/GLints/dict_16_192_64_0p5_0p02_0061_0014" 6418
"/Engine/EngineMaterials/Substrate/GLints/dict_16_192_64_0p5_0p02_0061_0013" 6419
"../../../Engine/Content/EngineMaterials/Substrate/GLints/dict_16_192_64_0p5_0p02_0062_0009.uasset" 6420
"/Engine/EngineMaterials/Substrate/GLints/dict_16_192_64_0p5_0p02_0061_0012" 6421
"../../../Engine/Content/EngineMaterials/Substrate/GLints/dict_16_192_64_0p5_0p02_0062_0011.uasset" 6422
"../../../Engine/Content/EngineMaterials/Substrate/GLints/dict_16_192_64_0p5_0p02_0062_0010.uasset" 6423
"/Engine/EngineMaterials/Substrate/GLints/dict_16_192_64_0p5_0p02_0061_0011" 6424
"../../../Engine/Content/EngineMaterials/Substrate/GLints/dict_16_192_64_0p5_0p02_0062_0005.uasset" 6425
"../../../Engine/Content/EngineMaterials/Substrate/GLints/dict_16_192_64_0p5_0p02_0062_0006.uasset" 6426
"../../../Engine/Content/EngineMaterials/Substrate/GLints/dict_16_192_64_0p5_0p02_0062_0008.uasset" 6427
"../../../Engine/Content/EngineMaterials/Substrate/GLints/dict_16_192_64_0p5_0p02_0062_0012.uasset" 6428
"/Engine/EngineMaterials/Substrate/GLints/dict_16_192_64_0p5_0p02_0061_0008" 6429
"../../../Engine/Content/EngineMaterials/Substrate/GLints/dict_16_192_64_0p5_0p02_0062_0007.uasset" 6430
"/Engine/EngineMaterials/Substrate/GLints/dict_16_192_64_0p5_0p02_0061_0007" 6431
"/Engine/EngineMaterials/Substrate/GLints/dict_16_192_64_0p5_0p02_0061_0006" 6432
"/Engine/EngineMaterials/Substrate/GLints/dict_16_192_64_0p5_0p02_0061_0005" 6433
"../../../Engine/Content/EngineMaterials/Substrate/GLints/dict_16_192_64_0p5_0p02_0062_0013.uasset" 6434
"/Engine/EngineMaterials/Substrate/GLints/dict_16_192_64_0p5_0p02_0061_0004" 6435
"../../../Engine/Content/EngineMaterials/Substrate/GLints/dict_16_192_64_0p5_0p02_0062_0015.uasset" 6436
"/Engine/EngineMaterials/Substrate/GLints/dict_16_192_64_0p5_0p02_0061_0003" 6437
"/Engine/EngineMaterials/Substrate/GLints/dict_16_192_64_0p5_0p02_0061_0002" 6438
"/Engine/EngineMaterials/Substrate/GLints/dict_16_192_64_0p5_0p02_0061_0001" 6439
"/Engine/EngineMaterials/Substrate/GLints/dict_16_192_64_0p5_0p02_0062_0006" 6440
"/Engine/EngineMaterials/Substrate/GLints/dict_16_192_64_0p5_0p02_0062_0015" 6441
"/Engine/EngineMaterials/Substrate/GLints/dict_16_192_64_0p5_0p02_0062_0005" 6442
"/Engine/EngineMaterials/Substrate/GLints/dict_16_192_64_0p5_0p02_0062_0004" 6443
"/Engine/EngineMaterials/Substrate/GLints/dict_16_192_64_0p5_0p02_0062_0013" 6444
"/Engine/EngineMaterials/Substrate/GLints/dict_16_192_64_0p5_0p02_0062_0012" 6445
"/Engine/EngineMaterials/Substrate/GLints/dict_16_192_64_0p5_0p02_0062_0011" 6446
"/Engine/EngineMaterials/Substrate/GLints/dict_16_192_64_0p5_0p02_0062_0000" 6447
"/Engine/EngineMaterials/Substrate/GLints/dict_16_192_64_0p5_0p02_0062_0010" 6448
"/Engine/EngineMaterials/Substrate/GLints/dict_16_192_64_0p5_0p02_0062_0009" 6449
"/Engine/EngineMaterials/Substrate/GLints/dict_16_192_64_0p5_0p02_0062_0008" 6450
"/Engine/EngineMaterials/Substrate/GLints/dict_16_192_64_0p5_0p02_0062_0007" 6451
"/Engine/EngineMaterials/Substrate/GLints/dict_16_192_64_0p5_0p02_0061_0010" 6452
"/Engine/EngineMaterials/Substrate/GLints/dict_16_192_64_0p5_0p02_0061_0009" 6453
"../../../Engine/Content/EngineMaterials/Substrate/GLints/dict_16_192_64_0p5_0p02_0063_0002.uasset" 6454
"../../../Engine/Content/EngineMaterials/Substrate/GLints/dict_16_192_64_0p5_0p02_0063_0003.uasset" 6455
"../../../Engine/Content/EngineMaterials/Substrate/GLints/dict_16_192_64_0p5_0p02_0063_0007.uasset" 6456
"../../../Engine/Content/EngineMaterials/Substrate/GLints/dict_16_192_64_0p5_0p02_0062_0014.uasset" 6457
"../../../Engine/Content/EngineMaterials/Substrate/GLints/dict_16_192_64_0p5_0p02_0063_0004.uasset" 6458
"../../../Engine/Content/EngineMaterials/Substrate/GLints/dict_16_192_64_0p5_0p02_0063_0009.uasset" 6459
"../../../Engine/Content/EngineMaterials/Substrate/GLints/dict_16_192_64_0p5_0p02_0063_0006.uasset" 6460
"../../../Engine/Content/EngineMaterials/Substrate/GLints/dict_16_192_64_0p5_0p02_0063_0008.uasset" 6461
"../../../Engine/Content/EngineMaterials/Substrate/GLints/dict_16_192_64_0p5_0p02_0063_0000.uasset" 6462
"../../../Engine/Content/EngineMaterials/Substrate/GLints/dict_16_192_64_0p5_0p02_0063_0005.uasset" 6463
"../../../Engine/Content/EngineMaterials/Substrate/Glints2/dict_0000_0000.uasset" 6464
"../../../Engine/Content/EngineMaterials/Substrate/GLints/dict_16_192_64_0p5_0p02_0063_0001.uasset" 6465
"../../../Engine/Content/EngineMaterials/Substrate/GLints/dict_16_192_64_0p5_0p02_0063_0013.uasset" 6466
"../../../Engine/Content/EngineMaterials/Substrate/GLints/dict_16_192_64_0p5_0p02_0063_0012.uasset" 6467
"../../../Engine/Content/EngineMaterials/Substrate/GLints/dict_16_192_64_0p5_0p02_0063_0011.uasset" 6468
"../../../Engine/Content/EngineMaterials/Substrate/GLints/dict_16_192_64_0p5_0p02_0063_0010.uasset" 6469
"../../../Engine/Content/EngineMaterials/Substrate/Glints2/dict_0000_0007.uasset" 6470
"../../../Engine/Content/EngineMaterials/Substrate/Glints2/dict_0000_0002.uasset" 6471
"../../../Engine/Content/EngineMaterials/Substrate/Glints2/dict_0000_0005.uasset" 6472
"../../../Engine/Content/EngineMaterials/Substrate/Glints2/dict_0000_0009.uasset" 6473
"../../../Engine/Content/EngineMaterials/Substrate/Glints2/dict_0000_0006.uasset" 6474
"/Engine/EngineMaterials/Substrate/GLints/dict_16_192_64_0p5_0p02_0063_0000" 6475
"../../../Engine/Content/EngineMaterials/Substrate/GLints/dict_16_192_64_0p5_0p02_0063_0015.uasset" 6476
"../../../Engine/Content/EngineMaterials/Substrate/Glints2/dict_0000_0003.uasset" 6477
"/Engine/EngineMaterials/Substrate/GLints/dict_16_192_64_0p5_0p02_0062_0014" 6478
"../../../Engine/Content/EngineMaterials/Substrate/GLints/AGlintTex2dArray.uasset" 6479
"../../../Engine/Content/EngineMaterials/Substrate/Glints2/dict_0000_0008.uasset" 6480
"/Engine/EngineMaterials/Substrate/Glints2/dict_0000_0009" 6481
"../../../Engine/Content/EngineMaterials/Substrate/GLints/dict_16_192_64_0p5_0p02_0063_0014.uasset" 6482
"../../../Engine/Content/EngineMaterials/Substrate/Glints2/dict_0000_0011.uasset" 6483
"/Engine/EngineMaterials/Substrate/Glints2/dict_0000_0007" 6484
"../../../Engine/Content/EngineMaterials/Substrate/Glints2/dict_0000_0001.uasset" 6485
"../../../Engine/Content/EngineMaterials/Substrate/Glints2/dict_0000_0004.uasset" 6486
"/Engine/EngineMaterials/Substrate/Glints2/dict_0000_0006" 6487
"../../../Engine/Content/EngineMaterials/Substrate/Glints2/dict_0000_0012.uasset" 6488
"../../../Engine/Content/EngineMaterials/Substrate/Glints2/dict_0000_0013.uasset" 6489
"../../../Engine/Content/EngineMaterials/Substrate/Glints2/dict_0000_0010.uasset" 6490
"/Engine/EngineMaterials/Substrate/Glints2/dict_0000_0005" 6491
"/Engine/EngineMaterials/Substrate/GLints/dict_16_192_64_0p5_0p02_0063_0013" 6492
"/Engine/EngineMaterials/Substrate/GLints/dict_16_192_64_0p5_0p02_0063_0012" 6493
"/Engine/EngineMaterials/Substrate/Glints2/dict_0000_0002" 6494
"/Engine/EngineMaterials/Substrate/GLints/dict_16_192_64_0p5_0p02_0063_0011" 6495
"/Engine/EngineMaterials/Substrate/GLints/dict_16_192_64_0p5_0p02_0063_0010" 6496
"/Engine/EngineMaterials/Substrate/GLints/dict_16_192_64_0p5_0p02_0063_0009" 6497
"/Engine/EngineMaterials/Substrate/Glints2/dict_0000_0000" 6498
"/Engine/EngineMaterials/Substrate/GLints/dict_16_192_64_0p5_0p02_0063_0008" 6499
"/Engine/EngineMaterials/Substrate/GLints/dict_16_192_64_0p5_0p02_0063_0007" 6500
"/Engine/EngineMaterials/Substrate/GLints/dict_16_192_64_0p5_0p02_0063_0006" 6501
"/Engine/EngineMaterials/Substrate/GLints/dict_16_192_64_0p5_0p02_0063_0005" 6502
"/Engine/EngineMaterials/Substrate/GLints/dict_16_192_64_0p5_0p02_0063_0004" 6503
"/Engine/EngineMaterials/Substrate/GLints/dict_16_192_64_0p5_0p02_0063_0003" 6504
"/Engine/EngineMaterials/Substrate/GLints/dict_16_192_64_0p5_0p02_0063_0002" 6505
"/Engine/EngineMaterials/Substrate/GLints/dict_16_192_64_0p5_0p02_0063_0001" 6506
"/Engine/EngineMaterials/Substrate/Glints2/dict_0000_0013" 6507
"/Engine/EngineMaterials/Substrate/Glints2/dict_0000_0012" 6508
"../../../Engine/Content/EngineMaterials/Substrate/Glints2/dict_0000_0027.uasset" 6509
"../../../Engine/Content/EngineMaterials/Substrate/Glints2/dict_0000_0025.uasset" 6510
"../../../Engine/Content/EngineMaterials/Substrate/Glints2/dict_0000_0020.uasset" 6511
"../../../Engine/Content/EngineMaterials/Substrate/Glints2/dict_0000_0017.uasset" 6512
"/Engine/EngineMaterials/Substrate/Glints2/dict_0000_0011" 6513
"/Engine/EngineMaterials/Substrate/Glints2/dict_0000_0010" 6514
"../../../Engine/Content/EngineMaterials/Substrate/Glints2/dict_0000_0019.uasset" 6515
"/Engine/EngineMaterials/Substrate/GLints/AGlintTex2dArray" 6516
"../../../Engine/Content/EngineMaterials/Substrate/Glints2/dict_0000_0023.uasset" 6517
"../../../Engine/Content/EngineMaterials/Substrate/Glints2/dict_0000_0014.uasset" 6518
"../../../Engine/Content/EngineMaterials/Substrate/Glints2/dict_0000_0018.uasset" 6519
"../../../Engine/Content/EngineMaterials/Substrate/Glints2/dict_0000_0026.uasset" 6520
"../../../Engine/Content/EngineMaterials/Substrate/Glints2/dict_0000_0024.uasset" 6521
"../../../Engine/Content/EngineMaterials/Substrate/Glints2/dict_0000_0021.uasset" 6522
"../../../Engine/Content/EngineMaterials/Substrate/Glints2/dict_0000_0029.uasset" 6523
"../../../Engine/Content/EngineMaterials/Substrate/Glints2/dict_0000_0030.uasset" 6524
"../../../Engine/Content/EngineMaterials/Substrate/Glints2/dict_0000_0028.uasset" 6525
"../../../Engine/Content/EngineMaterials/Substrate/Glints2/dict_0000_0022.uasset" 6526
"../../../Engine/Content/EngineMaterials/Substrate/Glints2/dict_0000_0034.uasset" 6527
"../../../Engine/Content/EngineMaterials/Substrate/Glints2/dict_0000_0016.uasset" 6528
"../../../Engine/Content/EngineMaterials/Substrate/Glints2/dict_0000_0033.uasset" 6529
"../../../Engine/Content/EngineMaterials/Substrate/Glints2/dict_0000_0032.uasset" 6530
"../../../Engine/Content/EngineMaterials/Substrate/Glints2/dict_0000_0031.uasset" 6531
"/Engine/EngineMaterials/Substrate/Glints2/dict_0000_0008" 6532
"/Engine/EngineMaterials/Substrate/Glints2/dict_0000_0004" 6533
"/Engine/EngineMaterials/Substrate/Glints2/dict_0000_0003" 6534
"../../../Engine/Content/EngineMaterials/Substrate/Glints2/dict_0000_0015.uasset" 6535
"/Engine/EngineMaterials/Substrate/Glints2/dict_0000_0001" 6536
"/Engine/EngineMaterials/Substrate/Glints2/dict_0000_0034" 6537
"/Engine/EngineMaterials/Substrate/Glints2/dict_0000_0033" 6538
"/Engine/EngineMaterials/Substrate/Glints2/dict_0000_0032" 6539
"../../../Engine/Content/EngineMaterials/Substrate/Glints2/dict_0000_0040.uasset" 6540
"../../../Engine/Content/EngineMaterials/Substrate/Glints2/dict_0000_0043.uasset" 6541
"../../../Engine/Content/EngineMaterials/Substrate/Glints2/dict_0000_0039.uasset" 6542
"../../../Engine/Content/EngineMaterials/Substrate/Glints2/dict_0000_0038.uasset" 6543
"/Engine/EngineMaterials/Substrate/Glints2/dict_0000_0031" 6544
"../../../Engine/Content/EngineMaterials/Substrate/Glints2/dict_0000_0037.uasset" 6545
"../../../Engine/Content/EngineMaterials/Substrate/Glints2/dict_0000_0042.uasset" 6546
"/Engine/EngineMaterials/Substrate/Glints2/dict_0000_0030" 6547
"/Engine/EngineMaterials/Substrate/Glints2/dict_0000_0029" 6548
"../../../Engine/Content/EngineMaterials/Substrate/Glints2/dict_0000_0041.uasset" 6549
"../../../Engine/Content/EngineMaterials/Substrate/Glints2/dict_0000_0035.uasset" 6550
"/Engine/EngineMaterials/Substrate/Glints2/dict_0000_0028" 6551
"/Engine/EngineMaterials/Substrate/Glints2/dict_0000_0027" 6552
"/Engine/EngineMaterials/Substrate/Glints2/dict_0000_0026" 6553
"/Engine/EngineMaterials/Substrate/Glints2/dict_0000_0025" 6554
"/Engine/EngineMaterials/Substrate/Glints2/dict_0000_0024" 6555
"/Engine/EngineMaterials/Substrate/Glints2/dict_0000_0023" 6556
"../../../Engine/Content/EngineMaterials/Substrate/Glints2/dict_0000_0045.uasset" 6557
"../../../Engine/Content/EngineMaterials/Substrate/Glints2/dict_0000_0044.uasset" 6558
"/Engine/EngineMaterials/Substrate/Glints2/dict_0000_0022" 6559
"/Engine/EngineMaterials/Substrate/Glints2/dict_0000_0021" 6560
"/Engine/EngineMaterials/Substrate/Glints2/dict_0000_0020" 6561
"/Engine/EngineMaterials/Substrate/Glints2/dict_0000_0019" 6562
"/Engine/EngineMaterials/Substrate/Glints2/dict_0000_0018" 6563
"/Engine/EngineMaterials/Substrate/Glints2/dict_0000_0017" 6564
"/Engine/EngineMaterials/Substrate/Glints2/dict_0000_0016" 6565
"/Engine/EngineMaterials/Substrate/Glints2/dict_0000_0015" 6566
"/Engine/EngineMaterials/Substrate/Glints2/dict_0000_0014" 6567
"/Engine/EngineMaterials/Substrate/Glints2/dict_0000_0045" 6568
"/Engine/EngineMaterials/Substrate/Glints2/dict_0000_0044" 6569
"/Engine/EngineMaterials/Substrate/Glints2/dict_0000_0043" 6570
"/Engine/EngineMaterials/Substrate/Glints2/dict_0000_0042" 6571
"/Engine/EngineMaterials/Substrate/Glints2/dict_0000_0041" 6572
"/Engine/EngineMaterials/Substrate/Glints2/dict_0000_0040" 6573
"../../../Engine/Content/EngineMaterials/Substrate/Glints2/dict_0000_0047.uasset" 6574
"../../../Engine/Content/EngineMaterials/Substrate/Glints2/dict_0000_0051.uasset" 6575
"../../../Engine/Content/EngineMaterials/Substrate/Glints2/dict_0000_0053.uasset" 6576
"../../../Engine/Content/EngineMaterials/Substrate/Glints2/dict_0000_0036.uasset" 6577
"../../../Engine/Content/EngineMaterials/Substrate/Glints2/dict_0000_0046.uasset" 6578
"../../../Engine/Content/EngineMaterials/Substrate/Glints2/dict_0000_0049.uasset" 6579
"../../../Engine/Content/EngineMaterials/Substrate/Glints2/dict_0000_0054.uasset" 6580
"/Engine/EngineMaterials/Substrate/Glints2/dict_0000_0039" 6581
"../../../Engine/Content/EngineMaterials/Substrate/Glints2/dict_0000_0048.uasset" 6582
"/Engine/EngineMaterials/Substrate/Glints2/dict_0000_0038" 6583
"/Engine/EngineMaterials/Substrate/Glints2/dict_0000_0037" 6584
"../../../Engine/Content/EngineMaterials/Substrate/Glints2/dict_0000_0052.uasset" 6585
"/Engine/EngineMaterials/Substrate/Glints2/dict_0000_0035" 6586
"/Engine/EngineMaterials/Substrate/Glints2/dict_0000_0036" 6587
"../../../Engine/Content/EngineMaterials/Substrate/Glints2/dict_0000_0055.uasset" 6588
"/Engine/EngineMaterials/Substrate/Glints2/dict_0000_0054" 6589
"/Engine/EngineMaterials/Substrate/Glints2/dict_0000_0053" 6590
"/Engine/EngineMaterials/Substrate/Glints2/dict_0000_0052" 6591
"../../../Engine/Content/EngineMaterials/Substrate/Glints2/dict_0000_0061.uasset" 6592
"../../../Engine/Content/EngineMaterials/Substrate/Glints2/dict_0000_0057.uasset" 6593
"../../../Engine/Content/EngineMaterials/Substrate/Glints2/dict_0000_0064.uasset" 6594
"/Engine/EngineMaterials/Substrate/Glints2/dict_0000_0051" 6595
"../../../Engine/Content/EngineMaterials/Substrate/Glints2/dict_0000_0059.uasset" 6596
"/Engine/EngineMaterials/Substrate/Glints2/dict_0000_0049" 6597
"/Engine/EngineMaterials/Substrate/Glints2/dict_0000_0048" 6598
"../../../Engine/Content/EngineMaterials/Substrate/Glints2/dict_0000_0056.uasset" 6599
"/Engine/EngineMaterials/Substrate/Glints2/dict_0000_0047" 6600
"/Engine/EngineMaterials/Substrate/Glints2/dict_0000_0046" 6601
"/Engine/EngineMaterials/Substrate/Glints2/dict_0000_0064" 6602
"/Engine/EngineMaterials/Substrate/Glints2/dict_0000_0061" 6603
"../../../Engine/Content/EngineMaterials/Substrate/Glints2/dict_0000_0065.uasset" 6604
"../../../Engine/Content/EngineMaterials/Substrate/Glints2/dict_0000_0063.uasset" 6605
"/Engine/EngineMaterials/Substrate/Glints2/dict_0000_0059" 6606
"/Engine/EngineMaterials/Substrate/Glints2/dict_0000_0057" 6607
"/Engine/EngineMaterials/Substrate/Glints2/dict_0000_0056" 6608
"/Engine/EngineMaterials/Substrate/Glints2/dict_0000_0055" 6609
"/Engine/EngineMaterials/Substrate/Glints2/dict_0000_0065" 6610
"../../../Engine/Content/EngineMaterials/Substrate/Glints2/dict_0000_0060.uasset" 6611
"/Engine/EngineMaterials/Substrate/Glints2/dict_0000_0063" 6612
"../../../Engine/Content/EngineMaterials/Substrate/Glints2/dict_0000_0050.uasset" 6613
"../../../Engine/Content/EngineMaterials/Substrate/Glints2/dict_0000_0058.uasset" 6614
"/Engine/EngineMaterials/Substrate/Glints2/dict_0000_0060" 6615
"/Engine/EngineMaterials/Substrate/Glints2/dict_0000_0058" 6616
"/Engine/EngineMaterials/Substrate/Glints2/dict_0000_0050" 6617
"../../../Engine/Content/EngineMaterials/Substrate/Glints2/dict_0000_0070.uasset" 6618
"../../../Engine/Content/EngineMaterials/Substrate/Glints2/dict_0000_0069.uasset" 6619
"../../../Engine/Content/EngineMaterials/Substrate/Glints2/dict_0000_0062.uasset" 6620
"../../../Engine/Content/EngineMaterials/Substrate/Glints2/dict_0000_0066.uasset" 6621
"../../../Engine/Content/EngineMaterials/Substrate/Glints2/dict_0000_0071.uasset" 6622
"../../../Engine/Content/EngineMaterials/Substrate/Glints2/dict_0000_0074.uasset" 6623
"../../../Engine/Content/EngineMaterials/Substrate/Glints2/dict_0000_0068.uasset" 6624
"../../../Engine/Content/EngineMaterials/Substrate/Glints2/dict_0000_0072.uasset" 6625
"../../../Engine/Content/EngineMaterials/Substrate/Glints2/dict_0000_0077.uasset" 6626
"../../../Engine/Content/EngineMaterials/Substrate/Glints2/dict_0000_0081.uasset" 6627
"../../../Engine/Content/EngineMaterials/Substrate/Glints2/dict_0000_0079.uasset" 6628
"../../../Engine/Content/EngineMaterials/Substrate/Glints2/dict_0000_0067.uasset" 6629
"../../../Engine/Content/EngineMaterials/Substrate/Glints2/dict_0000_0075.uasset" 6630
"../../../Engine/Content/EngineMaterials/Substrate/Glints2/dict_0000_0076.uasset" 6631
"../../../Engine/Content/EngineMaterials/Substrate/Glints2/dict_0000_0080.uasset" 6632
"../../../Engine/Content/EngineMaterials/Substrate/Glints2/dict_0000_0078.uasset" 6633
"../../../Engine/Content/EngineMaterials/Substrate/Glints2/dict_0000_0082.uasset" 6634
"/Engine/EngineMaterials/Substrate/Glints2/dict_0000_0076" 6635
"../../../Engine/Content/EngineMaterials/Substrate/Glints2/dict_0000_0083.uasset" 6636
"../../../Engine/Content/EngineMaterials/Substrate/Glints2/dict_0000_0086.uasset" 6637
"../../../Engine/Content/EngineMaterials/Substrate/Glints2/dict_0000_0088.uasset" 6638
"/Engine/EngineMaterials/Substrate/Glints2/dict_0000_0075" 6639
"../../../Engine/Content/EngineMaterials/Substrate/Glints2/dict_0000_0093.uasset" 6640
"../../../Engine/Content/EngineMaterials/Substrate/Glints2/dict_0000_0084.uasset" 6641
"../../../Engine/Content/EngineMaterials/Substrate/Glints2/dict_0000_0090.uasset" 6642
"/Engine/EngineMaterials/Substrate/Glints2/dict_0000_0066" 6643
"/Engine/EngineMaterials/Substrate/Glints2/dict_0000_0074" 6644
"../../../Engine/Content/EngineMaterials/Substrate/Glints2/dict_0000_0091.uasset" 6645
"../../../Engine/Content/EngineMaterials/Substrate/Glints2/dict_0000_0073.uasset" 6646
"/Engine/EngineMaterials/Substrate/Glints2/dict_0000_0072" 6647
"../../../Engine/Content/EngineMaterials/Substrate/Glints2/dict_0000_0092.uasset" 6648
"/Engine/EngineMaterials/Substrate/Glints2/dict_0000_0071" 6649
"/Engine/EngineMaterials/Substrate/Glints2/dict_0000_0070" 6650
"../../../Engine/Content/EngineMaterials/Substrate/Glints2/dict_0000_0087.uasset" 6651
"/Engine/EngineMaterials/Substrate/Glints2/dict_0000_0069" 6652
"/Engine/EngineMaterials/Substrate/Glints2/dict_0000_0062" 6653
"../../../Engine/Content/EngineMaterials/Substrate/Glints2/dict_0000_0085.uasset" 6654
"/Engine/EngineMaterials/Substrate/Glints2/dict_0000_0068" 6655
"/Engine/EngineMaterials/Substrate/Glints2/dict_0000_0067" 6656
"/Engine/EngineMaterials/Substrate/Glints2/dict_0000_0082" 6657
"/Engine/EngineMaterials/Substrate/Glints2/dict_0000_0081" 6658
"/Engine/EngineMaterials/Substrate/Glints2/dict_0000_0080" 6659
"/Engine/EngineMaterials/Substrate/Glints2/dict_0000_0079" 6660
"/Engine/EngineMaterials/Substrate/Glints2/dict_0000_0078" 6661
"/Engine/EngineMaterials/Substrate/Glints2/dict_0000_0077" 6662
"/Engine/EngineMaterials/Substrate/Glints2/dict_0000_0073" 6663
"/Engine/EngineMaterials/Substrate/Glints2/dict_0000_0093" 6664
"/Engine/EngineMaterials/Substrate/Glints2/dict_0000_0091" 6665
"../../../Engine/Content/EngineMaterials/Substrate/Glints2/dict_0000_0094.uasset" 6666
"../../../Engine/Content/EngineMaterials/Substrate/Glints2/dict_0000_0096.uasset" 6667
"../../../Engine/Content/EngineMaterials/Substrate/Glints2/dict_0000_0089.uasset" 6668
"/Engine/EngineMaterials/Substrate/Glints2/dict_0000_0092" 6669
"/Engine/EngineMaterials/Substrate/Glints2/dict_0000_0090" 6670
"/Engine/EngineMaterials/Substrate/Glints2/dict_0000_0085" 6671
"/Engine/EngineMaterials/Substrate/Glints2/dict_0000_0088" 6672
"/Engine/EngineMaterials/Substrate/Glints2/dict_0000_0087" 6673
"/Engine/EngineMaterials/Substrate/Glints2/dict_0000_0086" 6674
"/Engine/EngineMaterials/Substrate/Glints2/dict_0000_0084" 6675
"/Engine/EngineMaterials/Substrate/Glints2/dict_0000_0083" 6676
"/Engine/EngineMaterials/Substrate/Glints2/dict_0000_0094" 6677
"/Engine/EngineMaterials/Substrate/Glints2/dict_0000_0089" 6678
"/Engine/EngineMaterials/Substrate/Glints2/dict_0000_0096" 6679
"../../../Engine/Content/EngineMaterials/Substrate/Glints2/dict_0000_0095.uasset" 6680
"../../../Engine/Content/EngineMaterials/Substrate/Glints2/dict_0000_0099.uasset" 6681
"../../../Engine/Content/EngineMaterials/Substrate/Glints2/dict_0000_0102.uasset" 6682
"../../../Engine/Content/EngineMaterials/Substrate/Glints2/dict_0000_0101.uasset" 6683
"../../../Engine/Content/EngineMaterials/Substrate/Glints2/dict_0000_0106.uasset" 6684
"../../../Engine/Content/EngineMaterials/Substrate/Glints2/dict_0000_0103.uasset" 6685
"../../../Engine/Content/EngineMaterials/Substrate/Glints2/dict_0000_0105.uasset" 6686
"../../../Engine/Content/EngineMaterials/Substrate/Glints2/dict_0000_0098.uasset" 6687
"../../../Engine/Content/EngineMaterials/Substrate/Glints2/dict_0000_0104.uasset" 6688
"../../../Engine/Content/EngineMaterials/Substrate/Glints2/dict_0000_0110.uasset" 6689
"../../../Engine/Content/EngineMaterials/Substrate/Glints2/dict_0000_0100.uasset" 6690
"../../../Engine/Content/EngineMaterials/Substrate/Glints2/dict_0000_0109.uasset" 6691
"../../../Engine/Content/EngineMaterials/Substrate/Glints2/dict_0000_0113.uasset" 6692
"../../../Engine/Content/EngineMaterials/Substrate/Glints2/dict_0000_0112.uasset" 6693
"../../../Engine/Content/EngineMaterials/Substrate/Glints2/dict_0000_0108.uasset" 6694
"../../../Engine/Content/EngineMaterials/Substrate/Glints2/dict_0000_0118.uasset" 6695
"../../../Engine/Content/EngineMaterials/Substrate/Glints2/dict_0000_0111.uasset" 6696
"../../../Engine/Content/EngineMaterials/Substrate/Glints2/dict_0000_0107.uasset" 6697
"../../../Engine/Content/EngineMaterials/Substrate/Glints2/dict_0000_0119.uasset" 6698
"../../../Engine/Content/EngineMaterials/Substrate/Glints2/dict_0000_0120.uasset" 6699
"../../../Engine/Content/EngineMaterials/Substrate/Glints2/dict_0000_0097.uasset" 6700
"../../../Engine/Content/EngineMaterials/Substrate/Glints2/dict_0000_0117.uasset" 6701
"../../../Engine/Content/EngineMaterials/Substrate/Glints2/dict_0000_0121.uasset" 6702
"../../../Engine/Content/EngineMaterials/Substrate/Glints2/dict_0000_0114.uasset" 6703
"/Engine/EngineMaterials/Substrate/Glints2/dict_0000_0113" 6704
"/Engine/EngineMaterials/Substrate/Glints2/dict_0000_0112" 6705
"/Engine/EngineMaterials/Substrate/Glints2/dict_0000_0111" 6706
"/Engine/EngineMaterials/Substrate/Glints2/dict_0000_0110" 6707
"../../../Engine/Content/EngineMaterials/Substrate/Glints2/dict_0000_0122.uasset" 6708
"../../../Engine/Content/EngineMaterials/Substrate/Glints2/dict_0000_0116.uasset" 6709
"/Engine/EngineMaterials/Substrate/Glints2/dict_0000_0109" 6710
"/Engine/EngineMaterials/Substrate/Glints2/dict_0000_0108" 6711
"/Engine/EngineMaterials/Substrate/Glints2/dict_0000_0107" 6712
"../../../Engine/Content/EngineMaterials/Substrate/Glints2/dict_0000_0126.uasset" 6713
"../../../Engine/Content/EngineMaterials/Substrate/Glints2/dict_0000_0123.uasset" 6714
"../../../Engine/Content/EngineMaterials/Substrate/Glints2/dict_0000_0124.uasset" 6715
"../../../Engine/Content/EngineMaterials/Substrate/Glints2/dict_0000_0115.uasset" 6716
"/Engine/EngineMaterials/Substrate/Glints2/dict_0000_0106" 6717
"../../../Engine/Content/EngineMaterials/Substrate/Glints2/dict_0000_0125.uasset" 6718
"/Engine/EngineMaterials/Substrate/Glints2/dict_0000_0105" 6719
"/Engine/EngineMaterials/Substrate/Glints2/dict_0000_0120" 6720
"../../../Engine/Content/EngineMaterials/Substrate/Glints2/dict_0000_0127.uasset" 6721
"/Engine/EngineMaterials/Substrate/Glints2/dict_0000_0104" 6722
"/Engine/EngineMaterials/Substrate/Glints2/dict_0000_0119" 6723
"/Engine/EngineMaterials/Substrate/Glints2/dict_0000_0118" 6724
"/Engine/EngineMaterials/Substrate/Glints2/dict_0000_0103" 6725
"/Engine/EngineMaterials/Substrate/Glints2/dict_0000_0102" 6726
"/Engine/EngineMaterials/Substrate/Glints2/dict_0000_0101" 6727
"/Engine/EngineMaterials/Substrate/Glints2/dict_0000_0095" 6728
"/Engine/EngineMaterials/Substrate/Glints2/dict_0000_0100" 6729
"/Engine/EngineMaterials/Substrate/Glints2/dict_0000_0099" 6730
"/Engine/EngineMaterials/Substrate/Glints2/dict_0000_0098" 6731
"/Engine/EngineMaterials/Substrate/Glints2/dict_0000_0097" 6732
"/Engine/EngineMaterials/Substrate/Glints2/dict_0000_0124" 6733
"/Engine/EngineMaterials/Substrate/Glints2/dict_0000_0123" 6734
"/Engine/EngineMaterials/Substrate/Glints2/dict_0000_0122" 6735
"/Engine/EngineMaterials/Substrate/Glints2/dict_0000_0121" 6736
"/Engine/EngineMaterials/Substrate/Glints2/dict_0000_0127" 6737
"/Engine/EngineMaterials/Substrate/Glints2/dict_0000_0126" 6738
"/Engine/EngineMaterials/Substrate/Glints2/dict_0000_0125" 6739
"/Engine/EngineMaterials/Substrate/Glints2/dict_0000_0117" 6740
"/Engine/EngineMaterials/Substrate/Glints2/dict_0000_0116" 6741
"/Engine/EngineMaterials/Substrate/Glints2/dict_0000_0115" 6742
"/Engine/EngineMaterials/Substrate/Glints2/dict_0000_0114" 6743
"../../../Engine/Content/EngineMaterials/Substrate/Glints2/dict_0000_0132.uasset" 6744
"../../../Engine/Content/EngineMaterials/Substrate/Glints2/dict_0000_0135.uasset" 6745
"../../../Engine/Content/EngineMaterials/Substrate/Glints2/dict_0000_0128.uasset" 6746
"../../../Engine/Content/EngineMaterials/Substrate/Glints2/dict_0000_0137.uasset" 6747
"../../../Engine/Content/EngineMaterials/Substrate/Glints2/dict_0000_0130.uasset" 6748
"../../../Engine/Content/EngineMaterials/Substrate/Glints2/dict_0000_0129.uasset" 6749
"../../../Engine/Content/EngineMaterials/Substrate/Glints2/dict_0000_0131.uasset" 6750
"../../../Engine/Content/EngineMaterials/Substrate/Glints2/dict_0000_0139.uasset" 6751
"../../../Engine/Content/EngineMaterials/Substrate/Glints2/dict_0000_0141.uasset" 6752
"../../../Engine/Content/EngineMaterials/Substrate/Glints2/dict_0000_0133.uasset" 6753
"../../../Engine/Content/EngineMaterials/Substrate/Glints2/dict_0000_0136.uasset" 6754
"../../../Engine/Content/EngineMaterials/Substrate/Glints2/dict_0000_0134.uasset" 6755
"../../../Engine/Content/EngineMaterials/Substrate/Glints2/dict_0000_0140.uasset" 6756
"../../../Engine/Content/EngineMaterials/Substrate/Glints2/dict_0000_0138.uasset" 6757
"../../../Engine/Content/EngineMaterials/Substrate/Glints2/dict_0000_0145.uasset" 6758
"../../../Engine/Content/EngineMaterials/Substrate/Glints2/dict_0000_0144.uasset" 6759
"../../../Engine/Content/EngineMaterials/Substrate/Glints2/dict_0000_0142.uasset" 6760
"../../../Engine/Content/EngineMaterials/Substrate/Glints2/dict_0000_0146.uasset" 6761
"../../../Engine/Content/EngineMaterials/Substrate/Glints2/dict_0000_0143.uasset" 6762
"../../../Engine/Content/EngineMaterials/Substrate/Glints2/dict_0000_0153.uasset" 6763
"../../../Engine/Content/EngineMaterials/Substrate/Glints2/dict_0000_0151.uasset" 6764
"../../../Engine/Content/EngineMaterials/Substrate/Glints2/dict_0000_0149.uasset" 6765
"../../../Engine/Content/EngineMaterials/Substrate/Glints2/dict_0000_0154.uasset" 6766
"../../../Engine/Content/EngineMaterials/Substrate/Glints2/dict_0000_0150.uasset" 6767
"/Engine/EngineMaterials/Substrate/Glints2/dict_0000_0146" 6768
"../../../Engine/Content/EngineMaterials/Substrate/Glints2/dict_0000_0157.uasset" 6769
"../../../Engine/Content/EngineMaterials/Substrate/Glints2/dict_0000_0155.uasset" 6770
"../../../Engine/Content/EngineMaterials/Substrate/Glints2/dict_0000_0158.uasset" 6771
"/Engine/EngineMaterials/Substrate/Glints2/dict_0000_0145" 6772
"../../../Engine/Content/EngineMaterials/Substrate/Glints2/dict_0000_0147.uasset" 6773
"../../../Engine/Content/EngineMaterials/Substrate/Glints2/dict_0000_0152.uasset" 6774
"/Engine/EngineMaterials/Substrate/Glints2/dict_0000_0144" 6775
"../../../Engine/Content/EngineMaterials/Substrate/Glints2/dict_0000_0148.uasset" 6776
"/Engine/EngineMaterials/Substrate/Glints2/dict_0000_0143" 6777
"/Engine/EngineMaterials/Substrate/Glints2/dict_0000_0142" 6778
"/Engine/EngineMaterials/Substrate/Glints2/dict_0000_0141" 6779
"/Engine/EngineMaterials/Substrate/Glints2/dict_0000_0140" 6780
"/Engine/EngineMaterials/Substrate/Glints2/dict_0000_0139" 6781
"/Engine/EngineMaterials/Substrate/Glints2/dict_0000_0138" 6782
"/Engine/EngineMaterials/Substrate/Glints2/dict_0000_0154" 6783
"/Engine/EngineMaterials/Substrate/Glints2/dict_0000_0137" 6784
"/Engine/EngineMaterials/Substrate/Glints2/dict_0000_0153" 6785
"../../../Engine/Content/EngineMaterials/Substrate/Glints2/dict_0000_0159.uasset" 6786
"/Engine/EngineMaterials/Substrate/Glints2/dict_0000_0136" 6787
"/Engine/EngineMaterials/Substrate/Glints2/dict_0000_0151" 6788
"/Engine/EngineMaterials/Substrate/Glints2/dict_0000_0135" 6789
"/Engine/EngineMaterials/Substrate/Glints2/dict_0000_0150" 6790
"/Engine/EngineMaterials/Substrate/Glints2/dict_0000_0149" 6791
"/Engine/EngineMaterials/Substrate/Glints2/dict_0000_0134" 6792
"/Engine/EngineMaterials/Substrate/Glints2/dict_0000_0133" 6793
"../../../Engine/Content/EngineMaterials/Substrate/Glints2/dict_0000_0156.uasset" 6794
"/Engine/EngineMaterials/Substrate/Glints2/dict_0000_0132" 6795
"/Engine/EngineMaterials/Substrate/Glints2/dict_0000_0131" 6796
"/Engine/EngineMaterials/Substrate/Glints2/dict_0000_0130" 6797
"/Engine/EngineMaterials/Substrate/Glints2/dict_0000_0129" 6798
"/Engine/EngineMaterials/Substrate/Glints2/dict_0000_0128" 6799
"/Engine/EngineMaterials/Substrate/Glints2/dict_0000_0148" 6800
"/Engine/EngineMaterials/Substrate/Glints2/dict_0000_0147" 6801
"/Engine/EngineMaterials/Substrate/Glints2/dict_0000_0159" 6802
"/Engine/EngineMaterials/Substrate/Glints2/dict_0000_0158" 6803
"/Engine/EngineMaterials/Substrate/Glints2/dict_0000_0157" 6804
"/Engine/EngineMaterials/Substrate/Glints2/dict_0000_0156" 6805
"/Engine/EngineMaterials/Substrate/Glints2/dict_0000_0155" 6806
"/Engine/EngineMaterials/Substrate/Glints2/dict_0000_0152" 6807
"../../../Engine/Content/EngineMaterials/Substrate/Glints2/dict_0000_0169.uasset" 6808
"../../../Engine/Content/EngineMaterials/Substrate/Glints2/dict_0000_0173.uasset" 6809
"../../../Engine/Content/EngineMaterials/Substrate/Glints2/dict_0000_0160.uasset" 6810
"../../../Engine/Content/EngineMaterials/Substrate/Glints2/dict_0000_0165.uasset" 6811
"../../../Engine/Content/EngineMaterials/Substrate/Glints2/dict_0000_0171.uasset" 6812
"../../../Engine/Content/EngineMaterials/Substrate/Glints2/dict_0000_0167.uasset" 6813
"../../../Engine/Content/EngineMaterials/Substrate/Glints2/dict_0000_0168.uasset" 6814
"../../../Engine/Content/EngineMaterials/Substrate/Glints2/dict_0000_0164.uasset" 6815
"../../../Engine/Content/EngineMaterials/Substrate/Glints2/dict_0000_0161.uasset" 6816
"../../../Engine/Content/EngineMaterials/Substrate/Glints2/dict_0000_0162.uasset" 6817
"../../../Engine/Content/EngineMaterials/Substrate/Glints2/dict_0000_0166.uasset" 6818
"../../../Engine/Content/EngineMaterials/Substrate/Glints2/dict_0000_0163.uasset" 6819
"../../../Engine/Content/EngineMaterials/Substrate/Glints2/dict_0000_0170.uasset" 6820
"../../../Engine/Content/EngineMaterials/Substrate/Glints2/dict_0000_0174.uasset" 6821
"../../../Engine/Content/EngineMaterials/Substrate/Glints2/dict_0000_0182.uasset" 6822
"../../../Engine/Content/EngineMaterials/Substrate/Glints2/dict_0000_0175.uasset" 6823
"../../../Engine/Content/EngineMaterials/Substrate/Glints2/dict_0000_0176.uasset" 6824
"../../../Engine/Content/EngineMaterials/Substrate/Glints2/dict_0000_0179.uasset" 6825
"../../../Engine/Content/EngineMaterials/Substrate/Glints2/dict_0000_0172.uasset" 6826
"/Engine/EngineMaterials/Substrate/Glints2/dict_0000_0182" 6827
"../../../Engine/Content/EngineMaterials/Substrate/Glints2/dict_0000_0184.uasset" 6828
"../../../Engine/Content/EngineMaterials/Substrate/Glints2/dict_0000_0183.uasset" 6829
"../../../Engine/Content/EngineMaterials/Substrate/Glints2/dict_0000_0187.uasset" 6830
"../../../Engine/Content/EngineMaterials/Substrate/Glints2/dict_0000_0188.uasset" 6831
"/Engine/EngineMaterials/Substrate/Glints2/dict_0000_0176" 6832
"../../../Engine/Content/EngineMaterials/Substrate/Glints2/dict_0000_0180.uasset" 6833
"/Engine/EngineMaterials/Substrate/Glints2/dict_0000_0175" 6834
"/Engine/EngineMaterials/Substrate/Glints2/dict_0000_0174" 6835
"../../../Engine/Content/EngineMaterials/Substrate/Glints2/dict_0000_0177.uasset" 6836
"/Engine/EngineMaterials/Substrate/Glints2/dict_0000_0173" 6837
"../../../Engine/Content/EngineMaterials/Substrate/Glints2/dict_0000_0186.uasset" 6838
"../../../Engine/Content/EngineMaterials/Substrate/Glints2/dict_0000_0185.uasset" 6839
"/Engine/EngineMaterials/Substrate/Glints2/dict_0000_0171" 6840
"../../../Engine/Content/EngineMaterials/Substrate/Glints2/dict_0000_0189.uasset" 6841
"../../../Engine/Content/EngineMaterials/Substrate/Glints2/dict_0000_0181.uasset" 6842
"/Engine/EngineMaterials/Substrate/Glints2/dict_0000_0170" 6843
"/Engine/EngineMaterials/Substrate/Glints2/dict_0000_0169" 6844
"/Engine/EngineMaterials/Substrate/Glints2/dict_0000_0168" 6845
"/Engine/EngineMaterials/Substrate/Glints2/dict_0000_0167" 6846
"/Engine/EngineMaterials/Substrate/Glints2/dict_0000_0166" 6847
"/Engine/EngineMaterials/Substrate/Glints2/dict_0000_0165" 6848
"/Engine/EngineMaterials/Substrate/Glints2/dict_0000_0164" 6849
"/Engine/EngineMaterials/Substrate/Glints2/dict_0000_0163" 6850
"/Engine/EngineMaterials/Substrate/Glints2/dict_0000_0162" 6851
"../../../Engine/Content/EngineMaterials/Substrate/Glints2/dict_0000_0190.uasset" 6852
"/Engine/EngineMaterials/Substrate/Glints2/dict_0000_0161" 6853
"../../../Engine/Content/EngineMaterials/Substrate/Glints2/dict_0000_0191.uasset" 6854
"/Engine/EngineMaterials/Substrate/Glints2/dict_0000_0160" 6855
"/Engine/EngineMaterials/Substrate/Glints2/dict_0000_0191" 6856
"/Engine/EngineMaterials/Substrate/Glints2/dict_0000_0190" 6857
"/Engine/EngineMaterials/Substrate/Glints2/dict_0000_0183" 6858
"/Engine/EngineMaterials/Substrate/Glints2/dict_0000_0189" 6859
"/Engine/EngineMaterials/Substrate/Glints2/dict_0000_0181" 6860
"/Engine/EngineMaterials/Substrate/Glints2/dict_0000_0188" 6861
"/Engine/EngineMaterials/Substrate/Glints2/dict_0000_0187" 6862
"../../../Engine/Content/EngineMaterials/Substrate/Glints2/dict_0000_0197.uasset" 6863
"../../../Engine/Content/EngineMaterials/Substrate/Glints2/dict_0000_0195.uasset" 6864
"../../../Engine/Content/EngineMaterials/Substrate/Glints2/dict_0000_0192.uasset" 6865
"../../../Engine/Content/EngineMaterials/Substrate/Glints2/dict_0000_0198.uasset" 6866
"../../../Engine/Content/EngineMaterials/Substrate/Glints2/dict_0000_0201.uasset" 6867
"../../../Engine/Content/EngineMaterials/Substrate/Glints2/dict_0000_0202.uasset" 6868
"/Engine/EngineMaterials/Substrate/Glints2/dict_0000_0180" 6869
"/Engine/EngineMaterials/Substrate/Glints2/dict_0000_0179" 6870
"/Engine/EngineMaterials/Substrate/Glints2/dict_0000_0186" 6871
"/Engine/EngineMaterials/Substrate/Glints2/dict_0000_0177" 6872
"/Engine/EngineMaterials/Substrate/Glints2/dict_0000_0185" 6873
"/Engine/EngineMaterials/Substrate/Glints2/dict_0000_0172" 6874
"/Engine/EngineMaterials/Substrate/Glints2/dict_0000_0184" 6875
"../../../Engine/Content/EngineMaterials/Substrate/Glints2/dict_0000_0194.uasset" 6876
"../../../Engine/Content/EngineMaterials/Substrate/Glints2/dict_0000_0196.uasset" 6877
"../../../Engine/Content/EngineMaterials/Substrate/Glints2/dict_0000_0203.uasset" 6878
"../../../Engine/Content/EngineMaterials/Substrate/Glints2/dict_0000_0178.uasset" 6879
"/Engine/EngineMaterials/Substrate/Glints2/dict_0000_0203" 6880
"../../../Engine/Content/EngineMaterials/Substrate/Glints2/dict_0000_0204.uasset" 6881
"../../../Engine/Content/EngineMaterials/Substrate/Glints2/dict_0000_0207.uasset" 6882
"../../../Engine/Content/EngineMaterials/Substrate/Glints2/dict_0000_0205.uasset" 6883
"../../../Engine/Content/EngineMaterials/Substrate/Glints2/dict_0000_0199.uasset" 6884
"../../../Engine/Content/EngineMaterials/Substrate/Glints2/dict_0000_0208.uasset" 6885
"/Engine/EngineMaterials/Substrate/Glints2/dict_0000_0202" 6886
"/Engine/EngineMaterials/Substrate/Glints2/dict_0000_0201" 6887
"/Engine/EngineMaterials/Substrate/Glints2/dict_0000_0198" 6888
"/Engine/EngineMaterials/Substrate/Glints2/dict_0000_0197" 6889
"/Engine/EngineMaterials/Substrate/Glints2/dict_0000_0196" 6890
"/Engine/EngineMaterials/Substrate/Glints2/dict_0000_0195" 6891
"../../../Engine/Content/EngineMaterials/Substrate/Glints2/dict_0000_0218.uasset" 6892
"../../../Engine/Content/EngineMaterials/Substrate/Glints2/dict_0000_0215.uasset" 6893
"../../../Engine/Content/EngineMaterials/Substrate/Glints2/dict_0000_0214.uasset" 6894
"../../../Engine/Content/EngineMaterials/Substrate/Glints2/dict_0000_0200.uasset" 6895
"/Engine/EngineMaterials/Substrate/Glints2/dict_0000_0194" 6896
"../../../Engine/Content/EngineMaterials/Substrate/Glints2/dict_0000_0193.uasset" 6897
"/Engine/EngineMaterials/Substrate/Glints2/dict_0000_0192" 6898
"../../../Engine/Content/EngineMaterials/Substrate/Glints2/dict_0000_0216.uasset" 6899
"../../../Engine/Content/EngineMaterials/Substrate/Glints2/dict_0000_0212.uasset" 6900
"../../../Engine/Content/EngineMaterials/Substrate/Glints2/dict_0000_0210.uasset" 6901
"../../../Engine/Content/EngineMaterials/Substrate/Glints2/dict_0000_0213.uasset" 6902
"/Engine/EngineMaterials/Substrate/Glints2/dict_0000_0208" 6903
"/Engine/EngineMaterials/Substrate/Glints2/dict_0000_0218" 6904
"/Engine/EngineMaterials/Substrate/Glints2/dict_0000_0216" 6905
"/Engine/EngineMaterials/Substrate/Glints2/dict_0000_0215" 6906
"../../../Engine/Content/EngineMaterials/Substrate/Glints2/dict_0000_0217.uasset" 6907
"/Engine/EngineMaterials/Substrate/Glints2/dict_0000_0214" 6908
"../../../Engine/Content/EngineMaterials/Substrate/Glints2/dict_0000_0209.uasset" 6909
"/Engine/EngineMaterials/Substrate/Glints2/dict_0000_0178" 6910
"/Engine/EngineMaterials/Substrate/Glints2/dict_0000_0212" 6911
"../../../Engine/Content/EngineMaterials/Substrate/Glints2/dict_0000_0220.uasset" 6912
"../../../Engine/Content/EngineMaterials/Substrate/Glints2/dict_0000_0222.uasset" 6913
"../../../Engine/Content/EngineMaterials/Substrate/Glints2/dict_0000_0221.uasset" 6914
"/Engine/EngineMaterials/Substrate/Glints2/dict_0000_0207" 6915
"../../../Engine/Content/EngineMaterials/Substrate/Glints2/dict_0000_0206.uasset" 6916
"../../../Engine/Content/EngineMaterials/Substrate/Glints2/dict_0000_0225.uasset" 6917
"/Engine/EngineMaterials/Substrate/Glints2/dict_0000_0205" 6918
"../../../Engine/Content/EngineMaterials/Substrate/Glints2/dict_0000_0223.uasset" 6919
"../../../Engine/Content/EngineMaterials/Substrate/Glints2/dict_0000_0211.uasset" 6920
"/Engine/EngineMaterials/Substrate/Glints2/dict_0000_0204" 6921
"/Engine/EngineMaterials/Substrate/Glints2/dict_0000_0210" 6922
"/Engine/EngineMaterials/Substrate/Glints2/dict_0000_0200" 6923
"../../../Engine/Content/EngineMaterials/Substrate/Glints2/dict_0000_0219.uasset" 6924
"/Engine/EngineMaterials/Substrate/Glints2/dict_0000_0199" 6925
"/Engine/EngineMaterials/Substrate/Glints2/dict_0000_0193" 6926
"../../../Engine/Content/EngineMaterials/Substrate/Glints2/dict_0000_0224.uasset" 6927
"/Engine/EngineMaterials/Substrate/Glints2/dict_0000_0222" 6928
"/Engine/EngineMaterials/Substrate/Glints2/dict_0000_0221" 6929
"/Engine/EngineMaterials/Substrate/Glints2/dict_0000_0220" 6930
"../../../Engine/Content/EngineMaterials/Substrate/Glints2/dict_0000_0228.uasset" 6931
"../../../Engine/Content/EngineMaterials/Substrate/Glints2/dict_0000_0229.uasset" 6932
"../../../Engine/Content/EngineMaterials/Substrate/Glints2/dict_0000_0230.uasset" 6933
"/Engine/EngineMaterials/Substrate/Glints2/dict_0000_0219" 6934
"/Engine/EngineMaterials/Substrate/Glints2/dict_0000_0217" 6935
"../../../Engine/Content/EngineMaterials/Substrate/Glints2/dict_0000_0227.uasset" 6936
"/Engine/EngineMaterials/Substrate/Glints2/dict_0000_0213" 6937
"/Engine/EngineMaterials/Substrate/Glints2/dict_0000_0211" 6938
"../../../Engine/Content/EngineMaterials/Substrate/Glints2/dict_0000_0231.uasset" 6939
"/Engine/EngineMaterials/Substrate/Glints2/dict_0000_0206" 6940
"/Engine/EngineMaterials/Substrate/Glints2/dict_0000_0209" 6941
"/Engine/EngineMaterials/Substrate/Glints2/dict_0000_0225" 6942
"/Engine/EngineMaterials/Substrate/Glints2/dict_0000_0224" 6943
"../../../Engine/Content/EngineMaterials/Substrate/Glints2/dict_0000_0238.uasset" 6944
"../../../Engine/Content/EngineMaterials/Substrate/Glints2/dict_0000_0240.uasset" 6945
"../../../Engine/Content/EngineMaterials/Substrate/Glints2/dict_0000_0234.uasset" 6946
"/Engine/EngineMaterials/Substrate/Glints2/dict_0000_0223" 6947
"/Engine/EngineMaterials/Substrate/Glints2/dict_0000_0240" 6948
"../../../Engine/Content/EngineMaterials/Substrate/Glints2/dict_0000_0237.uasset" 6949
"../../../Engine/Content/EngineMaterials/Substrate/Glints2/dict_0000_0232.uasset" 6950
"../../../Engine/Content/EngineMaterials/Substrate/Glints2/dict_0000_0236.uasset" 6951
"../../../Engine/Content/EngineMaterials/Substrate/Glints2/dict_0000_0235.uasset" 6952
"/Engine/EngineMaterials/Substrate/Glints2/dict_0000_0238" 6953
"/Engine/EngineMaterials/Substrate/Glints2/dict_0000_0231" 6954
"../../../Engine/Content/EngineMaterials/Substrate/Glints2/dict_0000_0241.uasset" 6955
"/Engine/EngineMaterials/Substrate/Glints2/dict_0000_0230" 6956
"/Engine/EngineMaterials/Substrate/Glints2/dict_0000_0229" 6957
"/Engine/EngineMaterials/Substrate/Glints2/dict_0000_0234" 6958
"/Engine/EngineMaterials/Substrate/Glints2/dict_0000_0228" 6959
"/Engine/EngineMaterials/Substrate/Glints2/dict_0000_0227" 6960
"/Engine/EngineMaterials/Substrate/Glints2/dict_0000_0241" 6961
"../../../Engine/Content/EngineMaterials/Substrate/Glints2/dict_0000_0233.uasset" 6962
"/Engine/EngineMaterials/Substrate/Glints2/dict_0000_0237" 6963
"../../../Engine/Content/EngineMaterials/Substrate/Glints2/dict_0000_0244.uasset" 6964
"/Engine/EngineMaterials/Substrate/Glints2/dict_0000_0236" 6965
"../../../Engine/Content/EngineMaterials/Substrate/Glints2/dict_0000_0226.uasset" 6966
"/Engine/EngineMaterials/Substrate/Glints2/dict_0000_0235" 6967
"/Engine/EngineMaterials/Substrate/Glints2/dict_0000_0232" 6968
"../../../Engine/Content/EngineMaterials/Substrate/Glints2/dict_0000_0242.uasset" 6969
"../../../Engine/Content/EngineMaterials/Substrate/Glints2/dict_0000_0239.uasset" 6970
"/Engine/EngineMaterials/Substrate/Glints2/dict_0000_0244" 6971
"/Engine/EngineMaterials/Substrate/Glints2/dict_0000_0233" 6972
"/Engine/EngineMaterials/Substrate/Glints2/dict_0000_0226" 6973
"/Engine/EngineMaterials/Substrate/Glints2/dict_0000_0242" 6974
"/Engine/EngineMaterials/Substrate/Glints2/dict_0000_0239" 6975
"../../../Engine/Content/EngineMaterials/Substrate/Glints2/dict_0000_0243.uasset" 6976
"../../../Engine/Content/EngineMaterials/Substrate/Glints2/dict_0000_0248.uasset" 6977
"../../../Engine/Content/EngineMaterials/Substrate/Glints2/dict_0000_0254.uasset" 6978
"../../../Engine/Content/EngineMaterials/Substrate/Glints2/dict_0000_0250.uasset" 6979
"../../../Engine/Content/EngineMaterials/Substrate/Glints2/dict_0000_0255.uasset" 6980
"../../../Engine/Content/EngineMaterials/Substrate/Glints2/dict_0000_0245.uasset" 6981
"../../../Engine/Content/EngineMaterials/Substrate/Glints2/dict_0000_0249.uasset" 6982
"../../../Engine/Content/EngineMaterials/Substrate/Glints2/dict_0001_0001.uasset" 6983
"../../../Engine/Content/EngineMaterials/Substrate/Glints2/dict_0000_0252.uasset" 6984
"../../../Engine/Content/EngineMaterials/Substrate/Glints2/dict_0000_0251.uasset" 6985
"../../../Engine/Content/EngineMaterials/Substrate/Glints2/dict_0000_0253.uasset" 6986
"../../../Engine/Content/EngineMaterials/Substrate/Glints2/dict_0000_0246.uasset" 6987
"../../../Engine/Content/EngineMaterials/Substrate/Glints2/dict_0001_0004.uasset" 6988
"../../../Engine/Content/EngineMaterials/Substrate/Glints2/dict_0001_0003.uasset" 6989
"../../../Engine/Content/EngineMaterials/Substrate/Glints2/dict_0001_0000.uasset" 6990
"../../../Engine/Content/EngineMaterials/Substrate/Glints2/dict_0001_0006.uasset" 6991
"../../../Engine/Content/EngineMaterials/Substrate/Glints2/dict_0000_0247.uasset" 6992
"/Engine/EngineMaterials/Substrate/Glints2/dict_0001_0001" 6993
"../../../Engine/Content/EngineMaterials/Substrate/Glints2/dict_0001_0002.uasset" 6994
"../../../Engine/Content/EngineMaterials/Substrate/Glints2/dict_0001_0011.uasset" 6995
"/Engine/EngineMaterials/Substrate/Glints2/dict_0001_0000" 6996
"/Engine/EngineMaterials/Substrate/Glints2/dict_0000_0255" 6997
"../../../Engine/Content/EngineMaterials/Substrate/Glints2/dict_0001_0009.uasset" 6998
"/Engine/EngineMaterials/Substrate/Glints2/dict_0000_0245" 6999
"../../../Engine/Content/EngineMaterials/Substrate/Glints2/dict_0001_0010.uasset" 7000
"/Engine/EngineMaterials/Substrate/Glints2/dict_0000_0254" 7001
"/Engine/EngineMaterials/Substrate/Glints2/dict_0000_0253" 7002
"../../../Engine/Content/EngineMaterials/Substrate/Glints2/dict_0001_0005.uasset" 7003
"/Engine/EngineMaterials/Substrate/Glints2/dict_0000_0243" 7004
"/Engine/EngineMaterials/Substrate/Glints2/dict_0000_0252" 7005
"/Engine/EngineMaterials/Substrate/Glints2/dict_0000_0251" 7006
"/Engine/EngineMaterials/Substrate/Glints2/dict_0000_0250" 7007
"/Engine/EngineMaterials/Substrate/Glints2/dict_0000_0249" 7008
"../../../Engine/Content/EngineMaterials/Substrate/Glints2/dict_0001_0015.uasset" 7009
"../../../Engine/Content/EngineMaterials/Substrate/Glints2/dict_0001_0014.uasset" 7010
"/Engine/EngineMaterials/Substrate/Glints2/dict_0001_0006" 7011
"/Engine/EngineMaterials/Substrate/Glints2/dict_0001_0004" 7012
"/Engine/EngineMaterials/Substrate/Glints2/dict_0001_0003" 7013
"../../../Engine/Content/EngineMaterials/Substrate/Glints2/dict_0001_0016.uasset" 7014
"../../../Engine/Content/EngineMaterials/Substrate/Glints2/dict_0001_0013.uasset" 7015
"/Engine/EngineMaterials/Substrate/Glints2/dict_0000_0248" 7016
"/Engine/EngineMaterials/Substrate/Glints2/dict_0000_0247" 7017
"/Engine/EngineMaterials/Substrate/Glints2/dict_0000_0246" 7018
"../../../Engine/Content/EngineMaterials/Substrate/Glints2/dict_0001_0007.uasset" 7019
"../../../Engine/Content/EngineMaterials/Substrate/Glints2/dict_0001_0017.uasset" 7020
"../../../Engine/Content/EngineMaterials/Substrate/Glints2/dict_0001_0012.uasset" 7021
"/Engine/EngineMaterials/Substrate/Glints2/dict_0001_0017" 7022
"/Engine/EngineMaterials/Substrate/Glints2/dict_0001_0014" 7023
"../../../Engine/Content/EngineMaterials/Substrate/Glints2/dict_0001_0008.uasset" 7024
"/Engine/EngineMaterials/Substrate/Glints2/dict_0001_0009" 7025
"../../../Engine/Content/EngineMaterials/Substrate/Glints2/dict_0001_0019.uasset" 7026
"/Engine/EngineMaterials/Substrate/Glints2/dict_0001_0013" 7027
"/Engine/EngineMaterials/Substrate/Glints2/dict_0001_0012" 7028
"/Engine/EngineMaterials/Substrate/Glints2/dict_0001_0011" 7029
"/Engine/EngineMaterials/Substrate/Glints2/dict_0001_0007" 7030
"/Engine/EngineMaterials/Substrate/Glints2/dict_0001_0005" 7031
"../../../Engine/Content/EngineMaterials/Substrate/Glints2/dict_0001_0018.uasset" 7032
"/Engine/EngineMaterials/Substrate/Glints2/dict_0001_0016" 7033
"/Engine/EngineMaterials/Substrate/Glints2/dict_0001_0002" 7034
"/Engine/EngineMaterials/Substrate/Glints2/dict_0001_0015" 7035
"../../../Engine/Content/EngineMaterials/Substrate/Glints2/dict_0001_0025.uasset" 7036
"../../../Engine/Content/EngineMaterials/Substrate/Glints2/dict_0001_0029.uasset" 7037
"../../../Engine/Content/EngineMaterials/Substrate/Glints2/dict_0001_0020.uasset" 7038
"../../../Engine/Content/EngineMaterials/Substrate/Glints2/dict_0001_0021.uasset" 7039
"../../../Engine/Content/EngineMaterials/Substrate/Glints2/dict_0001_0026.uasset" 7040
"/Engine/EngineMaterials/Substrate/Glints2/dict_0001_0010" 7041
"../../../Engine/Content/EngineMaterials/Substrate/Glints2/dict_0001_0024.uasset" 7042
"../../../Engine/Content/EngineMaterials/Substrate/Glints2/dict_0001_0022.uasset" 7043
"/Engine/EngineMaterials/Substrate/Glints2/dict_0001_0019" 7044
"../../../Engine/Content/EngineMaterials/Substrate/Glints2/dict_0001_0030.uasset" 7045
"/Engine/EngineMaterials/Substrate/Glints2/dict_0001_0029" 7046
"/Engine/EngineMaterials/Substrate/Glints2/dict_0001_0018" 7047
"../../../Engine/Content/EngineMaterials/Substrate/Glints2/dict_0001_0027.uasset" 7048
"/Engine/EngineMaterials/Substrate/Glints2/dict_0001_0008" 7049
"/Engine/EngineMaterials/Substrate/Glints2/dict_0001_0026" 7050
"/Engine/EngineMaterials/Substrate/Glints2/dict_0001_0025" 7051
"/Engine/EngineMaterials/Substrate/Glints2/dict_0001_0024" 7052
"../../../Engine/Content/EngineMaterials/Substrate/Glints2/dict_0001_0031.uasset" 7053
"/Engine/EngineMaterials/Substrate/Glints2/dict_0001_0021" 7054
"../../../Engine/Content/EngineMaterials/Substrate/Glints2/dict_0001_0032.uasset" 7055
"/Engine/EngineMaterials/Substrate/Glints2/dict_0001_0020" 7056
"/Engine/EngineMaterials/Substrate/Glints2/dict_0001_0032" 7057
"/Engine/EngineMaterials/Substrate/Glints2/dict_0001_0031" 7058
"/Engine/EngineMaterials/Substrate/Glints2/dict_0001_0030" 7059
"/Engine/EngineMaterials/Substrate/Glints2/dict_0001_0027" 7060
"/Engine/EngineMaterials/Substrate/Glints2/dict_0001_0022" 7061
"../../../Engine/Content/EngineMaterials/Substrate/Glints2/dict_0001_0033.uasset" 7062
"../../../Engine/Content/EngineMaterials/Substrate/Glints2/dict_0001_0037.uasset" 7063
"../../../Engine/Content/EngineMaterials/Substrate/Glints2/dict_0001_0039.uasset" 7064
"../../../Engine/Content/EngineMaterials/Substrate/Glints2/dict_0001_0038.uasset" 7065
"../../../Engine/Content/EngineMaterials/Substrate/Glints2/dict_0001_0028.uasset" 7066
"../../../Engine/Content/EngineMaterials/Substrate/Glints2/dict_0001_0023.uasset" 7067
"../../../Engine/Content/EngineMaterials/Substrate/Glints2/dict_0001_0036.uasset" 7068
"../../../Engine/Content/EngineMaterials/Substrate/Glints2/dict_0001_0035.uasset" 7069
"../../../Engine/Content/EngineMaterials/Substrate/Glints2/dict_0001_0034.uasset" 7070
"../../../Engine/Content/EngineMaterials/Substrate/Glints2/dict_0001_0046.uasset" 7071
"../../../Engine/Content/EngineMaterials/Substrate/Glints2/dict_0001_0047.uasset" 7072
"../../../Engine/Content/EngineMaterials/Substrate/Glints2/dict_0001_0044.uasset" 7073
"../../../Engine/Content/EngineMaterials/Substrate/Glints2/dict_0001_0049.uasset" 7074
"../../../Engine/Content/EngineMaterials/Substrate/Glints2/dict_0001_0050.uasset" 7075
"../../../Engine/Content/EngineMaterials/Substrate/Glints2/dict_0001_0048.uasset" 7076
"../../../Engine/Content/EngineMaterials/Substrate/Glints2/dict_0001_0041.uasset" 7077
"../../../Engine/Content/EngineMaterials/Substrate/Glints2/dict_0001_0043.uasset" 7078
"../../../Engine/Content/EngineMaterials/Substrate/Glints2/dict_0001_0042.uasset" 7079
"../../../Engine/Content/EngineMaterials/Substrate/Glints2/dict_0001_0040.uasset" 7080
"../../../Engine/Content/EngineMaterials/Substrate/Glints2/dict_0001_0045.uasset" 7081
"../../../Engine/Content/EngineMaterials/Substrate/Glints2/dict_0001_0053.uasset" 7082
"/Engine/EngineMaterials/Substrate/Glints2/dict_0001_0036" 7083
"../../../Engine/Content/EngineMaterials/Substrate/Glints2/dict_0001_0052.uasset" 7084
"../../../Engine/Content/EngineMaterials/Substrate/Glints2/dict_0001_0055.uasset" 7085
"../../../Engine/Content/EngineMaterials/Substrate/Glints2/dict_0001_0056.uasset" 7086
"../../../Engine/Content/EngineMaterials/Substrate/Glints2/dict_0001_0054.uasset" 7087
"../../../Engine/Content/EngineMaterials/Substrate/Glints2/dict_0001_0051.uasset" 7088
"../../../Engine/Content/EngineMaterials/Substrate/Glints2/dict_0001_0058.uasset" 7089
"/Engine/EngineMaterials/Substrate/Glints2/dict_0001_0035" 7090
"../../../Engine/Content/EngineMaterials/Substrate/Glints2/dict_0001_0061.uasset" 7091
"/Engine/EngineMaterials/Substrate/Glints2/dict_0001_0034" 7092
"../../../Engine/Content/EngineMaterials/Substrate/Glints2/dict_0001_0059.uasset" 7093
"/Engine/EngineMaterials/Substrate/Glints2/dict_0001_0033" 7094
"/Engine/EngineMaterials/Substrate/Glints2/dict_0001_0048" 7095
"/Engine/EngineMaterials/Substrate/Glints2/dict_0001_0047" 7096
"../../../Engine/Content/EngineMaterials/Substrate/Glints2/dict_0001_0057.uasset" 7097
"/Engine/EngineMaterials/Substrate/Glints2/dict_0001_0046" 7098
"/Engine/EngineMaterials/Substrate/Glints2/dict_0001_0028" 7099
"/Engine/EngineMaterials/Substrate/Glints2/dict_0001_0045" 7100
"/Engine/EngineMaterials/Substrate/Glints2/dict_0001_0044" 7101
"/Engine/EngineMaterials/Substrate/Glints2/dict_0001_0043" 7102
"/Engine/EngineMaterials/Substrate/Glints2/dict_0001_0042" 7103
"/Engine/EngineMaterials/Substrate/Glints2/dict_0001_0041" 7104
"../../../Engine/Content/EngineMaterials/Substrate/Glints2/dict_0001_0062.uasset" 7105
"/Engine/EngineMaterials/Substrate/Glints2/dict_0001_0040" 7106
"../../../Engine/Content/EngineMaterials/Substrate/Glints2/dict_0001_0060.uasset" 7107
"/Engine/EngineMaterials/Substrate/Glints2/dict_0001_0023" 7108
"/Engine/EngineMaterials/Substrate/Glints2/dict_0001_0039" 7109
"/Engine/EngineMaterials/Substrate/Glints2/dict_0001_0038" 7110
"/Engine/EngineMaterials/Substrate/Glints2/dict_0001_0050" 7111
"/Engine/EngineMaterials/Substrate/Glints2/dict_0001_0037" 7112
"/Engine/EngineMaterials/Substrate/Glints2/dict_0001_0049" 7113
"/Engine/EngineMaterials/Substrate/Glints2/dict_0001_0062" 7114
"/Engine/EngineMaterials/Substrate/Glints2/dict_0001_0061" 7115
"/Engine/EngineMaterials/Substrate/Glints2/dict_0001_0060" 7116
"/Engine/EngineMaterials/Substrate/Glints2/dict_0001_0057" 7117
"/Engine/EngineMaterials/Substrate/Glints2/dict_0001_0056" 7118
"/Engine/EngineMaterials/Substrate/Glints2/dict_0001_0055" 7119
"/Engine/EngineMaterials/Substrate/Glints2/dict_0001_0054" 7120
"/Engine/EngineMaterials/Substrate/Glints2/dict_0001_0059" 7121
"/Engine/EngineMaterials/Substrate/Glints2/dict_0001_0053" 7122
"/Engine/EngineMaterials/Substrate/Glints2/dict_0001_0052" 7123
"/Engine/EngineMaterials/Substrate/Glints2/dict_0001_0051" 7124
"/Engine/EngineMaterials/Substrate/Glints2/dict_0001_0058" 7125
"../../../Engine/Content/EngineMaterials/Substrate/Glints2/dict_0001_0075.uasset" 7126
"../../../Engine/Content/EngineMaterials/Substrate/Glints2/dict_0001_0072.uasset" 7127
"../../../Engine/Content/EngineMaterials/Substrate/Glints2/dict_0001_0071.uasset" 7128
"../../../Engine/Content/EngineMaterials/Substrate/Glints2/dict_0001_0067.uasset" 7129
"../../../Engine/Content/EngineMaterials/Substrate/Glints2/dict_0001_0064.uasset" 7130
"../../../Engine/Content/EngineMaterials/Substrate/Glints2/dict_0001_0063.uasset" 7131
"../../../Engine/Content/EngineMaterials/Substrate/Glints2/dict_0001_0066.uasset" 7132
"../../../Engine/Content/EngineMaterials/Substrate/Glints2/dict_0001_0065.uasset" 7133
"../../../Engine/Content/EngineMaterials/Substrate/Glints2/dict_0001_0069.uasset" 7134
"../../../Engine/Content/EngineMaterials/Substrate/Glints2/dict_0001_0073.uasset" 7135
"../../../Engine/Content/EngineMaterials/Substrate/Glints2/dict_0001_0076.uasset" 7136
"../../../Engine/Content/EngineMaterials/Substrate/Glints2/dict_0001_0070.uasset" 7137
"../../../Engine/Content/EngineMaterials/Substrate/Glints2/dict_0001_0068.uasset" 7138
"../../../Engine/Content/EngineMaterials/Substrate/Glints2/dict_0001_0074.uasset" 7139
"/Engine/EngineMaterials/Substrate/Glints2/dict_0001_0076" 7140
"/Engine/EngineMaterials/Substrate/Glints2/dict_0001_0075" 7141
"../../../Engine/Content/EngineMaterials/Substrate/Glints2/dict_0001_0089.uasset" 7142
"../../../Engine/Content/EngineMaterials/Substrate/Glints2/dict_0001_0086.uasset" 7143
"/Engine/EngineMaterials/Substrate/Glints2/dict_0001_0074" 7144
"../../../Engine/Content/EngineMaterials/Substrate/Glints2/dict_0001_0088.uasset" 7145
"../../../Engine/Content/EngineMaterials/Substrate/Glints2/dict_0001_0082.uasset" 7146
"../../../Engine/Content/EngineMaterials/Substrate/Glints2/dict_0001_0077.uasset" 7147
"../../../Engine/Content/EngineMaterials/Substrate/Glints2/dict_0001_0083.uasset" 7148
"../../../Engine/Content/EngineMaterials/Substrate/Glints2/dict_0001_0080.uasset" 7149
"../../../Engine/Content/EngineMaterials/Substrate/Glints2/dict_0001_0087.uasset" 7150
"../../../Engine/Content/EngineMaterials/Substrate/Glints2/dict_0001_0079.uasset" 7151
"/Engine/EngineMaterials/Substrate/Glints2/dict_0001_0073" 7152
"/Engine/EngineMaterials/Substrate/Glints2/dict_0001_0072" 7153
"../../../Engine/Content/EngineMaterials/Substrate/Glints2/dict_0001_0085.uasset" 7154
"../../../Engine/Content/EngineMaterials/Substrate/Glints2/dict_0001_0081.uasset" 7155
"/Engine/EngineMaterials/Substrate/Glints2/dict_0001_0071" 7156
"../../../Engine/Content/EngineMaterials/Substrate/Glints2/dict_0001_0078.uasset" 7157
"/Engine/EngineMaterials/Substrate/Glints2/dict_0001_0070" 7158
"/Engine/EngineMaterials/Substrate/Glints2/dict_0001_0069" 7159
"/Engine/EngineMaterials/Substrate/Glints2/dict_0001_0068" 7160
"/Engine/EngineMaterials/Substrate/Glints2/dict_0001_0067" 7161
"/Engine/EngineMaterials/Substrate/Glints2/dict_0001_0066" 7162
"/Engine/EngineMaterials/Substrate/Glints2/dict_0001_0065" 7163
"/Engine/EngineMaterials/Substrate/Glints2/dict_0001_0064" 7164
"/Engine/EngineMaterials/Substrate/Glints2/dict_0001_0063" 7165
"/Engine/EngineMaterials/Substrate/Glints2/dict_0001_0082" 7166
"/Engine/EngineMaterials/Substrate/Glints2/dict_0001_0081" 7167
"/Engine/EngineMaterials/Substrate/Glints2/dict_0001_0080" 7168
"../../../Engine/Content/EngineMaterials/Substrate/Glints2/dict_0001_0093.uasset" 7169
"../../../Engine/Content/EngineMaterials/Substrate/Glints2/dict_0001_0090.uasset" 7170
"/Engine/EngineMaterials/Substrate/Glints2/dict_0001_0079" 7171
"../../../Engine/Content/EngineMaterials/Substrate/Glints2/dict_0001_0091.uasset" 7172
"/Engine/EngineMaterials/Substrate/Glints2/dict_0001_0078" 7173
"/Engine/EngineMaterials/Substrate/Glints2/dict_0001_0077" 7174
"/Engine/EngineMaterials/Substrate/Glints2/dict_0001_0089" 7175
"/Engine/EngineMaterials/Substrate/Glints2/dict_0001_0088" 7176
"/Engine/EngineMaterials/Substrate/Glints2/dict_0001_0087" 7177
"/Engine/EngineMaterials/Substrate/Glints2/dict_0001_0086" 7178
"/Engine/EngineMaterials/Substrate/Glints2/dict_0001_0085" 7179
"/Engine/EngineMaterials/Substrate/Glints2/dict_0001_0083" 7180
"/Engine/EngineMaterials/Substrate/Glints2/dict_0001_0093" 7181
"../../../Engine/Content/EngineMaterials/Substrate/Glints2/dict_0001_0094.uasset" 7182
"/Engine/EngineMaterials/Substrate/Glints2/dict_0001_0091" 7183
"/Engine/EngineMaterials/Substrate/Glints2/dict_0001_0090" 7184
"/Engine/EngineMaterials/Substrate/Glints2/dict_0001_0094" 7185
"../../../Engine/Content/EngineMaterials/Substrate/Glints2/dict_0001_0096.uasset" 7186
"../../../Engine/Content/EngineMaterials/Substrate/Glints2/dict_0001_0084.uasset" 7187
"../../../Engine/Content/EngineMaterials/Substrate/Glints2/dict_0001_0095.uasset" 7188
"../../../Engine/Content/EngineMaterials/Substrate/Glints2/dict_0001_0102.uasset" 7189
"../../../Engine/Content/EngineMaterials/Substrate/Glints2/dict_0001_0100.uasset" 7190
"../../../Engine/Content/EngineMaterials/Substrate/Glints2/dict_0001_0092.uasset" 7191
"../../../Engine/Content/EngineMaterials/Substrate/Glints2/dict_0001_0101.uasset" 7192
"../../../Engine/Content/EngineMaterials/Substrate/Glints2/dict_0001_0098.uasset" 7193
"../../../Engine/Content/EngineMaterials/Substrate/Glints2/dict_0001_0097.uasset" 7194
"../../../Engine/Content/EngineMaterials/Substrate/Glints2/dict_0001_0099.uasset" 7195
"../../../Engine/Content/EngineMaterials/Substrate/Glints2/dict_0001_0104.uasset" 7196
"../../../Engine/Content/EngineMaterials/Substrate/Glints2/dict_0001_0103.uasset" 7197
"../../../Engine/Content/EngineMaterials/Substrate/Glints2/dict_0001_0106.uasset" 7198
"../../../Engine/Content/EngineMaterials/Substrate/Glints2/dict_0001_0107.uasset" 7199
"../../../Engine/Content/EngineMaterials/Substrate/Glints2/dict_0001_0105.uasset" 7200
"../../../Engine/Content/EngineMaterials/Substrate/Glints2/dict_0001_0108.uasset" 7201
"../../../Engine/Content/EngineMaterials/Substrate/Glints2/dict_0001_0110.uasset" 7202
"../../../Engine/Content/EngineMaterials/Substrate/Glints2/dict_0001_0111.uasset" 7203
"../../../Engine/Content/EngineMaterials/Substrate/Glints2/dict_0001_0109.uasset" 7204
"../../../Engine/Content/EngineMaterials/Substrate/Glints2/dict_0001_0113.uasset" 7205
"../../../Engine/Content/EngineMaterials/Substrate/Glints2/dict_0001_0112.uasset" 7206
"../../../Engine/Content/EngineMaterials/Substrate/Glints2/dict_0001_0114.uasset" 7207
"../../../Engine/Content/EngineMaterials/Substrate/Glints2/dict_0001_0115.uasset" 7208
"../../../Engine/Content/EngineMaterials/Substrate/Glints2/dict_0001_0119.uasset" 7209
"../../../Engine/Content/EngineMaterials/Substrate/Glints2/dict_0001_0118.uasset" 7210
"/Engine/EngineMaterials/Substrate/Glints2/dict_0001_0092" 7211
"../../../Engine/Content/EngineMaterials/Substrate/Glints2/dict_0001_0117.uasset" 7212
"/Engine/EngineMaterials/Substrate/Glints2/dict_0001_0108" 7213
"../../../Engine/Content/EngineMaterials/Substrate/Glints2/dict_0001_0120.uasset" 7214
"../../../Engine/Content/EngineMaterials/Substrate/Glints2/dict_0001_0122.uasset" 7215
"/Engine/EngineMaterials/Substrate/Glints2/dict_0001_0114" 7216
"../../../Engine/Content/EngineMaterials/Substrate/Glints2/dict_0001_0116.uasset" 7217
"/Engine/EngineMaterials/Substrate/Glints2/dict_0001_0113" 7218
"../../../Engine/Content/EngineMaterials/Substrate/Glints2/dict_0001_0121.uasset" 7219
"/Engine/EngineMaterials/Substrate/Glints2/dict_0001_0107" 7220
"/Engine/EngineMaterials/Substrate/Glints2/dict_0001_0112" 7221
"/Engine/EngineMaterials/Substrate/Glints2/dict_0001_0106" 7222
"/Engine/EngineMaterials/Substrate/Glints2/dict_0001_0105" 7223
"/Engine/EngineMaterials/Substrate/Glints2/dict_0001_0104" 7224
"/Engine/EngineMaterials/Substrate/Glints2/dict_0001_0103" 7225
"../../../Engine/Content/EngineMaterials/Substrate/Glints2/dict_0001_0123.uasset" 7226
"/Engine/EngineMaterials/Substrate/Glints2/dict_0001_0111" 7227
"/Engine/EngineMaterials/Substrate/Glints2/dict_0001_0110" 7228
"../../../Engine/Content/EngineMaterials/Substrate/Glints2/dict_0001_0124.uasset" 7229
"/Engine/EngineMaterials/Substrate/Glints2/dict_0001_0102" 7230
"/Engine/EngineMaterials/Substrate/Glints2/dict_0001_0084" 7231
"/Engine/EngineMaterials/Substrate/Glints2/dict_0001_0101" 7232
"/Engine/EngineMaterials/Substrate/Glints2/dict_0001_0100" 7233
"/Engine/EngineMaterials/Substrate/Glints2/dict_0001_0099" 7234
"/Engine/EngineMaterials/Substrate/Glints2/dict_0001_0098" 7235
"/Engine/EngineMaterials/Substrate/Glints2/dict_0001_0109" 7236
"/Engine/EngineMaterials/Substrate/Glints2/dict_0001_0097" 7237
"/Engine/EngineMaterials/Substrate/Glints2/dict_0001_0096" 7238
"/Engine/EngineMaterials/Substrate/Glints2/dict_0001_0095" 7239
"/Engine/EngineMaterials/Substrate/Glints2/dict_0001_0120" 7240
"/Engine/EngineMaterials/Substrate/Glints2/dict_0001_0119" 7241
"/Engine/EngineMaterials/Substrate/Glints2/dict_0001_0118" 7242
"/Engine/EngineMaterials/Substrate/Glints2/dict_0001_0117" 7243
"/Engine/EngineMaterials/Substrate/Glints2/dict_0001_0124" 7244
"/Engine/EngineMaterials/Substrate/Glints2/dict_0001_0116" 7245
"/Engine/EngineMaterials/Substrate/Glints2/dict_0001_0123" 7246
"/Engine/EngineMaterials/Substrate/Glints2/dict_0001_0122" 7247
"/Engine/EngineMaterials/Substrate/Glints2/dict_0001_0115" 7248
"/Engine/EngineMaterials/Substrate/Glints2/dict_0001_0121" 7249
"../../../Engine/Content/EngineMaterials/Substrate/Glints2/dict_0001_0136.uasset" 7250
"../../../Engine/Content/EngineMaterials/Substrate/Glints2/dict_0001_0129.uasset" 7251
"../../../Engine/Content/EngineMaterials/Substrate/Glints2/dict_0001_0135.uasset" 7252
"../../../Engine/Content/EngineMaterials/Substrate/Glints2/dict_0001_0127.uasset" 7253
"../../../Engine/Content/EngineMaterials/Substrate/Glints2/dict_0001_0130.uasset" 7254
"../../../Engine/Content/EngineMaterials/Substrate/Glints2/dict_0001_0137.uasset" 7255
"../../../Engine/Content/EngineMaterials/Substrate/Glints2/dict_0001_0125.uasset" 7256
"../../../Engine/Content/EngineMaterials/Substrate/Glints2/dict_0001_0132.uasset" 7257
"../../../Engine/Content/EngineMaterials/Substrate/Glints2/dict_0001_0128.uasset" 7258
"../../../Engine/Content/EngineMaterials/Substrate/Glints2/dict_0001_0126.uasset" 7259
"../../../Engine/Content/EngineMaterials/Substrate/Glints2/dict_0001_0133.uasset" 7260
"../../../Engine/Content/EngineMaterials/Substrate/Glints2/dict_0001_0131.uasset" 7261
"../../../Engine/Content/EngineMaterials/Substrate/Glints2/dict_0001_0140.uasset" 7262
"../../../Engine/Content/EngineMaterials/Substrate/Glints2/dict_0001_0146.uasset" 7263
"/Engine/EngineMaterials/Substrate/Glints2/dict_0001_0146" 7264
"../../../Engine/Content/EngineMaterials/Substrate/Glints2/dict_0001_0144.uasset" 7265
"/Engine/EngineMaterials/Substrate/Glints2/dict_0001_0140" 7266
"/Engine/EngineMaterials/Substrate/Glints2/dict_0001_0137" 7267
"/Engine/EngineMaterials/Substrate/Glints2/dict_0001_0136" 7268
"../../../Engine/Content/EngineMaterials/Substrate/Glints2/dict_0001_0143.uasset" 7269
"/Engine/EngineMaterials/Substrate/Glints2/dict_0001_0135" 7270
"/Engine/EngineMaterials/Substrate/Glints2/dict_0001_0133" 7271
"../../../Engine/Content/EngineMaterials/Substrate/Glints2/dict_0001_0149.uasset" 7272
"/Engine/EngineMaterials/Substrate/Glints2/dict_0001_0132" 7273
"/Engine/EngineMaterials/Substrate/Glints2/dict_0001_0131" 7274
"/Engine/EngineMaterials/Substrate/Glints2/dict_0001_0130" 7275
"/Engine/EngineMaterials/Substrate/Glints2/dict_0001_0129" 7276
"/Engine/EngineMaterials/Substrate/Glints2/dict_0001_0128" 7277
"/Engine/EngineMaterials/Substrate/Glints2/dict_0001_0127" 7278
"../../../Engine/Content/EngineMaterials/Substrate/Glints2/dict_0001_0142.uasset" 7279
"../../../Engine/Content/EngineMaterials/Substrate/Glints2/dict_0001_0134.uasset" 7280
"/Engine/EngineMaterials/Substrate/Glints2/dict_0001_0126" 7281
"/Engine/EngineMaterials/Substrate/Glints2/dict_0001_0125" 7282
"../../../Engine/Content/EngineMaterials/Substrate/Glints2/dict_0001_0152.uasset" 7283
"/Engine/EngineMaterials/Substrate/Glints2/dict_0001_0152" 7284
"/Engine/EngineMaterials/Substrate/Glints2/dict_0001_0149" 7285
"../../../Engine/Content/EngineMaterials/Substrate/Glints2/dict_0001_0151.uasset" 7286
"/Engine/EngineMaterials/Substrate/Glints2/dict_0001_0144" 7287
"../../../Engine/Content/EngineMaterials/Substrate/Glints2/dict_0001_0139.uasset" 7288
"/Engine/EngineMaterials/Substrate/Glints2/dict_0001_0143" 7289
"/Engine/EngineMaterials/Substrate/Glints2/dict_0001_0142" 7290
"/Engine/EngineMaterials/Substrate/Glints2/dict_0001_0151" 7291
"/Engine/EngineMaterials/Substrate/Glints2/dict_0001_0139" 7292
"/Engine/EngineMaterials/Substrate/Glints2/dict_0001_0134" 7293
"../../../Engine/Content/EngineMaterials/Substrate/Glints2/dict_0001_0155.uasset" 7294
"../../../Engine/Content/EngineMaterials/Substrate/Glints2/dict_0001_0138.uasset" 7295
"../../../Engine/Content/EngineMaterials/Substrate/Glints2/dict_0001_0145.uasset" 7296
"../../../Engine/Content/EngineMaterials/Substrate/Glints2/dict_0001_0157.uasset" 7297
"../../../Engine/Content/EngineMaterials/Substrate/Glints2/dict_0001_0158.uasset" 7298
"../../../Engine/Content/EngineMaterials/Substrate/Glints2/dict_0001_0160.uasset" 7299
"../../../Engine/Content/EngineMaterials/Substrate/Glints2/dict_0001_0147.uasset" 7300
"../../../Engine/Content/EngineMaterials/Substrate/Glints2/dict_0001_0153.uasset" 7301
"../../../Engine/Content/EngineMaterials/Substrate/Glints2/dict_0001_0141.uasset" 7302
"../../../Engine/Content/EngineMaterials/Substrate/Glints2/dict_0001_0154.uasset" 7303
"../../../Engine/Content/EngineMaterials/Substrate/Glints2/dict_0001_0159.uasset" 7304
"../../../Engine/Content/EngineMaterials/Substrate/Glints2/dict_0001_0161.uasset" 7305
"../../../Engine/Content/EngineMaterials/Substrate/Glints2/dict_0001_0156.uasset" 7306
"../../../Engine/Content/EngineMaterials/Substrate/Glints2/dict_0001_0150.uasset" 7307
"../../../Engine/Content/EngineMaterials/Substrate/Glints2/dict_0001_0166.uasset" 7308
"../../../Engine/Content/EngineMaterials/Substrate/Glints2/dict_0001_0165.uasset" 7309
"../../../Engine/Content/EngineMaterials/Substrate/Glints2/dict_0001_0164.uasset" 7310
"../../../Engine/Content/EngineMaterials/Substrate/Glints2/dict_0001_0163.uasset" 7311
"../../../Engine/Content/EngineMaterials/Substrate/Glints2/dict_0001_0148.uasset" 7312
"../../../Engine/Content/EngineMaterials/Substrate/Glints2/dict_0001_0167.uasset" 7313
"../../../Engine/Content/EngineMaterials/Substrate/Glints2/dict_0001_0170.uasset" 7314
"../../../Engine/Content/EngineMaterials/Substrate/Glints2/dict_0001_0171.uasset" 7315
"../../../Engine/Content/EngineMaterials/Substrate/Glints2/dict_0001_0172.uasset" 7316
"/Engine/EngineMaterials/Substrate/Glints2/dict_0001_0156" 7317
"../../../Engine/Content/EngineMaterials/Substrate/Glints2/dict_0001_0168.uasset" 7318
"../../../Engine/Content/EngineMaterials/Substrate/Glints2/dict_0001_0174.uasset" 7319
"/Engine/EngineMaterials/Substrate/Glints2/dict_0001_0155" 7320
"../../../Engine/Content/EngineMaterials/Substrate/Glints2/dict_0001_0162.uasset" 7321
"/Engine/EngineMaterials/Substrate/Glints2/dict_0001_0154" 7322
"/Engine/EngineMaterials/Substrate/Glints2/dict_0001_0153" 7323
"/Engine/EngineMaterials/Substrate/Glints2/dict_0001_0150" 7324
"/Engine/EngineMaterials/Substrate/Glints2/dict_0001_0170" 7325
"../../../Engine/Content/EngineMaterials/Substrate/Glints2/dict_0001_0175.uasset" 7326
"../../../Engine/Content/EngineMaterials/Substrate/Glints2/dict_0001_0177.uasset" 7327
"../../../Engine/Content/EngineMaterials/Substrate/Glints2/dict_0001_0176.uasset" 7328
"/Engine/EngineMaterials/Substrate/Glints2/dict_0001_0148" 7329
"/Engine/EngineMaterials/Substrate/Glints2/dict_0001_0145" 7330
"/Engine/EngineMaterials/Substrate/Glints2/dict_0001_0147" 7331
"/Engine/EngineMaterials/Substrate/Glints2/dict_0001_0172" 7332
"/Engine/EngineMaterials/Substrate/Glints2/dict_0001_0171" 7333
"/Engine/EngineMaterials/Substrate/Glints2/dict_0001_0141" 7334
"../../../Engine/Content/EngineMaterials/Substrate/Glints2/dict_0001_0169.uasset" 7335
"../../../Engine/Content/EngineMaterials/Substrate/Glints2/dict_0001_0178.uasset" 7336
"../../../Engine/Content/EngineMaterials/Substrate/Glints2/dict_0001_0173.uasset" 7337
"/Engine/EngineMaterials/Substrate/Glints2/dict_0001_0138" 7338
"/Engine/EngineMaterials/Substrate/Glints2/dict_0001_0167" 7339
"/Engine/EngineMaterials/Substrate/Glints2/dict_0001_0166" 7340
"/Engine/EngineMaterials/Substrate/Glints2/dict_0001_0165" 7341
"/Engine/EngineMaterials/Substrate/Glints2/dict_0001_0164" 7342
"/Engine/EngineMaterials/Substrate/Glints2/dict_0001_0163" 7343
"/Engine/EngineMaterials/Substrate/Glints2/dict_0001_0161" 7344
"/Engine/EngineMaterials/Substrate/Glints2/dict_0001_0160" 7345
"/Engine/EngineMaterials/Substrate/Glints2/dict_0001_0159" 7346
"/Engine/EngineMaterials/Substrate/Glints2/dict_0001_0158" 7347
"/Engine/EngineMaterials/Substrate/Glints2/dict_0001_0157" 7348
"/Engine/EngineMaterials/Substrate/Glints2/dict_0001_0175" 7349
"/Engine/EngineMaterials/Substrate/Glints2/dict_0001_0178" 7350
"/Engine/EngineMaterials/Substrate/Glints2/dict_0001_0174" 7351
"/Engine/EngineMaterials/Substrate/Glints2/dict_0001_0173" 7352
"/Engine/EngineMaterials/Substrate/Glints2/dict_0001_0169" 7353
"/Engine/EngineMaterials/Substrate/Glints2/dict_0001_0177" 7354
"/Engine/EngineMaterials/Substrate/Glints2/dict_0001_0168" 7355
"../../../Engine/Content/EngineMaterials/Substrate/Glints2/dict_0001_0189.uasset" 7356
"../../../Engine/Content/EngineMaterials/Substrate/Glints2/dict_0001_0187.uasset" 7357
"../../../Engine/Content/EngineMaterials/Substrate/Glints2/dict_0001_0192.uasset" 7358
"../../../Engine/Content/EngineMaterials/Substrate/Glints2/dict_0001_0179.uasset" 7359
"/Engine/EngineMaterials/Substrate/Glints2/dict_0001_0176" 7360
"../../../Engine/Content/EngineMaterials/Substrate/Glints2/dict_0001_0181.uasset" 7361
"../../../Engine/Content/EngineMaterials/Substrate/Glints2/dict_0001_0183.uasset" 7362
"../../../Engine/Content/EngineMaterials/Substrate/Glints2/dict_0001_0190.uasset" 7363
"../../../Engine/Content/EngineMaterials/Substrate/Glints2/dict_0001_0185.uasset" 7364
"../../../Engine/Content/EngineMaterials/Substrate/Glints2/dict_0001_0182.uasset" 7365
"../../../Engine/Content/EngineMaterials/Substrate/Glints2/dict_0001_0191.uasset" 7366
"../../../Engine/Content/EngineMaterials/Substrate/Glints2/dict_0001_0188.uasset" 7367
"../../../Engine/Content/EngineMaterials/Substrate/Glints2/dict_0001_0186.uasset" 7368
"/Engine/EngineMaterials/Substrate/Glints2/dict_0001_0162" 7369
"../../../Engine/Content/EngineMaterials/Substrate/Glints2/dict_0001_0184.uasset" 7370
"/Engine/EngineMaterials/Substrate/Glints2/dict_0001_0192" 7371
"/Engine/EngineMaterials/Substrate/Glints2/dict_0001_0191" 7372
"/Engine/EngineMaterials/Substrate/Glints2/dict_0001_0190" 7373
"/Engine/EngineMaterials/Substrate/Glints2/dict_0001_0189" 7374
"/Engine/EngineMaterials/Substrate/Glints2/dict_0001_0188" 7375
"/Engine/EngineMaterials/Substrate/Glints2/dict_0001_0187" 7376
"/Engine/EngineMaterials/Substrate/Glints2/dict_0001_0186" 7377
"/Engine/EngineMaterials/Substrate/Glints2/dict_0001_0185" 7378
"/Engine/EngineMaterials/Substrate/Glints2/dict_0001_0184" 7379
"/Engine/EngineMaterials/Substrate/Glints2/dict_0001_0183" 7380
"/Engine/EngineMaterials/Substrate/Glints2/dict_0001_0182" 7381
"/Engine/EngineMaterials/Substrate/Glints2/dict_0001_0181" 7382
"/Engine/EngineMaterials/Substrate/Glints2/dict_0001_0179" 7383
"../../../Engine/Content/EngineMaterials/Substrate/Glints2/dict_0001_0180.uasset" 7384
"/Engine/EngineMaterials/Substrate/Glints2/dict_0001_0180" 7385
"../../../Engine/Content/EngineMaterials/Substrate/Glints2/dict_0001_0194.uasset" 7386
"../../../Engine/Content/EngineMaterials/Substrate/Glints2/dict_0001_0193.uasset" 7387
"../../../Engine/Content/EngineMaterials/Substrate/Glints2/dict_0001_0200.uasset" 7388
"../../../Engine/Content/EngineMaterials/Substrate/Glints2/dict_0001_0199.uasset" 7389
"../../../Engine/Content/EngineMaterials/Substrate/Glints2/dict_0001_0201.uasset" 7390
"../../../Engine/Content/EngineMaterials/Substrate/Glints2/dict_0001_0195.uasset" 7391
"../../../Engine/Content/EngineMaterials/Substrate/Glints2/dict_0001_0204.uasset" 7392
"../../../Engine/Content/EngineMaterials/Substrate/Glints2/dict_0001_0202.uasset" 7393
"../../../Engine/Content/EngineMaterials/Substrate/Glints2/dict_0001_0197.uasset" 7394
"../../../Engine/Content/EngineMaterials/Substrate/Glints2/dict_0001_0198.uasset" 7395
"../../../Engine/Content/EngineMaterials/Substrate/Glints2/dict_0001_0206.uasset" 7396
"../../../Engine/Content/EngineMaterials/Substrate/Glints2/dict_0001_0209.uasset" 7397
"../../../Engine/Content/EngineMaterials/Substrate/Glints2/dict_0001_0212.uasset" 7398
"../../../Engine/Content/EngineMaterials/Substrate/Glints2/dict_0001_0196.uasset" 7399
"../../../Engine/Content/EngineMaterials/Substrate/Glints2/dict_0001_0208.uasset" 7400
"../../../Engine/Content/EngineMaterials/Substrate/Glints2/dict_0001_0207.uasset" 7401
"../../../Engine/Content/EngineMaterials/Substrate/Glints2/dict_0001_0214.uasset" 7402
"/Engine/EngineMaterials/Substrate/Glints2/dict_0001_0201" 7403
"../../../Engine/Content/EngineMaterials/Substrate/Glints2/dict_0001_0205.uasset" 7404
"../../../Engine/Content/EngineMaterials/Substrate/Glints2/dict_0001_0203.uasset" 7405
"/Engine/EngineMaterials/Substrate/Glints2/dict_0001_0200" 7406
"../../../Engine/Content/EngineMaterials/Substrate/Glints2/dict_0001_0211.uasset" 7407
"../../../Engine/Content/EngineMaterials/Substrate/Glints2/dict_0001_0210.uasset" 7408
"/Engine/EngineMaterials/Substrate/Glints2/dict_0001_0199" 7409
"../../../Engine/Content/EngineMaterials/Substrate/Glints2/dict_0001_0217.uasset" 7410
"../../../Engine/Content/EngineMaterials/Substrate/Glints2/dict_0001_0219.uasset" 7411
"/Engine/EngineMaterials/Substrate/Glints2/dict_0001_0198" 7412
"../../../Engine/Content/EngineMaterials/Substrate/Glints2/dict_0001_0216.uasset" 7413
"/Engine/EngineMaterials/Substrate/Glints2/dict_0001_0209" 7414
"../../../Engine/Content/EngineMaterials/Substrate/Glints2/dict_0001_0213.uasset" 7415
"../../../Engine/Content/EngineMaterials/Substrate/Glints2/dict_0001_0215.uasset" 7416
"/Engine/EngineMaterials/Substrate/Glints2/dict_0001_0197" 7417
"/Engine/EngineMaterials/Substrate/Glints2/dict_0001_0196" 7418
"../../../Engine/Content/EngineMaterials/Substrate/Glints2/dict_0001_0218.uasset" 7419
"/Engine/EngineMaterials/Substrate/Glints2/dict_0001_0208" 7420
"/Engine/EngineMaterials/Substrate/Glints2/dict_0001_0195" 7421
"../../../Engine/Content/EngineMaterials/Substrate/Glints2/dict_0001_0220.uasset" 7422
"/Engine/EngineMaterials/Substrate/Glints2/dict_0001_0194" 7423
"/Engine/EngineMaterials/Substrate/Glints2/dict_0001_0193" 7424
"/Engine/EngineMaterials/Substrate/Glints2/dict_0001_0207" 7425
"/Engine/EngineMaterials/Substrate/Glints2/dict_0001_0206" 7426
"/Engine/EngineMaterials/Substrate/Glints2/dict_0001_0204" 7427
"../../../Engine/Content/EngineMaterials/Substrate/Glints2/dict_0001_0222.uasset" 7428
"/Engine/EngineMaterials/Substrate/Glints2/dict_0001_0202" 7429
"/Engine/EngineMaterials/Substrate/Glints2/dict_0001_0214" 7430
"/Engine/EngineMaterials/Substrate/Glints2/dict_0001_0212" 7431
"/Engine/EngineMaterials/Substrate/Glints2/dict_0001_0210" 7432
"/Engine/EngineMaterials/Substrate/Glints2/dict_0001_0222" 7433
"/Engine/EngineMaterials/Substrate/Glints2/dict_0001_0205" 7434
"../../../Engine/Content/EngineMaterials/Substrate/Glints2/dict_0001_0224.uasset" 7435
"../../../Engine/Content/EngineMaterials/Substrate/Glints2/dict_0001_0221.uasset" 7436
"/Engine/EngineMaterials/Substrate/Glints2/dict_0001_0220" 7437
"/Engine/EngineMaterials/Substrate/Glints2/dict_0001_0219" 7438
"/Engine/EngineMaterials/Substrate/Glints2/dict_0001_0218" 7439
"/Engine/EngineMaterials/Substrate/Glints2/dict_0001_0203" 7440
"/Engine/EngineMaterials/Substrate/Glints2/dict_0001_0217" 7441
"/Engine/EngineMaterials/Substrate/Glints2/dict_0001_0216" 7442
"/Engine/EngineMaterials/Substrate/Glints2/dict_0001_0215" 7443
"/Engine/EngineMaterials/Substrate/Glints2/dict_0001_0213" 7444
"/Engine/EngineMaterials/Substrate/Glints2/dict_0001_0211" 7445
"/Engine/EngineMaterials/Substrate/Glints2/dict_0001_0221" 7446
"/Engine/EngineMaterials/Substrate/Glints2/dict_0001_0224" 7447
"../../../Engine/Content/EngineMaterials/Substrate/Glints2/dict_0001_0232.uasset" 7448
"../../../Engine/Content/EngineMaterials/Substrate/Glints2/dict_0001_0227.uasset" 7449
"../../../Engine/Content/EngineMaterials/Substrate/Glints2/dict_0001_0236.uasset" 7450
"../../../Engine/Content/EngineMaterials/Substrate/Glints2/dict_0001_0226.uasset" 7451
"../../../Engine/Content/EngineMaterials/Substrate/Glints2/dict_0001_0233.uasset" 7452
"../../../Engine/Content/EngineMaterials/Substrate/Glints2/dict_0001_0230.uasset" 7453
"../../../Engine/Content/EngineMaterials/Substrate/Glints2/dict_0001_0228.uasset" 7454
"../../../Engine/Content/EngineMaterials/Substrate/Glints2/dict_0001_0223.uasset" 7455
"../../../Engine/Content/EngineMaterials/Substrate/Glints2/dict_0001_0234.uasset" 7456
"../../../Engine/Content/EngineMaterials/Substrate/Glints2/dict_0001_0241.uasset" 7457
"../../../Engine/Content/EngineMaterials/Substrate/Glints2/dict_0001_0239.uasset" 7458
"../../../Engine/Content/EngineMaterials/Substrate/Glints2/dict_0001_0242.uasset" 7459
"../../../Engine/Content/EngineMaterials/Substrate/Glints2/dict_0001_0235.uasset" 7460
"../../../Engine/Content/EngineMaterials/Substrate/Glints2/dict_0001_0240.uasset" 7461
"../../../Engine/Content/EngineMaterials/Substrate/Glints2/dict_0001_0238.uasset" 7462
"../../../Engine/Content/EngineMaterials/Substrate/Glints2/dict_0001_0245.uasset" 7463
"../../../Engine/Content/EngineMaterials/Substrate/Glints2/dict_0001_0229.uasset" 7464
"../../../Engine/Content/EngineMaterials/Substrate/Glints2/dict_0001_0243.uasset" 7465
"../../../Engine/Content/EngineMaterials/Substrate/Glints2/dict_0001_0247.uasset" 7466
"../../../Engine/Content/EngineMaterials/Substrate/Glints2/dict_0001_0246.uasset" 7467
"../../../Engine/Content/EngineMaterials/Substrate/Glints2/dict_0001_0249.uasset" 7468
"../../../Engine/Content/EngineMaterials/Substrate/Glints2/dict_0001_0248.uasset" 7469
"../../../Engine/Content/EngineMaterials/Substrate/Glints2/dict_0001_0244.uasset" 7470
"../../../Engine/Content/EngineMaterials/Substrate/Glints2/dict_0001_0231.uasset" 7471
"../../../Engine/Content/EngineMaterials/Substrate/Glints2/dict_0001_0253.uasset" 7472
"../../../Engine/Content/EngineMaterials/Substrate/Glints2/dict_0001_0252.uasset" 7473
"../../../Engine/Content/EngineMaterials/Substrate/Glints2/dict_0001_0250.uasset" 7474
"../../../Engine/Content/EngineMaterials/Substrate/Glints2/dict_0001_0254.uasset" 7475
"../../../Engine/Content/EngineMaterials/Substrate/Glints2/dict_0001_0225.uasset" 7476
"../../../Engine/Content/EngineMaterials/Substrate/Glints2/dict_0001_0255.uasset" 7477
"/Engine/EngineMaterials/Substrate/Glints2/dict_0001_0241" 7478
"../../../Engine/Content/EngineMaterials/Substrate/Glints2/dict_0001_0251.uasset" 7479
"/Engine/EngineMaterials/Substrate/Glints2/dict_0001_0240" 7480
"/Engine/EngineMaterials/Substrate/Glints2/dict_0001_0239" 7481
"/Engine/EngineMaterials/Substrate/Glints2/dict_0001_0238" 7482
"/Engine/EngineMaterials/Substrate/Glints2/dict_0001_0253" 7483
"/Engine/EngineMaterials/Substrate/Glints2/dict_0001_0236" 7484
"/Engine/EngineMaterials/Substrate/Glints2/dict_0001_0235" 7485
"/Engine/EngineMaterials/Substrate/Glints2/dict_0001_0234" 7486
"/Engine/EngineMaterials/Substrate/Glints2/dict_0001_0233" 7487
"/Engine/EngineMaterials/Substrate/Glints2/dict_0001_0232" 7488
"/Engine/EngineMaterials/Substrate/Glints2/dict_0001_0231" 7489
"/Engine/EngineMaterials/Substrate/Glints2/dict_0001_0230" 7490
"/Engine/EngineMaterials/Substrate/Glints2/dict_0001_0223" 7491
"../../../Engine/Content/EngineMaterials/Substrate/Glints2/dict_0001_0237.uasset" 7492
"/Engine/EngineMaterials/Substrate/Glints2/dict_0001_0252" 7493
"/Engine/EngineMaterials/Substrate/Glints2/dict_0001_0229" 7494
"/Engine/EngineMaterials/Substrate/Glints2/dict_0001_0250" 7495
"/Engine/EngineMaterials/Substrate/Glints2/dict_0001_0228" 7496
"/Engine/EngineMaterials/Substrate/Glints2/dict_0001_0249" 7497
"/Engine/EngineMaterials/Substrate/Glints2/dict_0001_0248" 7498
"/Engine/EngineMaterials/Substrate/Glints2/dict_0001_0247" 7499
"/Engine/EngineMaterials/Substrate/Glints2/dict_0001_0246" 7500
"/Engine/EngineMaterials/Substrate/Glints2/dict_0001_0245" 7501
"/Engine/EngineMaterials/Substrate/Glints2/dict_0001_0244" 7502
"/Engine/EngineMaterials/Substrate/Glints2/dict_0001_0227" 7503
"/Engine/EngineMaterials/Substrate/Glints2/dict_0001_0226" 7504
"/Engine/EngineMaterials/Substrate/Glints2/dict_0001_0243" 7505
"/Engine/EngineMaterials/Substrate/Glints2/dict_0001_0225" 7506
"/Engine/EngineMaterials/Substrate/Glints2/dict_0001_0254" 7507
"/Engine/EngineMaterials/Substrate/Glints2/dict_0001_0242" 7508
"/Engine/EngineMaterials/Substrate/Glints2/dict_0001_0237" 7509
"/Engine/EngineMaterials/Substrate/Glints2/dict_0001_0255" 7510
"/Engine/EngineMaterials/Substrate/Glints2/dict_0001_0251" 7511
"../../../Engine/Content/EngineMaterials/Substrate/Glints2/dict_0002_0013.uasset" 7512
"../../../Engine/Content/EngineMaterials/Substrate/Glints2/dict_0002_0002.uasset" 7513
"../../../Engine/Content/EngineMaterials/Substrate/Glints2/dict_0002_0010.uasset" 7514
"../../../Engine/Content/EngineMaterials/Substrate/Glints2/dict_0002_0009.uasset" 7515
"../../../Engine/Content/EngineMaterials/Substrate/Glints2/dict_0002_0003.uasset" 7516
"../../../Engine/Content/EngineMaterials/Substrate/Glints2/dict_0002_0004.uasset" 7517
"../../../Engine/Content/EngineMaterials/Substrate/Glints2/dict_0002_0001.uasset" 7518
"../../../Engine/Content/EngineMaterials/Substrate/Glints2/dict_0002_0007.uasset" 7519
"../../../Engine/Content/EngineMaterials/Substrate/Glints2/dict_0002_0000.uasset" 7520
"../../../Engine/Content/EngineMaterials/Substrate/Glints2/dict_0002_0006.uasset" 7521
"../../../Engine/Content/EngineMaterials/Substrate/Glints2/dict_0002_0005.uasset" 7522
"../../../Engine/Content/EngineMaterials/Substrate/Glints2/dict_0002_0011.uasset" 7523
"../../../Engine/Content/EngineMaterials/Substrate/Glints2/dict_0002_0008.uasset" 7524
"../../../Engine/Content/EngineMaterials/Substrate/Glints2/dict_0002_0012.uasset" 7525
"../../../Engine/Content/EngineMaterials/Substrate/Glints2/dict_0002_0018.uasset" 7526
"../../../Engine/Content/EngineMaterials/Substrate/Glints2/dict_0002_0016.uasset" 7527
"../../../Engine/Content/EngineMaterials/Substrate/Glints2/dict_0002_0015.uasset" 7528
"../../../Engine/Content/EngineMaterials/Substrate/Glints2/dict_0002_0020.uasset" 7529
"../../../Engine/Content/EngineMaterials/Substrate/Glints2/dict_0002_0021.uasset" 7530
"../../../Engine/Content/EngineMaterials/Substrate/Glints2/dict_0002_0024.uasset" 7531
"../../../Engine/Content/EngineMaterials/Substrate/Glints2/dict_0002_0025.uasset" 7532
"../../../Engine/Content/EngineMaterials/Substrate/Glints2/dict_0002_0023.uasset" 7533
"../../../Engine/Content/EngineMaterials/Substrate/Glints2/dict_0002_0017.uasset" 7534
"../../../Engine/Content/EngineMaterials/Substrate/Glints2/dict_0002_0019.uasset" 7535
"/Engine/EngineMaterials/Substrate/Glints2/dict_0002_0025" 7536
"../../../Engine/Content/EngineMaterials/Substrate/Glints2/dict_0002_0028.uasset" 7537
"../../../Engine/Content/EngineMaterials/Substrate/Glints2/dict_0002_0027.uasset" 7538
"../../../Engine/Content/EngineMaterials/Substrate/Glints2/dict_0002_0022.uasset" 7539
"../../../Engine/Content/EngineMaterials/Substrate/Glints2/dict_0002_0014.uasset" 7540
"../../../Engine/Content/EngineMaterials/Substrate/Glints2/dict_0002_0030.uasset" 7541
"../../../Engine/Content/EngineMaterials/Substrate/Glints2/dict_0002_0029.uasset" 7542
"/Engine/EngineMaterials/Substrate/Glints2/dict_0002_0024" 7543
"/Engine/EngineMaterials/Substrate/Glints2/dict_0002_0023" 7544
"/Engine/EngineMaterials/Substrate/Glints2/dict_0002_0021" 7545
"/Engine/EngineMaterials/Substrate/Glints2/dict_0002_0020" 7546
"/Engine/EngineMaterials/Substrate/Glints2/dict_0002_0019" 7547
"../../../Engine/Content/EngineMaterials/Substrate/Glints2/dict_0002_0031.uasset" 7548
"/Engine/EngineMaterials/Substrate/Glints2/dict_0002_0018" 7549
"/Engine/EngineMaterials/Substrate/Glints2/dict_0002_0017" 7550
"/Engine/EngineMaterials/Substrate/Glints2/dict_0002_0016" 7551
"/Engine/EngineMaterials/Substrate/Glints2/dict_0002_0015" 7552
"/Engine/EngineMaterials/Substrate/Glints2/dict_0002_0013" 7553
"/Engine/EngineMaterials/Substrate/Glints2/dict_0002_0012" 7554
"/Engine/EngineMaterials/Substrate/Glints2/dict_0002_0011" 7555
"/Engine/EngineMaterials/Substrate/Glints2/dict_0002_0010" 7556
"/Engine/EngineMaterials/Substrate/Glints2/dict_0002_0009" 7557
"/Engine/EngineMaterials/Substrate/Glints2/dict_0002_0008" 7558
"/Engine/EngineMaterials/Substrate/Glints2/dict_0002_0007" 7559
"/Engine/EngineMaterials/Substrate/Glints2/dict_0002_0006" 7560
"/Engine/EngineMaterials/Substrate/Glints2/dict_0002_0005" 7561
"/Engine/EngineMaterials/Substrate/Glints2/dict_0002_0004" 7562
"/Engine/EngineMaterials/Substrate/Glints2/dict_0002_0003" 7563
"/Engine/EngineMaterials/Substrate/Glints2/dict_0002_0002" 7564
"/Engine/EngineMaterials/Substrate/Glints2/dict_0002_0001" 7565
"../../../Engine/Content/EngineMaterials/Substrate/Glints2/dict_0002_0026.uasset" 7566
"/Engine/EngineMaterials/Substrate/Glints2/dict_0002_0000" 7567
"/Engine/EngineMaterials/Substrate/Glints2/dict_0002_0028" 7568
"/Engine/EngineMaterials/Substrate/Glints2/dict_0002_0027" 7569
"/Engine/EngineMaterials/Substrate/Glints2/dict_0002_0026" 7570
"/Engine/EngineMaterials/Substrate/Glints2/dict_0002_0031" 7571
"/Engine/EngineMaterials/Substrate/Glints2/dict_0002_0022" 7572
"/Engine/EngineMaterials/Substrate/Glints2/dict_0002_0030" 7573
"/Engine/EngineMaterials/Substrate/Glints2/dict_0002_0014" 7574
"/Engine/EngineMaterials/Substrate/Glints2/dict_0002_0029" 7575
"../../../Engine/Content/EngineMaterials/Substrate/Glints2/dict_0002_0037.uasset" 7576
"../../../Engine/Content/EngineMaterials/Substrate/Glints2/dict_0002_0033.uasset" 7577
"../../../Engine/Content/EngineMaterials/Substrate/Glints2/dict_0002_0036.uasset" 7578
"../../../Engine/Content/EngineMaterials/Substrate/Glints2/dict_0002_0042.uasset" 7579
"../../../Engine/Content/EngineMaterials/Substrate/Glints2/dict_0002_0034.uasset" 7580
"../../../Engine/Content/EngineMaterials/Substrate/Glints2/dict_0002_0035.uasset" 7581
"../../../Engine/Content/EngineMaterials/Substrate/Glints2/dict_0002_0043.uasset" 7582
"../../../Engine/Content/EngineMaterials/Substrate/Glints2/dict_0002_0039.uasset" 7583
"../../../Engine/Content/EngineMaterials/Substrate/Glints2/dict_0002_0040.uasset" 7584
"../../../Engine/Content/EngineMaterials/Substrate/Glints2/dict_0002_0041.uasset" 7585
"../../../Engine/Content/EngineMaterials/Substrate/Glints2/dict_0002_0044.uasset" 7586
"../../../Engine/Content/EngineMaterials/Substrate/Glints2/dict_0002_0038.uasset" 7587
"../../../Engine/Content/EngineMaterials/Substrate/Glints2/dict_0002_0032.uasset" 7588
"../../../Engine/Content/EngineMaterials/Substrate/Glints2/dict_0002_0046.uasset" 7589
"../../../Engine/Content/EngineMaterials/Substrate/Glints2/dict_0002_0050.uasset" 7590
"../../../Engine/Content/EngineMaterials/Substrate/Glints2/dict_0002_0049.uasset" 7591
"../../../Engine/Content/EngineMaterials/Substrate/Glints2/dict_0002_0051.uasset" 7592
"../../../Engine/Content/EngineMaterials/Substrate/Glints2/dict_0002_0048.uasset" 7593
"../../../Engine/Content/EngineMaterials/Substrate/Glints2/dict_0002_0047.uasset" 7594
"../../../Engine/Content/EngineMaterials/Substrate/Glints2/dict_0002_0053.uasset" 7595
"../../../Engine/Content/EngineMaterials/Substrate/Glints2/dict_0002_0045.uasset" 7596
"../../../Engine/Content/EngineMaterials/Substrate/Glints2/dict_0002_0054.uasset" 7597
"../../../Engine/Content/EngineMaterials/Substrate/Glints2/dict_0002_0055.uasset" 7598
"/Engine/EngineMaterials/Substrate/Glints2/dict_0002_0054" 7599
"../../../Engine/Content/EngineMaterials/Substrate/Glints2/dict_0002_0052.uasset" 7600
"/Engine/EngineMaterials/Substrate/Glints2/dict_0002_0053" 7601
"../../../Engine/Content/EngineMaterials/Substrate/Glints2/dict_0002_0057.uasset" 7602
"/Engine/EngineMaterials/Substrate/Glints2/dict_0002_0051" 7603
"../../../Engine/Content/EngineMaterials/Substrate/Glints2/dict_0002_0062.uasset" 7604
"../../../Engine/Content/EngineMaterials/Substrate/Glints2/dict_0002_0058.uasset" 7605
"/Engine/EngineMaterials/Substrate/Glints2/dict_0002_0050" 7606
"../../../Engine/Content/EngineMaterials/Substrate/Glints2/dict_0002_0056.uasset" 7607
"../../../Engine/Content/EngineMaterials/Substrate/Glints2/dict_0002_0063.uasset" 7608
"/Engine/EngineMaterials/Substrate/Glints2/dict_0002_0049" 7609
"/Engine/EngineMaterials/Substrate/Glints2/dict_0002_0048" 7610
"/Engine/EngineMaterials/Substrate/Glints2/dict_0002_0047" 7611
"../../../Engine/Content/EngineMaterials/Substrate/Glints2/dict_0002_0060.uasset" 7612
"../../../Engine/Content/EngineMaterials/Substrate/Glints2/dict_0002_0061.uasset" 7613
"/Engine/EngineMaterials/Substrate/Glints2/dict_0002_0046" 7614
"/Engine/EngineMaterials/Substrate/Glints2/dict_0002_0045" 7615
"/Engine/EngineMaterials/Substrate/Glints2/dict_0002_0044" 7616
"/Engine/EngineMaterials/Substrate/Glints2/dict_0002_0043" 7617
"/Engine/EngineMaterials/Substrate/Glints2/dict_0002_0042" 7618
"/Engine/EngineMaterials/Substrate/Glints2/dict_0002_0041" 7619
"/Engine/EngineMaterials/Substrate/Glints2/dict_0002_0040" 7620
"/Engine/EngineMaterials/Substrate/Glints2/dict_0002_0039" 7621
"/Engine/EngineMaterials/Substrate/Glints2/dict_0002_0038" 7622
"/Engine/EngineMaterials/Substrate/Glints2/dict_0002_0037" 7623
"/Engine/EngineMaterials/Substrate/Glints2/dict_0002_0036" 7624
"../../../Engine/Content/EngineMaterials/Substrate/Glints2/dict_0002_0059.uasset" 7625
"/Engine/EngineMaterials/Substrate/Glints2/dict_0002_0035" 7626
"/Engine/EngineMaterials/Substrate/Glints2/dict_0002_0034" 7627
"/Engine/EngineMaterials/Substrate/Glints2/dict_0002_0033" 7628
"/Engine/EngineMaterials/Substrate/Glints2/dict_0002_0032" 7629
"/Engine/EngineMaterials/Substrate/Glints2/dict_0002_0063" 7630
"/Engine/EngineMaterials/Substrate/Glints2/dict_0002_0062" 7631
"/Engine/EngineMaterials/Substrate/Glints2/dict_0002_0061" 7632
"/Engine/EngineMaterials/Substrate/Glints2/dict_0002_0055" 7633
"/Engine/EngineMaterials/Substrate/Glints2/dict_0002_0060" 7634
"/Engine/EngineMaterials/Substrate/Glints2/dict_0002_0059" 7635
"/Engine/EngineMaterials/Substrate/Glints2/dict_0002_0052" 7636
"/Engine/EngineMaterials/Substrate/Glints2/dict_0002_0058" 7637
"/Engine/EngineMaterials/Substrate/Glints2/dict_0002_0057" 7638
"/Engine/EngineMaterials/Substrate/Glints2/dict_0002_0056" 7639
"../../../Engine/Content/EngineMaterials/Substrate/Glints2/dict_0002_0071.uasset" 7640
"../../../Engine/Content/EngineMaterials/Substrate/Glints2/dict_0002_0069.uasset" 7641
"../../../Engine/Content/EngineMaterials/Substrate/Glints2/dict_0002_0070.uasset" 7642
"../../../Engine/Content/EngineMaterials/Substrate/Glints2/dict_0002_0066.uasset" 7643
"../../../Engine/Content/EngineMaterials/Substrate/Glints2/dict_0002_0068.uasset" 7644
"../../../Engine/Content/EngineMaterials/Substrate/Glints2/dict_0002_0077.uasset" 7645
"../../../Engine/Content/EngineMaterials/Substrate/Glints2/dict_0002_0065.uasset" 7646
"../../../Engine/Content/EngineMaterials/Substrate/Glints2/dict_0002_0073.uasset" 7647
"../../../Engine/Content/EngineMaterials/Substrate/Glints2/dict_0002_0075.uasset" 7648
"../../../Engine/Content/EngineMaterials/Substrate/Glints2/dict_0002_0072.uasset" 7649
"../../../Engine/Content/EngineMaterials/Substrate/Glints2/dict_0002_0074.uasset" 7650
"../../../Engine/Content/EngineMaterials/Substrate/Glints2/dict_0002_0067.uasset" 7651
"../../../Engine/Content/EngineMaterials/Substrate/Glints2/dict_0002_0064.uasset" 7652
"../../../Engine/Content/EngineMaterials/Substrate/Glints2/dict_0002_0079.uasset" 7653
"../../../Engine/Content/EngineMaterials/Substrate/Glints2/dict_0002_0081.uasset" 7654
"../../../Engine/Content/EngineMaterials/Substrate/Glints2/dict_0002_0076.uasset" 7655
"../../../Engine/Content/EngineMaterials/Substrate/Glints2/dict_0002_0082.uasset" 7656
"../../../Engine/Content/EngineMaterials/Substrate/Glints2/dict_0002_0085.uasset" 7657
"../../../Engine/Content/EngineMaterials/Substrate/Glints2/dict_0002_0084.uasset" 7658
"../../../Engine/Content/EngineMaterials/Substrate/Glints2/dict_0002_0080.uasset" 7659
"../../../Engine/Content/EngineMaterials/Substrate/Glints2/dict_0002_0086.uasset" 7660
"../../../Engine/Content/EngineMaterials/Substrate/Glints2/dict_0002_0083.uasset" 7661
"/Engine/EngineMaterials/Substrate/Glints2/dict_0002_0085" 7662
"../../../Engine/Content/EngineMaterials/Substrate/Glints2/dict_0002_0078.uasset" 7663
"../../../Engine/Content/EngineMaterials/Substrate/Glints2/dict_0002_0088.uasset" 7664
"/Engine/EngineMaterials/Substrate/Glints2/dict_0002_0084" 7665
"../../../Engine/Content/EngineMaterials/Substrate/Glints2/dict_0002_0087.uasset" 7666
"../../../Engine/Content/EngineMaterials/Substrate/Glints2/dict_0002_0091.uasset" 7667
"../../../Engine/Content/EngineMaterials/Substrate/Glints2/dict_0002_0094.uasset" 7668
"../../../Engine/Content/EngineMaterials/Substrate/Glints2/dict_0002_0093.uasset" 7669
"../../../Engine/Content/EngineMaterials/Substrate/Glints2/dict_0002_0090.uasset" 7670
"../../../Engine/Content/EngineMaterials/Substrate/Glints2/dict_0002_0089.uasset" 7671
"/Engine/EngineMaterials/Substrate/Glints2/dict_0002_0082" 7672
"../../../Engine/Content/EngineMaterials/Substrate/Glints2/dict_0002_0092.uasset" 7673
"/Engine/EngineMaterials/Substrate/Glints2/dict_0002_0081" 7674
"/Engine/EngineMaterials/Substrate/Glints2/dict_0002_0080" 7675
"/Engine/EngineMaterials/Substrate/Glints2/dict_0002_0079" 7676
"/Engine/EngineMaterials/Substrate/Glints2/dict_0002_0086" 7677
"/Engine/EngineMaterials/Substrate/Glints2/dict_0002_0077" 7678
"../../../Engine/Content/EngineMaterials/Substrate/Glints2/dict_0002_0095.uasset" 7679
"/Engine/EngineMaterials/Substrate/Glints2/dict_0002_0076" 7680
"/Engine/EngineMaterials/Substrate/Glints2/dict_0002_0075" 7681
"/Engine/EngineMaterials/Substrate/Glints2/dict_0002_0074" 7682
"/Engine/EngineMaterials/Substrate/Glints2/dict_0002_0073" 7683
"/Engine/EngineMaterials/Substrate/Glints2/dict_0002_0072" 7684
"/Engine/EngineMaterials/Substrate/Glints2/dict_0002_0071" 7685
"/Engine/EngineMaterials/Substrate/Glints2/dict_0002_0070" 7686
"/Engine/EngineMaterials/Substrate/Glints2/dict_0002_0069" 7687
"/Engine/EngineMaterials/Substrate/Glints2/dict_0002_0068" 7688
"/Engine/EngineMaterials/Substrate/Glints2/dict_0002_0067" 7689
"/Engine/EngineMaterials/Substrate/Glints2/dict_0002_0066" 7690
"/Engine/EngineMaterials/Substrate/Glints2/dict_0002_0065" 7691
"/Engine/EngineMaterials/Substrate/Glints2/dict_0002_0064" 7692
"/Engine/EngineMaterials/Substrate/Glints2/dict_0002_0095" 7693
"/Engine/EngineMaterials/Substrate/Glints2/dict_0002_0094" 7694
"/Engine/EngineMaterials/Substrate/Glints2/dict_0002_0093" 7695
"/Engine/EngineMaterials/Substrate/Glints2/dict_0002_0092" 7696
"/Engine/EngineMaterials/Substrate/Glints2/dict_0002_0091" 7697
"/Engine/EngineMaterials/Substrate/Glints2/dict_0002_0090" 7698
"/Engine/EngineMaterials/Substrate/Glints2/dict_0002_0089" 7699
"/Engine/EngineMaterials/Substrate/Glints2/dict_0002_0083" 7700
"/Engine/EngineMaterials/Substrate/Glints2/dict_0002_0078" 7701
"/Engine/EngineMaterials/Substrate/Glints2/dict_0002_0088" 7702
"/Engine/EngineMaterials/Substrate/Glints2/dict_0002_0087" 7703
"../../../Engine/Content/EngineMaterials/Substrate/Glints2/dict_0002_0099.uasset" 7704
"../../../Engine/Content/EngineMaterials/Substrate/Glints2/dict_0002_0104.uasset" 7705
"../../../Engine/Content/EngineMaterials/Substrate/Glints2/dict_0002_0106.uasset" 7706
"../../../Engine/Content/EngineMaterials/Substrate/Glints2/dict_0002_0101.uasset" 7707
"../../../Engine/Content/EngineMaterials/Substrate/Glints2/dict_0002_0105.uasset" 7708
"../../../Engine/Content/EngineMaterials/Substrate/Glints2/dict_0002_0096.uasset" 7709
"../../../Engine/Content/EngineMaterials/Substrate/Glints2/dict_0002_0100.uasset" 7710
"../../../Engine/Content/EngineMaterials/Substrate/Glints2/dict_0002_0107.uasset" 7711
"../../../Engine/Content/EngineMaterials/Substrate/Glints2/dict_0002_0097.uasset" 7712
"../../../Engine/Content/EngineMaterials/Substrate/Glints2/dict_0002_0103.uasset" 7713
"../../../Engine/Content/EngineMaterials/Substrate/Glints2/dict_0002_0102.uasset" 7714
"../../../Engine/Content/EngineMaterials/Substrate/Glints2/dict_0002_0098.uasset" 7715
"../../../Engine/Content/EngineMaterials/Substrate/Glints2/dict_0002_0116.uasset" 7716
"../../../Engine/Content/EngineMaterials/Substrate/Glints2/dict_0002_0111.uasset" 7717
"../../../Engine/Content/EngineMaterials/Substrate/Glints2/dict_0002_0113.uasset" 7718
"../../../Engine/Content/EngineMaterials/Substrate/Glints2/dict_0002_0110.uasset" 7719
"../../../Engine/Content/EngineMaterials/Substrate/Glints2/dict_0002_0114.uasset" 7720
"../../../Engine/Content/EngineMaterials/Substrate/Glints2/dict_0002_0115.uasset" 7721
"../../../Engine/Content/EngineMaterials/Substrate/Glints2/dict_0002_0117.uasset" 7722
"../../../Engine/Content/EngineMaterials/Substrate/Glints2/dict_0002_0109.uasset" 7723
"../../../Engine/Content/EngineMaterials/Substrate/Glints2/dict_0002_0112.uasset" 7724
"../../../Engine/Content/EngineMaterials/Substrate/Glints2/dict_0002_0120.uasset" 7725
"../../../Engine/Content/EngineMaterials/Substrate/Glints2/dict_0002_0121.uasset" 7726
"../../../Engine/Content/EngineMaterials/Substrate/Glints2/dict_0002_0125.uasset" 7727
"../../../Engine/Content/EngineMaterials/Substrate/Glints2/dict_0002_0122.uasset" 7728
"../../../Engine/Content/EngineMaterials/Substrate/Glints2/dict_0002_0123.uasset" 7729
"../../../Engine/Content/EngineMaterials/Substrate/Glints2/dict_0002_0127.uasset" 7730
"/Engine/EngineMaterials/Substrate/Glints2/dict_0002_0116" 7731
"../../../Engine/Content/EngineMaterials/Substrate/Glints2/dict_0002_0108.uasset" 7732
"../../../Engine/Content/EngineMaterials/Substrate/Glints2/dict_0002_0119.uasset" 7733
"../../../Engine/Content/EngineMaterials/Substrate/Glints2/dict_0002_0118.uasset" 7734
"/Engine/EngineMaterials/Substrate/Glints2/dict_0002_0115" 7735
"/Engine/EngineMaterials/Substrate/Glints2/dict_0002_0114" 7736
"/Engine/EngineMaterials/Substrate/Glints2/dict_0002_0113" 7737
"/Engine/EngineMaterials/Substrate/Glints2/dict_0002_0112" 7738
"/Engine/EngineMaterials/Substrate/Glints2/dict_0002_0111" 7739
"/Engine/EngineMaterials/Substrate/Glints2/dict_0002_0117" 7740
"../../../Engine/Content/EngineMaterials/Substrate/Glints2/dict_0002_0126.uasset" 7741
"/Engine/EngineMaterials/Substrate/Glints2/dict_0002_0110" 7742
"/Engine/EngineMaterials/Substrate/Glints2/dict_0002_0109" 7743
"/Engine/EngineMaterials/Substrate/Glints2/dict_0002_0107" 7744
"/Engine/EngineMaterials/Substrate/Glints2/dict_0002_0106" 7745
"/Engine/EngineMaterials/Substrate/Glints2/dict_0002_0105" 7746
"/Engine/EngineMaterials/Substrate/Glints2/dict_0002_0104" 7747
"/Engine/EngineMaterials/Substrate/Glints2/dict_0002_0103" 7748
"/Engine/EngineMaterials/Substrate/Glints2/dict_0002_0102" 7749
"/Engine/EngineMaterials/Substrate/Glints2/dict_0002_0101" 7750
"/Engine/EngineMaterials/Substrate/Glints2/dict_0002_0100" 7751
"../../../Engine/Content/EngineMaterials/Substrate/Glints2/dict_0002_0124.uasset" 7752
"/Engine/EngineMaterials/Substrate/Glints2/dict_0002_0099" 7753
"/Engine/EngineMaterials/Substrate/Glints2/dict_0002_0098" 7754
"/Engine/EngineMaterials/Substrate/Glints2/dict_0002_0097" 7755
"/Engine/EngineMaterials/Substrate/Glints2/dict_0002_0096" 7756
"/Engine/EngineMaterials/Substrate/Glints2/dict_0002_0127" 7757
"/Engine/EngineMaterials/Substrate/Glints2/dict_0002_0126" 7758
"/Engine/EngineMaterials/Substrate/Glints2/dict_0002_0125" 7759
"/Engine/EngineMaterials/Substrate/Glints2/dict_0002_0124" 7760
"/Engine/EngineMaterials/Substrate/Glints2/dict_0002_0123" 7761
"/Engine/EngineMaterials/Substrate/Glints2/dict_0002_0122" 7762
"/Engine/EngineMaterials/Substrate/Glints2/dict_0002_0121" 7763
"/Engine/EngineMaterials/Substrate/Glints2/dict_0002_0120" 7764
"/Engine/EngineMaterials/Substrate/Glints2/dict_0002_0119" 7765
"../../../Engine/Content/EngineMaterials/Substrate/Glints2/dict_0002_0131.uasset" 7766
"../../../Engine/Content/EngineMaterials/Substrate/Glints2/dict_0002_0141.uasset" 7767
"/Engine/EngineMaterials/Substrate/Glints2/dict_0002_0118" 7768
"../../../Engine/Content/EngineMaterials/Substrate/Glints2/dict_0002_0134.uasset" 7769
"../../../Engine/Content/EngineMaterials/Substrate/Glints2/dict_0002_0140.uasset" 7770
"../../../Engine/Content/EngineMaterials/Substrate/Glints2/dict_0002_0130.uasset" 7771
"../../../Engine/Content/EngineMaterials/Substrate/Glints2/dict_0002_0139.uasset" 7772
"../../../Engine/Content/EngineMaterials/Substrate/Glints2/dict_0002_0137.uasset" 7773
"../../../Engine/Content/EngineMaterials/Substrate/Glints2/dict_0002_0132.uasset" 7774
"../../../Engine/Content/EngineMaterials/Substrate/Glints2/dict_0002_0128.uasset" 7775
"../../../Engine/Content/EngineMaterials/Substrate/Glints2/dict_0002_0136.uasset" 7776
"/Engine/EngineMaterials/Substrate/Glints2/dict_0002_0108" 7777
"/Engine/EngineMaterials/Substrate/Glints2/dict_0002_0141" 7778
"/Engine/EngineMaterials/Substrate/Glints2/dict_0002_0140" 7779
"../../../Engine/Content/EngineMaterials/Substrate/Glints2/dict_0002_0138.uasset" 7780
"../../../Engine/Content/EngineMaterials/Substrate/Glints2/dict_0002_0135.uasset" 7781
"../../../Engine/Content/EngineMaterials/Substrate/Glints2/dict_0002_0129.uasset" 7782
"/Engine/EngineMaterials/Substrate/Glints2/dict_0002_0139" 7783
"/Engine/EngineMaterials/Substrate/Glints2/dict_0002_0137" 7784
"/Engine/EngineMaterials/Substrate/Glints2/dict_0002_0136" 7785
"/Engine/EngineMaterials/Substrate/Glints2/dict_0002_0134" 7786
"/Engine/EngineMaterials/Substrate/Glints2/dict_0002_0132" 7787
"/Engine/EngineMaterials/Substrate/Glints2/dict_0002_0131" 7788
"../../../Engine/Content/EngineMaterials/Substrate/Glints2/dict_0002_0146.uasset" 7789
"../../../Engine/Content/EngineMaterials/Substrate/Glints2/dict_0002_0148.uasset" 7790
"../../../Engine/Content/EngineMaterials/Substrate/Glints2/dict_0002_0147.uasset" 7791
"../../../Engine/Content/EngineMaterials/Substrate/Glints2/dict_0002_0143.uasset" 7792
"../../../Engine/Content/EngineMaterials/Substrate/Glints2/dict_0002_0144.uasset" 7793
"../../../Engine/Content/EngineMaterials/Substrate/Glints2/dict_0002_0145.uasset" 7794
"../../../Engine/Content/EngineMaterials/Substrate/Glints2/dict_0002_0149.uasset" 7795
"../../../Engine/Content/EngineMaterials/Substrate/Glints2/dict_0002_0151.uasset" 7796
"../../../Engine/Content/EngineMaterials/Substrate/Glints2/dict_0002_0150.uasset" 7797
"/Engine/EngineMaterials/Substrate/Glints2/dict_0002_0130" 7798
"../../../Engine/Content/EngineMaterials/Substrate/Glints2/dict_0002_0133.uasset" 7799
"/Engine/EngineMaterials/Substrate/Glints2/dict_0002_0128" 7800
"../../../Engine/Content/EngineMaterials/Substrate/Glints2/dict_0002_0153.uasset" 7801
"/Engine/EngineMaterials/Substrate/Glints2/dict_0002_0148" 7802
"/Engine/EngineMaterials/Substrate/Glints2/dict_0002_0147" 7803
"/Engine/EngineMaterials/Substrate/Glints2/dict_0002_0146" 7804
"/Engine/EngineMaterials/Substrate/Glints2/dict_0002_0145" 7805
"../../../Engine/Content/EngineMaterials/Substrate/Glints2/dict_0002_0155.uasset" 7806
"/Engine/EngineMaterials/Substrate/Glints2/dict_0002_0144" 7807
"/Engine/EngineMaterials/Substrate/Glints2/dict_0002_0143" 7808
"../../../Engine/Content/EngineMaterials/Substrate/Glints2/dict_0002_0157.uasset" 7809
"/Engine/EngineMaterials/Substrate/Glints2/dict_0002_0151" 7810
"../../../Engine/Content/EngineMaterials/Substrate/Glints2/dict_0002_0156.uasset" 7811
"../../../Engine/Content/EngineMaterials/Substrate/Glints2/dict_0002_0159.uasset" 7812
"../../../Engine/Content/EngineMaterials/Substrate/Glints2/dict_0002_0158.uasset" 7813
"../../../Engine/Content/EngineMaterials/Substrate/Glints2/dict_0002_0142.uasset" 7814
"/Engine/EngineMaterials/Substrate/Glints2/dict_0002_0150" 7815
"../../../Engine/Content/EngineMaterials/Substrate/Glints2/dict_0002_0154.uasset" 7816
"/Engine/EngineMaterials/Substrate/Glints2/dict_0002_0149" 7817
"/Engine/EngineMaterials/Substrate/Glints2/dict_0002_0138" 7818
"/Engine/EngineMaterials/Substrate/Glints2/dict_0002_0135" 7819
"/Engine/EngineMaterials/Substrate/Glints2/dict_0002_0133" 7820
"/Engine/EngineMaterials/Substrate/Glints2/dict_0002_0129" 7821
"/Engine/EngineMaterials/Substrate/Glints2/dict_0002_0159" 7822
"/Engine/EngineMaterials/Substrate/Glints2/dict_0002_0158" 7823
"/Engine/EngineMaterials/Substrate/Glints2/dict_0002_0157" 7824
"/Engine/EngineMaterials/Substrate/Glints2/dict_0002_0156" 7825
"/Engine/EngineMaterials/Substrate/Glints2/dict_0002_0155" 7826
"/Engine/EngineMaterials/Substrate/Glints2/dict_0002_0154" 7827
"../../../Engine/Content/EngineMaterials/Substrate/Glints2/dict_0002_0160.uasset" 7828
"../../../Engine/Content/EngineMaterials/Substrate/Glints2/dict_0002_0168.uasset" 7829
"/Engine/EngineMaterials/Substrate/Glints2/dict_0002_0153" 7830
"../../../Engine/Content/EngineMaterials/Substrate/Glints2/dict_0002_0162.uasset" 7831
"/Engine/EngineMaterials/Substrate/Glints2/dict_0002_0142" 7832
"/Engine/EngineMaterials/Substrate/Glints2/dict_0002_0168" 7833
"../../../Engine/Content/EngineMaterials/Substrate/Glints2/dict_0002_0166.uasset" 7834
"../../../Engine/Content/EngineMaterials/Substrate/Glints2/dict_0002_0165.uasset" 7835
"/Engine/EngineMaterials/Substrate/Glints2/dict_0002_0162" 7836
"../../../Engine/Content/EngineMaterials/Substrate/Glints2/dict_0002_0167.uasset" 7837
"../../../Engine/Content/EngineMaterials/Substrate/Glints2/dict_0002_0152.uasset" 7838
"../../../Engine/Content/EngineMaterials/Substrate/Glints2/dict_0002_0161.uasset" 7839
"/Engine/EngineMaterials/Substrate/Glints2/dict_0002_0160" 7840
"../../../Engine/Content/EngineMaterials/Substrate/Glints2/dict_0002_0163.uasset" 7841
"/Engine/EngineMaterials/Substrate/Glints2/dict_0002_0152" 7842
"/Engine/EngineMaterials/Substrate/Glints2/dict_0002_0167" 7843
"/Engine/EngineMaterials/Substrate/Glints2/dict_0002_0166" 7844
"/Engine/EngineMaterials/Substrate/Glints2/dict_0002_0165" 7845
"/Engine/EngineMaterials/Substrate/Glints2/dict_0002_0161" 7846
"../../../Engine/Content/EngineMaterials/Substrate/Glints2/dict_0002_0170.uasset" 7847
"../../../Engine/Content/EngineMaterials/Substrate/Glints2/dict_0002_0169.uasset" 7848
"../../../Engine/Content/EngineMaterials/Substrate/Glints2/dict_0002_0171.uasset" 7849
"../../../Engine/Content/EngineMaterials/Substrate/Glints2/dict_0002_0164.uasset" 7850
"../../../Engine/Content/EngineMaterials/Substrate/Glints2/dict_0002_0175.uasset" 7851
"../../../Engine/Content/EngineMaterials/Substrate/Glints2/dict_0002_0178.uasset" 7852
"/Engine/EngineMaterials/Substrate/Glints2/dict_0002_0169" 7853
"../../../Engine/Content/EngineMaterials/Substrate/Glints2/dict_0002_0174.uasset" 7854
"../../../Engine/Content/EngineMaterials/Substrate/Glints2/dict_0002_0177.uasset" 7855
"/Engine/EngineMaterials/Substrate/Glints2/dict_0002_0164" 7856
"/Engine/EngineMaterials/Substrate/Glints2/dict_0002_0171" 7857
"/Engine/EngineMaterials/Substrate/Glints2/dict_0002_0163" 7858
"../../../Engine/Content/EngineMaterials/Substrate/Glints2/dict_0002_0172.uasset" 7859
"/Engine/EngineMaterials/Substrate/Glints2/dict_0002_0170" 7860
"/Engine/EngineMaterials/Substrate/Glints2/dict_0002_0178" 7861
"/Engine/EngineMaterials/Substrate/Glints2/dict_0002_0177" 7862
"../../../Engine/Content/EngineMaterials/Substrate/Glints2/dict_0002_0179.uasset" 7863
"/Engine/EngineMaterials/Substrate/Glints2/dict_0002_0175" 7864
"/Engine/EngineMaterials/Substrate/Glints2/dict_0002_0174" 7865
"../../../Engine/Content/EngineMaterials/Substrate/Glints2/dict_0002_0176.uasset" 7866
"/Engine/EngineMaterials/Substrate/Glints2/dict_0002_0172" 7867
"/Engine/EngineMaterials/Substrate/Glints2/dict_0002_0179" 7868
"/Engine/EngineMaterials/Substrate/Glints2/dict_0002_0176" 7869
"../../../Engine/Content/EngineMaterials/Substrate/Glints2/dict_0002_0184.uasset" 7870
"../../../Engine/Content/EngineMaterials/Substrate/Glints2/dict_0002_0185.uasset" 7871
"../../../Engine/Content/EngineMaterials/Substrate/Glints2/dict_0002_0173.uasset" 7872
"../../../Engine/Content/EngineMaterials/Substrate/Glints2/dict_0002_0181.uasset" 7873
"../../../Engine/Content/EngineMaterials/Substrate/Glints2/dict_0002_0182.uasset" 7874
"../../../Engine/Content/EngineMaterials/Substrate/Glints2/dict_0002_0188.uasset" 7875
"../../../Engine/Content/EngineMaterials/Substrate/Glints2/dict_0002_0183.uasset" 7876
"../../../Engine/Content/EngineMaterials/Substrate/Glints2/dict_0002_0180.uasset" 7877
"../../../Engine/Content/EngineMaterials/Substrate/Glints2/dict_0002_0190.uasset" 7878
"../../../Engine/Content/EngineMaterials/Substrate/Glints2/dict_0002_0189.uasset" 7879
"../../../Engine/Content/EngineMaterials/Substrate/Glints2/dict_0002_0186.uasset" 7880
"../../../Engine/Content/EngineMaterials/Substrate/Glints2/dict_0002_0195.uasset" 7881
"../../../Engine/Content/EngineMaterials/Substrate/Glints2/dict_0002_0187.uasset" 7882
"../../../Engine/Content/EngineMaterials/Substrate/Glints2/dict_0002_0194.uasset" 7883
"../../../Engine/Content/EngineMaterials/Substrate/Glints2/dict_0002_0191.uasset" 7884
"../../../Engine/Content/EngineMaterials/Substrate/Glints2/dict_0002_0192.uasset" 7885
"../../../Engine/Content/EngineMaterials/Substrate/Glints2/dict_0002_0197.uasset" 7886
"../../../Engine/Content/EngineMaterials/Substrate/Glints2/dict_0002_0196.uasset" 7887
"../../../Engine/Content/EngineMaterials/Substrate/Glints2/dict_0002_0199.uasset" 7888
"/Engine/EngineMaterials/Substrate/Glints2/dict_0002_0190" 7889
"../../../Engine/Content/EngineMaterials/Substrate/Glints2/dict_0002_0193.uasset" 7890
"../../../Engine/Content/EngineMaterials/Substrate/Glints2/dict_0002_0202.uasset" 7891
"../../../Engine/Content/EngineMaterials/Substrate/Glints2/dict_0002_0198.uasset" 7892
"../../../Engine/Content/EngineMaterials/Substrate/Glints2/dict_0002_0201.uasset" 7893
"../../../Engine/Content/EngineMaterials/Substrate/Glints2/dict_0002_0200.uasset" 7894
"/Engine/EngineMaterials/Substrate/Glints2/dict_0002_0189" 7895
"../../../Engine/Content/EngineMaterials/Substrate/Glints2/dict_0002_0207.uasset" 7896
"../../../Engine/Content/EngineMaterials/Substrate/Glints2/dict_0002_0205.uasset" 7897
"../../../Engine/Content/EngineMaterials/Substrate/Glints2/dict_0002_0208.uasset" 7898
"../../../Engine/Content/EngineMaterials/Substrate/Glints2/dict_0002_0206.uasset" 7899
"/Engine/EngineMaterials/Substrate/Glints2/dict_0002_0188" 7900
"/Engine/EngineMaterials/Substrate/Glints2/dict_0002_0187" 7901
"/Engine/EngineMaterials/Substrate/Glints2/dict_0002_0182" 7902
"../../../Engine/Content/EngineMaterials/Substrate/Glints2/dict_0002_0209.uasset" 7903
"../../../Engine/Content/EngineMaterials/Substrate/Glints2/dict_0002_0204.uasset" 7904
"../../../Engine/Content/EngineMaterials/Substrate/Glints2/dict_0002_0210.uasset" 7905
"../../../Engine/Content/EngineMaterials/Substrate/Glints2/dict_0002_0203.uasset" 7906
"/Engine/EngineMaterials/Substrate/Glints2/dict_0002_0186" 7907
"/Engine/EngineMaterials/Substrate/Glints2/dict_0002_0181" 7908
"/Engine/EngineMaterials/Substrate/Glints2/dict_0002_0185" 7909
"/Engine/EngineMaterials/Substrate/Glints2/dict_0002_0184" 7910
"/Engine/EngineMaterials/Substrate/Glints2/dict_0002_0180" 7911
"/Engine/EngineMaterials/Substrate/Glints2/dict_0002_0183" 7912
"/Engine/EngineMaterials/Substrate/Glints2/dict_0002_0197" 7913
"/Engine/EngineMaterials/Substrate/Glints2/dict_0002_0173" 7914
"/Engine/EngineMaterials/Substrate/Glints2/dict_0002_0196" 7915
"/Engine/EngineMaterials/Substrate/Glints2/dict_0002_0195" 7916
"/Engine/EngineMaterials/Substrate/Glints2/dict_0002_0192" 7917
"/Engine/EngineMaterials/Substrate/Glints2/dict_0002_0194" 7918
"/Engine/EngineMaterials/Substrate/Glints2/dict_0002_0199" 7919
"/Engine/EngineMaterials/Substrate/Glints2/dict_0002_0191" 7920
"/Engine/EngineMaterials/Substrate/Glints2/dict_0002_0198" 7921
"/Engine/EngineMaterials/Substrate/Glints2/dict_0002_0210" 7922
"/Engine/EngineMaterials/Substrate/Glints2/dict_0002_0208" 7923
"/Engine/EngineMaterials/Substrate/Glints2/dict_0002_0207" 7924
"/Engine/EngineMaterials/Substrate/Glints2/dict_0002_0209" 7925
"/Engine/EngineMaterials/Substrate/Glints2/dict_0002_0206" 7926
"/Engine/EngineMaterials/Substrate/Glints2/dict_0002_0203" 7927
"/Engine/EngineMaterials/Substrate/Glints2/dict_0002_0193" 7928
"/Engine/EngineMaterials/Substrate/Glints2/dict_0002_0205" 7929
"/Engine/EngineMaterials/Substrate/Glints2/dict_0002_0204" 7930
"/Engine/EngineMaterials/Substrate/Glints2/dict_0002_0202" 7931
"/Engine/EngineMaterials/Substrate/Glints2/dict_0002_0201" 7932
"/Engine/EngineMaterials/Substrate/Glints2/dict_0002_0200" 7933
"../../../Engine/Content/EngineMaterials/Substrate/Glints2/dict_0002_0219.uasset" 7934
"../../../Engine/Content/EngineMaterials/Substrate/Glints2/dict_0002_0211.uasset" 7935
"../../../Engine/Content/EngineMaterials/Substrate/Glints2/dict_0002_0221.uasset" 7936
"../../../Engine/Content/EngineMaterials/Substrate/Glints2/dict_0002_0224.uasset" 7937
"../../../Engine/Content/EngineMaterials/Substrate/Glints2/dict_0002_0222.uasset" 7938
"../../../Engine/Content/EngineMaterials/Substrate/Glints2/dict_0002_0213.uasset" 7939
"../../../Engine/Content/EngineMaterials/Substrate/Glints2/dict_0002_0220.uasset" 7940
"../../../Engine/Content/EngineMaterials/Substrate/Glints2/dict_0002_0218.uasset" 7941
"../../../Engine/Content/EngineMaterials/Substrate/Glints2/dict_0002_0216.uasset" 7942
"../../../Engine/Content/EngineMaterials/Substrate/Glints2/dict_0002_0217.uasset" 7943
"../../../Engine/Content/EngineMaterials/Substrate/Glints2/dict_0002_0214.uasset" 7944
"../../../Engine/Content/EngineMaterials/Substrate/Glints2/dict_0002_0223.uasset" 7945
"../../../Engine/Content/EngineMaterials/Substrate/Glints2/dict_0002_0212.uasset" 7946
"../../../Engine/Content/EngineMaterials/Substrate/Glints2/dict_0002_0227.uasset" 7947
"../../../Engine/Content/EngineMaterials/Substrate/Glints2/dict_0002_0225.uasset" 7948
"../../../Engine/Content/EngineMaterials/Substrate/Glints2/dict_0002_0229.uasset" 7949
"../../../Engine/Content/EngineMaterials/Substrate/Glints2/dict_0002_0215.uasset" 7950
"../../../Engine/Content/EngineMaterials/Substrate/Glints2/dict_0002_0226.uasset" 7951
"../../../Engine/Content/EngineMaterials/Substrate/Glints2/dict_0002_0232.uasset" 7952
"../../../Engine/Content/EngineMaterials/Substrate/Glints2/dict_0002_0234.uasset" 7953
"../../../Engine/Content/EngineMaterials/Substrate/Glints2/dict_0002_0228.uasset" 7954
"../../../Engine/Content/EngineMaterials/Substrate/Glints2/dict_0002_0236.uasset" 7955
"../../../Engine/Content/EngineMaterials/Substrate/Glints2/dict_0002_0231.uasset" 7956
"../../../Engine/Content/EngineMaterials/Substrate/Glints2/dict_0002_0230.uasset" 7957
"/Engine/EngineMaterials/Substrate/Glints2/dict_0002_0229" 7958
"/Engine/EngineMaterials/Substrate/Glints2/dict_0002_0228" 7959
"../../../Engine/Content/EngineMaterials/Substrate/Glints2/dict_0002_0237.uasset" 7960
"/Engine/EngineMaterials/Substrate/Glints2/dict_0002_0227" 7961
"../../../Engine/Content/EngineMaterials/Substrate/Glints2/dict_0002_0239.uasset" 7962
"../../../Engine/Content/EngineMaterials/Substrate/Glints2/dict_0002_0238.uasset" 7963
"../../../Engine/Content/EngineMaterials/Substrate/Glints2/dict_0002_0235.uasset" 7964
"/Engine/EngineMaterials/Substrate/Glints2/dict_0002_0226" 7965
"../../../Engine/Content/EngineMaterials/Substrate/Glints2/dict_0002_0241.uasset" 7966
"/Engine/EngineMaterials/Substrate/Glints2/dict_0002_0225" 7967
"../../../Engine/Content/EngineMaterials/Substrate/Glints2/dict_0002_0242.uasset" 7968
"/Engine/EngineMaterials/Substrate/Glints2/dict_0002_0224" 7969
"../../../Engine/Content/EngineMaterials/Substrate/Glints2/dict_0002_0240.uasset" 7970
"../../../Engine/Content/EngineMaterials/Substrate/Glints2/dict_0002_0233.uasset" 7971
"/Engine/EngineMaterials/Substrate/Glints2/dict_0002_0223" 7972
"/Engine/EngineMaterials/Substrate/Glints2/dict_0002_0222" 7973
"/Engine/EngineMaterials/Substrate/Glints2/dict_0002_0221" 7974
"/Engine/EngineMaterials/Substrate/Glints2/dict_0002_0220" 7975
"/Engine/EngineMaterials/Substrate/Glints2/dict_0002_0219" 7976
"/Engine/EngineMaterials/Substrate/Glints2/dict_0002_0236" 7977
"/Engine/EngineMaterials/Substrate/Glints2/dict_0002_0234" 7978
"/Engine/EngineMaterials/Substrate/Glints2/dict_0002_0218" 7979
"/Engine/EngineMaterials/Substrate/Glints2/dict_0002_0217" 7980
"/Engine/EngineMaterials/Substrate/Glints2/dict_0002_0216" 7981
"/Engine/EngineMaterials/Substrate/Glints2/dict_0002_0215" 7982
"/Engine/EngineMaterials/Substrate/Glints2/dict_0002_0232" 7983
"/Engine/EngineMaterials/Substrate/Glints2/dict_0002_0231" 7984
"/Engine/EngineMaterials/Substrate/Glints2/dict_0002_0214" 7985
"/Engine/EngineMaterials/Substrate/Glints2/dict_0002_0213" 7986
"/Engine/EngineMaterials/Substrate/Glints2/dict_0002_0212" 7987
"/Engine/EngineMaterials/Substrate/Glints2/dict_0002_0211" 7988
"/Engine/EngineMaterials/Substrate/Glints2/dict_0002_0242" 7989
"/Engine/EngineMaterials/Substrate/Glints2/dict_0002_0241" 7990
"/Engine/EngineMaterials/Substrate/Glints2/dict_0002_0240" 7991
"/Engine/EngineMaterials/Substrate/Glints2/dict_0002_0239" 7992
"/Engine/EngineMaterials/Substrate/Glints2/dict_0002_0238" 7993
"/Engine/EngineMaterials/Substrate/Glints2/dict_0002_0237" 7994
"/Engine/EngineMaterials/Substrate/Glints2/dict_0002_0235" 7995
"/Engine/EngineMaterials/Substrate/Glints2/dict_0002_0233" 7996
"/Engine/EngineMaterials/Substrate/Glints2/dict_0002_0230" 7997
"../../../Engine/Content/EngineMaterials/Substrate/Glints2/dict_0002_0245.uasset" 7998
"../../../Engine/Content/EngineMaterials/Substrate/Glints2/dict_0002_0250.uasset" 7999
"../../../Engine/Content/EngineMaterials/Substrate/Glints2/dict_0002_0243.uasset" 8000
"../../../Engine/Content/EngineMaterials/Substrate/Glints2/dict_0002_0247.uasset" 8001
"../../../Engine/Content/EngineMaterials/Substrate/Glints2/dict_0002_0249.uasset" 8002
"../../../Engine/Content/EngineMaterials/Substrate/Glints2/dict_0002_0246.uasset" 8003
"../../../Engine/Content/EngineMaterials/Substrate/Glints2/dict_0002_0248.uasset" 8004
"../../../Engine/Content/EngineMaterials/Substrate/Glints2/dict_0002_0254.uasset" 8005
"../../../Engine/Content/EngineMaterials/Substrate/Glints2/dict_0002_0255.uasset" 8006
"../../../Engine/Content/EngineMaterials/Substrate/Glints2/dict_0002_0251.uasset" 8007
"../../../Engine/Content/EngineMaterials/Substrate/Glints2/dict_0003_0000.uasset" 8008
"../../../Engine/Content/EngineMaterials/Substrate/Glints2/dict_0002_0252.uasset" 8009
"../../../Engine/Content/EngineMaterials/Substrate/Glints2/dict_0002_0253.uasset" 8010
"../../../Engine/Content/EngineMaterials/Substrate/Glints2/dict_0003_0001.uasset" 8011
"../../../Engine/Content/EngineMaterials/Substrate/Glints2/dict_0003_0010.uasset" 8012
"../../../Engine/Content/EngineMaterials/Substrate/Glints2/dict_0003_0004.uasset" 8013
"../../../Engine/Content/EngineMaterials/Substrate/Glints2/dict_0003_0003.uasset" 8014
"../../../Engine/Content/EngineMaterials/Substrate/Glints2/dict_0003_0009.uasset" 8015
"../../../Engine/Content/EngineMaterials/Substrate/Glints2/dict_0003_0002.uasset" 8016
"../../../Engine/Content/EngineMaterials/Substrate/Glints2/dict_0003_0008.uasset" 8017
"/Engine/EngineMaterials/Substrate/Glints2/dict_0003_0004" 8018
"../../../Engine/Content/EngineMaterials/Substrate/Glints2/dict_0003_0011.uasset" 8019
"/Engine/EngineMaterials/Substrate/Glints2/dict_0003_0003" 8020
"/Engine/EngineMaterials/Substrate/Glints2/dict_0003_0001" 8021
"../../../Engine/Content/EngineMaterials/Substrate/Glints2/dict_0002_0244.uasset" 8022
"/Engine/EngineMaterials/Substrate/Glints2/dict_0003_0000" 8023
"../../../Engine/Content/EngineMaterials/Substrate/Glints2/dict_0003_0013.uasset" 8024
"/Engine/EngineMaterials/Substrate/Glints2/dict_0002_0255" 8025
"/Engine/EngineMaterials/Substrate/Glints2/dict_0002_0254" 8026
"/Engine/EngineMaterials/Substrate/Glints2/dict_0002_0253" 8027
"/Engine/EngineMaterials/Substrate/Glints2/dict_0002_0252" 8028
"/Engine/EngineMaterials/Substrate/Glints2/dict_0002_0251" 8029
"../../../Engine/Content/EngineMaterials/Substrate/Glints2/dict_0003_0007.uasset" 8030
"/Engine/EngineMaterials/Substrate/Glints2/dict_0002_0250" 8031
"/Engine/EngineMaterials/Substrate/Glints2/dict_0002_0249" 8032
"/Engine/EngineMaterials/Substrate/Glints2/dict_0002_0248" 8033
"../../../Engine/Content/EngineMaterials/Substrate/Glints2/dict_0003_0005.uasset" 8034
"../../../Engine/Content/EngineMaterials/Substrate/Glints2/dict_0003_0015.uasset" 8035
"../../../Engine/Content/EngineMaterials/Substrate/Glints2/dict_0003_0014.uasset" 8036
"../../../Engine/Content/EngineMaterials/Substrate/Glints2/dict_0003_0018.uasset" 8037
"/Engine/EngineMaterials/Substrate/Glints2/dict_0002_0247" 8038
"/Engine/EngineMaterials/Substrate/Glints2/dict_0003_0010" 8039
"/Engine/EngineMaterials/Substrate/Glints2/dict_0002_0246" 8040
"/Engine/EngineMaterials/Substrate/Glints2/dict_0002_0245" 8041
"/Engine/EngineMaterials/Substrate/Glints2/dict_0002_0243" 8042
"/Engine/EngineMaterials/Substrate/Glints2/dict_0003_0009" 8043
"../../../Engine/Content/EngineMaterials/Substrate/Glints2/dict_0003_0016.uasset" 8044
"/Engine/EngineMaterials/Substrate/Glints2/dict_0003_0008" 8045
"/Engine/EngineMaterials/Substrate/Glints2/dict_0003_0007" 8046
"/Engine/EngineMaterials/Substrate/Glints2/dict_0003_0005" 8047
"/Engine/EngineMaterials/Substrate/Glints2/dict_0003_0002" 8048
"/Engine/EngineMaterials/Substrate/Glints2/dict_0003_0018" 8049
"/Engine/EngineMaterials/Substrate/Glints2/dict_0003_0015" 8050
"/Engine/EngineMaterials/Substrate/Glints2/dict_0003_0014" 8051
"/Engine/EngineMaterials/Substrate/Glints2/dict_0003_0013" 8052
"/Engine/EngineMaterials/Substrate/Glints2/dict_0003_0011" 8053
"/Engine/EngineMaterials/Substrate/Glints2/dict_0002_0244" 8054
"/Engine/EngineMaterials/Substrate/Glints2/dict_0003_0016" 8055
"../../../Engine/Content/EngineMaterials/Substrate/Glints2/dict_0003_0012.uasset" 8056
"../../../Engine/Content/EngineMaterials/Substrate/Glints2/dict_0003_0006.uasset" 8057
"../../../Engine/Content/EngineMaterials/Substrate/Glints2/dict_0003_0027.uasset" 8058
"../../../Engine/Content/EngineMaterials/Substrate/Glints2/dict_0003_0028.uasset" 8059
"../../../Engine/Content/EngineMaterials/Substrate/Glints2/dict_0003_0022.uasset" 8060
"../../../Engine/Content/EngineMaterials/Substrate/Glints2/dict_0003_0019.uasset" 8061
"../../../Engine/Content/EngineMaterials/Substrate/Glints2/dict_0003_0025.uasset" 8062
"../../../Engine/Content/EngineMaterials/Substrate/Glints2/dict_0003_0017.uasset" 8063
"../../../Engine/Content/EngineMaterials/Substrate/Glints2/dict_0003_0026.uasset" 8064
"../../../Engine/Content/EngineMaterials/Substrate/Glints2/dict_0003_0021.uasset" 8065
"../../../Engine/Content/EngineMaterials/Substrate/Glints2/dict_0003_0020.uasset" 8066
"../../../Engine/Content/EngineMaterials/Substrate/Glints2/dict_0003_0023.uasset" 8067
"../../../Engine/Content/EngineMaterials/Substrate/Glints2/dict_0003_0031.uasset" 8068
"../../../Engine/Content/EngineMaterials/Substrate/Glints2/dict_0003_0034.uasset" 8069
"../../../Engine/Content/EngineMaterials/Substrate/Glints2/dict_0003_0040.uasset" 8070
"../../../Engine/Content/EngineMaterials/Substrate/Glints2/dict_0003_0039.uasset" 8071
"../../../Engine/Content/EngineMaterials/Substrate/Glints2/dict_0003_0029.uasset" 8072
"../../../Engine/Content/EngineMaterials/Substrate/Glints2/dict_0003_0037.uasset" 8073
"../../../Engine/Content/EngineMaterials/Substrate/Glints2/dict_0003_0030.uasset" 8074
"../../../Engine/Content/EngineMaterials/Substrate/Glints2/dict_0003_0024.uasset" 8075
"../../../Engine/Content/EngineMaterials/Substrate/Glints2/dict_0003_0038.uasset" 8076
"../../../Engine/Content/EngineMaterials/Substrate/Glints2/dict_0003_0032.uasset" 8077
"/Engine/EngineMaterials/Substrate/Glints2/dict_0003_0006" 8078
"../../../Engine/Content/EngineMaterials/Substrate/Glints2/dict_0003_0035.uasset" 8079
"../../../Engine/Content/EngineMaterials/Substrate/Glints2/dict_0003_0041.uasset" 8080
"../../../Engine/Content/EngineMaterials/Substrate/Glints2/dict_0003_0033.uasset" 8081
"../../../Engine/Content/EngineMaterials/Substrate/Glints2/dict_0003_0045.uasset" 8082
"../../../Engine/Content/EngineMaterials/Substrate/Glints2/dict_0003_0042.uasset" 8083
"../../../Engine/Content/EngineMaterials/Substrate/Glints2/dict_0003_0043.uasset" 8084
"/Engine/EngineMaterials/Substrate/Glints2/dict_0003_0034" 8085
"/Engine/EngineMaterials/Substrate/Glints2/dict_0003_0032" 8086
"../../../Engine/Content/EngineMaterials/Substrate/Glints2/dict_0003_0044.uasset" 8087
"../../../Engine/Content/EngineMaterials/Substrate/Glints2/dict_0003_0036.uasset" 8088
"../../../Engine/Content/EngineMaterials/Substrate/Glints2/dict_0003_0046.uasset" 8089
"/Engine/EngineMaterials/Substrate/Glints2/dict_0003_0017" 8090
"/Engine/EngineMaterials/Substrate/Glints2/dict_0003_0040" 8091
"/Engine/EngineMaterials/Substrate/Glints2/dict_0003_0039" 8092
"/Engine/EngineMaterials/Substrate/Glints2/dict_0003_0038" 8093
"/Engine/EngineMaterials/Substrate/Glints2/dict_0003_0031" 8094
"/Engine/EngineMaterials/Substrate/Glints2/dict_0003_0030" 8095
"/Engine/EngineMaterials/Substrate/Glints2/dict_0003_0012" 8096
"/Engine/EngineMaterials/Substrate/Glints2/dict_0003_0028" 8097
"/Engine/EngineMaterials/Substrate/Glints2/dict_0003_0027" 8098
"/Engine/EngineMaterials/Substrate/Glints2/dict_0003_0026" 8099
"/Engine/EngineMaterials/Substrate/Glints2/dict_0003_0025" 8100
"/Engine/EngineMaterials/Substrate/Glints2/dict_0003_0037" 8101
"/Engine/EngineMaterials/Substrate/Glints2/dict_0003_0024" 8102
"/Engine/EngineMaterials/Substrate/Glints2/dict_0003_0023" 8103
"/Engine/EngineMaterials/Substrate/Glints2/dict_0003_0022" 8104
"/Engine/EngineMaterials/Substrate/Glints2/dict_0003_0021" 8105
"../../../Engine/Content/EngineMaterials/Substrate/Glints2/dict_0003_0047.uasset" 8106
"/Engine/EngineMaterials/Substrate/Glints2/dict_0003_0020" 8107
"/Engine/EngineMaterials/Substrate/Glints2/dict_0003_0019" 8108
"/Engine/EngineMaterials/Substrate/Glints2/dict_0003_0046" 8109
"/Engine/EngineMaterials/Substrate/Glints2/dict_0003_0045" 8110
"/Engine/EngineMaterials/Substrate/Glints2/dict_0003_0044" 8111
"/Engine/EngineMaterials/Substrate/Glints2/dict_0003_0043" 8112
"/Engine/EngineMaterials/Substrate/Glints2/dict_0003_0035" 8113
"/Engine/EngineMaterials/Substrate/Glints2/dict_0003_0042" 8114
"/Engine/EngineMaterials/Substrate/Glints2/dict_0003_0033" 8115
"/Engine/EngineMaterials/Substrate/Glints2/dict_0003_0041" 8116
"/Engine/EngineMaterials/Substrate/Glints2/dict_0003_0047" 8117
"/Engine/EngineMaterials/Substrate/Glints2/dict_0003_0029" 8118
"../../../Engine/Content/EngineMaterials/Substrate/Glints2/dict_0003_0060.uasset" 8119
"../../../Engine/Content/EngineMaterials/Substrate/Glints2/dict_0003_0058.uasset" 8120
"../../../Engine/Content/EngineMaterials/Substrate/Glints2/dict_0003_0055.uasset" 8121
"../../../Engine/Content/EngineMaterials/Substrate/Glints2/dict_0003_0056.uasset" 8122
"/Engine/EngineMaterials/Substrate/Glints2/dict_0003_0036" 8123
"../../../Engine/Content/EngineMaterials/Substrate/Glints2/dict_0003_0053.uasset" 8124
"../../../Engine/Content/EngineMaterials/Substrate/Glints2/dict_0003_0054.uasset" 8125
"../../../Engine/Content/EngineMaterials/Substrate/Glints2/dict_0003_0050.uasset" 8126
"../../../Engine/Content/EngineMaterials/Substrate/Glints2/dict_0003_0052.uasset" 8127
"../../../Engine/Content/EngineMaterials/Substrate/Glints2/dict_0003_0057.uasset" 8128
"/Engine/EngineMaterials/Substrate/Glints2/dict_0003_0060" 8129
"/Engine/EngineMaterials/Substrate/Glints2/dict_0003_0058" 8130
"/Engine/EngineMaterials/Substrate/Glints2/dict_0003_0056" 8131
"/Engine/EngineMaterials/Substrate/Glints2/dict_0003_0055" 8132
"../../../Engine/Content/EngineMaterials/Substrate/Glints2/dict_0003_0061.uasset" 8133
"/Engine/EngineMaterials/Substrate/Glints2/dict_0003_0057" 8134
"/Engine/EngineMaterials/Substrate/Glints2/dict_0003_0054" 8135
"../../../Engine/Content/EngineMaterials/Substrate/Glints2/dict_0003_0051.uasset" 8136
"../../../Engine/Content/EngineMaterials/Substrate/Glints2/dict_0003_0049.uasset" 8137
"/Engine/EngineMaterials/Substrate/Glints2/dict_0003_0053" 8138
"../../../Engine/Content/EngineMaterials/Substrate/Glints2/dict_0003_0059.uasset" 8139
"/Engine/EngineMaterials/Substrate/Glints2/dict_0003_0052" 8140
"../../../Engine/Content/EngineMaterials/Substrate/Glints2/dict_0003_0068.uasset" 8141
"../../../Engine/Content/EngineMaterials/Substrate/Glints2/dict_0003_0065.uasset" 8142
"../../../Engine/Content/EngineMaterials/Substrate/Glints2/dict_0003_0064.uasset" 8143
"../../../Engine/Content/EngineMaterials/Substrate/Glints2/dict_0003_0070.uasset" 8144
"../../../Engine/Content/EngineMaterials/Substrate/Glints2/dict_0003_0069.uasset" 8145
"../../../Engine/Content/EngineMaterials/Substrate/Glints2/dict_0003_0062.uasset" 8146
"/Engine/EngineMaterials/Substrate/Glints2/dict_0003_0050" 8147
"/Engine/EngineMaterials/Substrate/Glints2/dict_0003_0068" 8148
"/Engine/EngineMaterials/Substrate/Glints2/dict_0003_0065" 8149
"../../../Engine/Content/EngineMaterials/Substrate/Glints2/dict_0003_0048.uasset" 8150
"/Engine/EngineMaterials/Substrate/Glints2/dict_0003_0064" 8151
"../../../Engine/Content/EngineMaterials/Substrate/Glints2/dict_0003_0063.uasset" 8152
"../../../Engine/Content/EngineMaterials/Substrate/Glints2/dict_0003_0072.uasset" 8153
"/Engine/EngineMaterials/Substrate/Glints2/dict_0003_0062" 8154
"../../../Engine/Content/EngineMaterials/Substrate/Glints2/dict_0003_0073.uasset" 8155
"/Engine/EngineMaterials/Substrate/Glints2/dict_0003_0061" 8156
"/Engine/EngineMaterials/Substrate/Glints2/dict_0003_0059" 8157
"/Engine/EngineMaterials/Substrate/Glints2/dict_0003_0070" 8158
"/Engine/EngineMaterials/Substrate/Glints2/dict_0003_0051" 8159
"/Engine/EngineMaterials/Substrate/Glints2/dict_0003_0049" 8160
"/Engine/EngineMaterials/Substrate/Glints2/dict_0003_0069" 8161
"../../../Engine/Content/EngineMaterials/Substrate/Glints2/dict_0003_0067.uasset" 8162
"/Engine/EngineMaterials/Substrate/Glints2/dict_0003_0073" 8163
"../../../Engine/Content/EngineMaterials/Substrate/Glints2/dict_0003_0066.uasset" 8164
"/Engine/EngineMaterials/Substrate/Glints2/dict_0003_0072" 8165
"../../../Engine/Content/EngineMaterials/Substrate/Glints2/dict_0003_0075.uasset" 8166
"../../../Engine/Content/EngineMaterials/Substrate/Glints2/dict_0003_0077.uasset" 8167
"../../../Engine/Content/EngineMaterials/Substrate/Glints2/dict_0003_0078.uasset" 8168
"/Engine/EngineMaterials/Substrate/Glints2/dict_0003_0063" 8169
"/Engine/EngineMaterials/Substrate/Glints2/dict_0003_0048" 8170
"/Engine/EngineMaterials/Substrate/Glints2/dict_0003_0078" 8171
"/Engine/EngineMaterials/Substrate/Glints2/dict_0003_0077" 8172
"/Engine/EngineMaterials/Substrate/Glints2/dict_0003_0075" 8173
"/Engine/EngineMaterials/Substrate/Glints2/dict_0003_0067" 8174
"../../../Engine/Content/EngineMaterials/Substrate/Glints2/dict_0003_0074.uasset" 8175
"../../../Engine/Content/EngineMaterials/Substrate/Glints2/dict_0003_0076.uasset" 8176
"/Engine/EngineMaterials/Substrate/Glints2/dict_0003_0066" 8177
"/Engine/EngineMaterials/Substrate/Glints2/dict_0003_0076" 8178
"../../../Engine/Content/EngineMaterials/Substrate/Glints2/dict_0003_0084.uasset" 8179
"/Engine/EngineMaterials/Substrate/Glints2/dict_0003_0074" 8180
"../../../Engine/Content/EngineMaterials/Substrate/Glints2/dict_0003_0090.uasset" 8181
"../../../Engine/Content/EngineMaterials/Substrate/Glints2/dict_0003_0091.uasset" 8182
"../../../Engine/Content/EngineMaterials/Substrate/Glints2/dict_0003_0071.uasset" 8183
"/Engine/EngineMaterials/Substrate/Glints2/dict_0003_0091" 8184
"../../../Engine/Content/EngineMaterials/Substrate/Glints2/dict_0003_0081.uasset" 8185
"../../../Engine/Content/EngineMaterials/Substrate/Glints2/dict_0003_0088.uasset" 8186
"../../../Engine/Content/EngineMaterials/Substrate/Glints2/dict_0003_0080.uasset" 8187
"../../../Engine/Content/EngineMaterials/Substrate/Glints2/dict_0003_0082.uasset" 8188
"../../../Engine/Content/EngineMaterials/Substrate/Glints2/dict_0003_0083.uasset" 8189
"../../../Engine/Content/EngineMaterials/Substrate/Glints2/dict_0003_0085.uasset" 8190
"/Engine/EngineMaterials/Substrate/Glints2/dict_0003_0084" 8191
"../../../Engine/Content/EngineMaterials/Substrate/Glints2/dict_0003_0079.uasset" 8192
"/Engine/EngineMaterials/Substrate/Glints2/dict_0003_0090" 8193
"../../../Engine/Content/EngineMaterials/Substrate/Glints2/dict_0003_0089.uasset" 8194
"/Engine/EngineMaterials/Substrate/Glints2/dict_0003_0079" 8195
"../../../Engine/Content/EngineMaterials/Substrate/Glints2/dict_0003_0087.uasset" 8196
"/Engine/EngineMaterials/Substrate/Glints2/dict_0003_0071" 8197
"/Engine/EngineMaterials/Substrate/Glints2/dict_0003_0083" 8198
"/Engine/EngineMaterials/Substrate/Glints2/dict_0003_0082" 8199
"/Engine/EngineMaterials/Substrate/Glints2/dict_0003_0088" 8200
"../../../Engine/Content/EngineMaterials/Substrate/Glints2/dict_0003_0086.uasset" 8201
"/Engine/EngineMaterials/Substrate/Glints2/dict_0003_0081" 8202
"../../../Engine/Content/EngineMaterials/Substrate/Glints2/dict_0003_0094.uasset" 8203
"/Engine/EngineMaterials/Substrate/Glints2/dict_0003_0080" 8204
"../../../Engine/Content/EngineMaterials/Substrate/Glints2/dict_0003_0097.uasset" 8205
"../../../Engine/Content/EngineMaterials/Substrate/Glints2/dict_0003_0093.uasset" 8206
"../../../Engine/Content/EngineMaterials/Substrate/Glints2/dict_0003_0099.uasset" 8207
"../../../Engine/Content/EngineMaterials/Substrate/Glints2/dict_0003_0092.uasset" 8208
"/Engine/EngineMaterials/Substrate/Glints2/dict_0003_0085" 8209
"../../../Engine/Content/EngineMaterials/Substrate/Glints2/dict_0003_0096.uasset" 8210
"/Engine/EngineMaterials/Substrate/Glints2/dict_0003_0089" 8211
"../../../Engine/Content/EngineMaterials/Substrate/Glints2/dict_0003_0100.uasset" 8212
"../../../Engine/Content/EngineMaterials/Substrate/Glints2/dict_0003_0098.uasset" 8213
"../../../Engine/Content/EngineMaterials/Substrate/Glints2/dict_0003_0095.uasset" 8214
"../../../Engine/Content/EngineMaterials/Substrate/Glints2/dict_0003_0101.uasset" 8215
"/Engine/EngineMaterials/Substrate/Glints2/dict_0003_0097" 8216
"../../../Engine/Content/EngineMaterials/Substrate/Glints2/dict_0003_0102.uasset" 8217
"/Engine/EngineMaterials/Substrate/Glints2/dict_0003_0096" 8218
"/Engine/EngineMaterials/Substrate/Glints2/dict_0003_0100" 8219
"/Engine/EngineMaterials/Substrate/Glints2/dict_0003_0095" 8220
"../../../Engine/Content/EngineMaterials/Substrate/Glints2/dict_0003_0104.uasset" 8221
"/Engine/EngineMaterials/Substrate/Glints2/dict_0003_0094" 8222
"/Engine/EngineMaterials/Substrate/Glints2/dict_0003_0093" 8223
"/Engine/EngineMaterials/Substrate/Glints2/dict_0003_0092" 8224
"/Engine/EngineMaterials/Substrate/Glints2/dict_0003_0087" 8225
"../../../Engine/Content/EngineMaterials/Substrate/Glints2/dict_0003_0106.uasset" 8226
"../../../Engine/Content/EngineMaterials/Substrate/Glints2/dict_0003_0107.uasset" 8227
"../../../Engine/Content/EngineMaterials/Substrate/Glints2/dict_0003_0109.uasset" 8228
"../../../Engine/Content/EngineMaterials/Substrate/Glints2/dict_0003_0105.uasset" 8229
"/Engine/EngineMaterials/Substrate/Glints2/dict_0003_0086" 8230
"/Engine/EngineMaterials/Substrate/Glints2/dict_0003_0099" 8231
"../../../Engine/Content/EngineMaterials/Substrate/Glints2/dict_0003_0110.uasset" 8232
"../../../Engine/Content/EngineMaterials/Substrate/Glints2/dict_0003_0114.uasset" 8233
"../../../Engine/Content/EngineMaterials/Substrate/Glints2/dict_0003_0108.uasset" 8234
"../../../Engine/Content/EngineMaterials/Substrate/Glints2/dict_0003_0103.uasset" 8235
"../../../Engine/Content/EngineMaterials/Substrate/Glints2/dict_0003_0113.uasset" 8236
"/Engine/EngineMaterials/Substrate/Glints2/dict_0003_0107" 8237
"/Engine/EngineMaterials/Substrate/Glints2/dict_0003_0106" 8238
"/Engine/EngineMaterials/Substrate/Glints2/dict_0003_0098" 8239
"/Engine/EngineMaterials/Substrate/Glints2/dict_0003_0109" 8240
"/Engine/EngineMaterials/Substrate/Glints2/dict_0003_0105" 8241
"../../../Engine/Content/EngineMaterials/Substrate/Glints2/dict_0003_0111.uasset" 8242
"/Engine/EngineMaterials/Substrate/Glints2/dict_0003_0104" 8243
"/Engine/EngineMaterials/Substrate/Glints2/dict_0003_0102" 8244
"/Engine/EngineMaterials/Substrate/Glints2/dict_0003_0101" 8245
"/Engine/EngineMaterials/Substrate/Glints2/dict_0003_0103" 8246
"../../../Engine/Content/EngineMaterials/Substrate/Glints2/dict_0003_0115.uasset" 8247
"/Engine/EngineMaterials/Substrate/Glints2/dict_0003_0114" 8248
"/Engine/EngineMaterials/Substrate/Glints2/dict_0003_0110" 8249
"/Engine/EngineMaterials/Substrate/Glints2/dict_0003_0113" 8250
"/Engine/EngineMaterials/Substrate/Glints2/dict_0003_0108" 8251
"/Engine/EngineMaterials/Substrate/Glints2/dict_0003_0115" 8252
"/Engine/EngineMaterials/Substrate/Glints2/dict_0003_0111" 8253
"../../../Engine/Content/EngineMaterials/Substrate/Glints2/dict_0003_0118.uasset" 8254
"/Engine/EngineMaterials/Substrate/Glints2/dict_0003_0118" 8255
"../../../Engine/Content/EngineMaterials/Substrate/Glints2/dict_0003_0121.uasset" 8256
"/Engine/EngineMaterials/Substrate/Glints2/dict_0003_0121" 8257
"../../../Engine/Content/EngineMaterials/Substrate/Glints2/dict_0003_0116.uasset" 8258
"../../../Engine/Content/EngineMaterials/Substrate/Glints2/dict_0003_0117.uasset" 8259
"../../../Engine/Content/EngineMaterials/Substrate/Glints2/dict_0003_0112.uasset" 8260
"../../../Engine/Content/EngineMaterials/Substrate/Glints2/dict_0003_0124.uasset" 8261
"../../../Engine/Content/EngineMaterials/Substrate/Glints2/dict_0003_0119.uasset" 8262
"../../../Engine/Content/EngineMaterials/Substrate/Glints2/dict_0003_0122.uasset" 8263
"../../../Engine/Content/EngineMaterials/Substrate/Glints2/dict_0003_0120.uasset" 8264
"../../../Engine/Content/EngineMaterials/Substrate/Glints2/dict_0003_0125.uasset" 8265
"../../../Engine/Content/EngineMaterials/Substrate/Glints2/dict_0003_0126.uasset" 8266
"../../../Engine/Content/EngineMaterials/Substrate/Glints2/dict_0003_0127.uasset" 8267
"../../../Engine/Content/EngineMaterials/Substrate/Glints2/dict_0003_0128.uasset" 8268
"../../../Engine/Content/EngineMaterials/Substrate/Glints2/dict_0003_0133.uasset" 8269
"../../../Engine/Content/EngineMaterials/Substrate/Glints2/dict_0003_0130.uasset" 8270
"../../../Engine/Content/EngineMaterials/Substrate/Glints2/dict_0003_0134.uasset" 8271
"../../../Engine/Content/EngineMaterials/Substrate/Glints2/dict_0003_0135.uasset" 8272
"../../../Engine/Content/EngineMaterials/Substrate/Glints2/dict_0003_0123.uasset" 8273
"../../../Engine/Content/EngineMaterials/Substrate/Glints2/dict_0003_0131.uasset" 8274
"../../../Engine/Content/EngineMaterials/Substrate/Glints2/dict_0003_0132.uasset" 8275
"../../../Engine/Content/EngineMaterials/Substrate/Glints2/dict_0003_0129.uasset" 8276
"../../../Engine/Content/EngineMaterials/Substrate/Glints2/dict_0003_0136.uasset" 8277
"../../../Engine/Content/EngineMaterials/Substrate/Glints2/dict_0003_0137.uasset" 8278
"../../../Engine/Content/EngineMaterials/Substrate/Glints2/dict_0003_0139.uasset" 8279
"../../../Engine/Content/EngineMaterials/Substrate/Glints2/dict_0003_0140.uasset" 8280
"../../../Engine/Content/EngineMaterials/Substrate/Glints2/dict_0003_0138.uasset" 8281
"../../../Engine/Content/EngineMaterials/Substrate/Glints2/dict_0003_0142.uasset" 8282
"../../../Engine/Content/EngineMaterials/Substrate/Glints2/dict_0003_0141.uasset" 8283
"/Engine/EngineMaterials/Substrate/Glints2/dict_0003_0142" 8284
"../../../Engine/Content/EngineMaterials/Substrate/Glints2/dict_0003_0143.uasset" 8285
"../../../Engine/Content/EngineMaterials/Substrate/Glints2/dict_0003_0145.uasset" 8286
"/Engine/EngineMaterials/Substrate/Glints2/dict_0003_0141" 8287
"/Engine/EngineMaterials/Substrate/Glints2/dict_0003_0140" 8288
"/Engine/EngineMaterials/Substrate/Glints2/dict_0003_0139" 8289
"/Engine/EngineMaterials/Substrate/Glints2/dict_0003_0138" 8290
"/Engine/EngineMaterials/Substrate/Glints2/dict_0003_0137" 8291
"/Engine/EngineMaterials/Substrate/Glints2/dict_0003_0136" 8292
"/Engine/EngineMaterials/Substrate/Glints2/dict_0003_0135" 8293
"/Engine/EngineMaterials/Substrate/Glints2/dict_0003_0131" 8294
"/Engine/EngineMaterials/Substrate/Glints2/dict_0003_0120" 8295
"/Engine/EngineMaterials/Substrate/Glints2/dict_0003_0130" 8296
"/Engine/EngineMaterials/Substrate/Glints2/dict_0003_0129" 8297
"/Engine/EngineMaterials/Substrate/Glints2/dict_0003_0128" 8298
"../../../Engine/Content/EngineMaterials/Substrate/Glints2/dict_0003_0147.uasset" 8299
"../../../Engine/Content/EngineMaterials/Substrate/Glints2/dict_0003_0148.uasset" 8300
"/Engine/EngineMaterials/Substrate/Glints2/dict_0003_0127" 8301
"../../../Engine/Content/EngineMaterials/Substrate/Glints2/dict_0003_0146.uasset" 8302
"/Engine/EngineMaterials/Substrate/Glints2/dict_0003_0119" 8303
"/Engine/EngineMaterials/Substrate/Glints2/dict_0003_0126" 8304
"/Engine/EngineMaterials/Substrate/Glints2/dict_0003_0125" 8305
"/Engine/EngineMaterials/Substrate/Glints2/dict_0003_0117" 8306
"/Engine/EngineMaterials/Substrate/Glints2/dict_0003_0116" 8307
"/Engine/EngineMaterials/Substrate/Glints2/dict_0003_0124" 8308
"../../../Engine/Content/EngineMaterials/Substrate/Glints2/dict_0003_0144.uasset" 8309
"/Engine/EngineMaterials/Substrate/Glints2/dict_0003_0123" 8310
"/Engine/EngineMaterials/Substrate/Glints2/dict_0003_0134" 8311
"/Engine/EngineMaterials/Substrate/Glints2/dict_0003_0112" 8312
"/Engine/EngineMaterials/Substrate/Glints2/dict_0003_0133" 8313
"/Engine/EngineMaterials/Substrate/Glints2/dict_0003_0132" 8314
"/Engine/EngineMaterials/Substrate/Glints2/dict_0003_0122" 8315
"/Engine/EngineMaterials/Substrate/Glints2/dict_0003_0148" 8316
"/Engine/EngineMaterials/Substrate/Glints2/dict_0003_0143" 8317
"/Engine/EngineMaterials/Substrate/Glints2/dict_0003_0146" 8318
"/Engine/EngineMaterials/Substrate/Glints2/dict_0003_0147" 8319
"/Engine/EngineMaterials/Substrate/Glints2/dict_0003_0145" 8320
"/Engine/EngineMaterials/Substrate/Glints2/dict_0003_0144" 8321
"../../../Engine/Content/EngineMaterials/Substrate/Glints2/dict_0003_0161.uasset" 8322
"../../../Engine/Content/EngineMaterials/Substrate/Glints2/dict_0003_0154.uasset" 8323
"../../../Engine/Content/EngineMaterials/Substrate/Glints2/dict_0003_0155.uasset" 8324
"../../../Engine/Content/EngineMaterials/Substrate/Glints2/dict_0003_0162.uasset" 8325
"../../../Engine/Content/EngineMaterials/Substrate/Glints2/dict_0003_0160.uasset" 8326
"../../../Engine/Content/EngineMaterials/Substrate/Glints2/dict_0003_0149.uasset" 8327
"../../../Engine/Content/EngineMaterials/Substrate/Glints2/dict_0003_0152.uasset" 8328
"../../../Engine/Content/EngineMaterials/Substrate/Glints2/dict_0003_0156.uasset" 8329
"../../../Engine/Content/EngineMaterials/Substrate/Glints2/dict_0003_0151.uasset" 8330
"../../../Engine/Content/EngineMaterials/Substrate/Glints2/dict_0003_0153.uasset" 8331
"../../../Engine/Content/EngineMaterials/Substrate/Glints2/dict_0003_0157.uasset" 8332
"../../../Engine/Content/EngineMaterials/Substrate/Glints2/dict_0003_0159.uasset" 8333
"../../../Engine/Content/EngineMaterials/Substrate/Glints2/dict_0003_0163.uasset" 8334
"../../../Engine/Content/EngineMaterials/Substrate/Glints2/dict_0003_0168.uasset" 8335
"../../../Engine/Content/EngineMaterials/Substrate/Glints2/dict_0003_0150.uasset" 8336
"../../../Engine/Content/EngineMaterials/Substrate/Glints2/dict_0003_0164.uasset" 8337
"/Engine/EngineMaterials/Substrate/Glints2/dict_0003_0168" 8338
"../../../Engine/Content/EngineMaterials/Substrate/Glints2/dict_0003_0169.uasset" 8339
"../../../Engine/Content/EngineMaterials/Substrate/Glints2/dict_0003_0172.uasset" 8340
"../../../Engine/Content/EngineMaterials/Substrate/Glints2/dict_0003_0167.uasset" 8341
"../../../Engine/Content/EngineMaterials/Substrate/Glints2/dict_0003_0166.uasset" 8342
"../../../Engine/Content/EngineMaterials/Substrate/Glints2/dict_0003_0171.uasset" 8343
"../../../Engine/Content/EngineMaterials/Substrate/Glints2/dict_0003_0170.uasset" 8344
"../../../Engine/Content/EngineMaterials/Substrate/Glints2/dict_0003_0165.uasset" 8345
"../../../Engine/Content/EngineMaterials/Substrate/Glints2/dict_0003_0158.uasset" 8346
"/Engine/EngineMaterials/Substrate/Glints2/dict_0003_0164" 8347
"/Engine/EngineMaterials/Substrate/Glints2/dict_0003_0163" 8348
"/Engine/EngineMaterials/Substrate/Glints2/dict_0003_0162" 8349
"/Engine/EngineMaterials/Substrate/Glints2/dict_0003_0161" 8350
"/Engine/EngineMaterials/Substrate/Glints2/dict_0003_0160" 8351
"/Engine/EngineMaterials/Substrate/Glints2/dict_0003_0159" 8352
"/Engine/EngineMaterials/Substrate/Glints2/dict_0003_0157" 8353
"/Engine/EngineMaterials/Substrate/Glints2/dict_0003_0156" 8354
"/Engine/EngineMaterials/Substrate/Glints2/dict_0003_0155" 8355
"/Engine/EngineMaterials/Substrate/Glints2/dict_0003_0154" 8356
"../../../Engine/Content/EngineMaterials/Substrate/Glints2/dict_0003_0174.uasset" 8357
"/Engine/EngineMaterials/Substrate/Glints2/dict_0003_0153" 8358
"../../../Engine/Content/EngineMaterials/Substrate/Glints2/dict_0003_0178.uasset" 8359
"/Engine/EngineMaterials/Substrate/Glints2/dict_0003_0152" 8360
"../../../Engine/Content/EngineMaterials/Substrate/Glints2/dict_0003_0176.uasset" 8361
"/Engine/EngineMaterials/Substrate/Glints2/dict_0003_0151" 8362
"../../../Engine/Content/EngineMaterials/Substrate/Glints2/dict_0003_0180.uasset" 8363
"/Engine/EngineMaterials/Substrate/Glints2/dict_0003_0150" 8364
"/Engine/EngineMaterials/Substrate/Glints2/dict_0003_0149" 8365
"../../../Engine/Content/EngineMaterials/Substrate/Glints2/dict_0003_0179.uasset" 8366
"/Engine/EngineMaterials/Substrate/Glints2/dict_0003_0180" 8367
"../../../Engine/Content/EngineMaterials/Substrate/Glints2/dict_0003_0173.uasset" 8368
"/Engine/EngineMaterials/Substrate/Glints2/dict_0003_0174" 8369
"/Engine/EngineMaterials/Substrate/Glints2/dict_0003_0172" 8370
"/Engine/EngineMaterials/Substrate/Glints2/dict_0003_0171" 8371
"/Engine/EngineMaterials/Substrate/Glints2/dict_0003_0170" 8372
"/Engine/EngineMaterials/Substrate/Glints2/dict_0003_0178" 8373
"/Engine/EngineMaterials/Substrate/Glints2/dict_0003_0169" 8374
"/Engine/EngineMaterials/Substrate/Glints2/dict_0003_0167" 8375
"/Engine/EngineMaterials/Substrate/Glints2/dict_0003_0166" 8376
"/Engine/EngineMaterials/Substrate/Glints2/dict_0003_0165" 8377
"/Engine/EngineMaterials/Substrate/Glints2/dict_0003_0158" 8378
"/Engine/EngineMaterials/Substrate/Glints2/dict_0003_0176" 8379
"/Engine/EngineMaterials/Substrate/Glints2/dict_0003_0179" 8380
"/Engine/EngineMaterials/Substrate/Glints2/dict_0003_0173" 8381
"../../../Engine/Content/EngineMaterials/Substrate/Glints2/dict_0003_0175.uasset" 8382
"../../../Engine/Content/EngineMaterials/Substrate/Glints2/dict_0003_0177.uasset" 8383
"../../../Engine/Content/EngineMaterials/Substrate/Glints2/dict_0003_0183.uasset" 8384
"../../../Engine/Content/EngineMaterials/Substrate/Glints2/dict_0003_0184.uasset" 8385
"../../../Engine/Content/EngineMaterials/Substrate/Glints2/dict_0003_0182.uasset" 8386
"../../../Engine/Content/EngineMaterials/Substrate/Glints2/dict_0003_0186.uasset" 8387
"../../../Engine/Content/EngineMaterials/Substrate/Glints2/dict_0003_0181.uasset" 8388
"../../../Engine/Content/EngineMaterials/Substrate/Glints2/dict_0003_0189.uasset" 8389
"../../../Engine/Content/EngineMaterials/Substrate/Glints2/dict_0003_0185.uasset" 8390
"../../../Engine/Content/EngineMaterials/Substrate/Glints2/dict_0003_0190.uasset" 8391
"../../../Engine/Content/EngineMaterials/Substrate/Glints2/dict_0003_0191.uasset" 8392
"../../../Engine/Content/EngineMaterials/Substrate/Glints2/dict_0003_0194.uasset" 8393
"../../../Engine/Content/EngineMaterials/Substrate/Glints2/dict_0003_0188.uasset" 8394
"../../../Engine/Content/EngineMaterials/Substrate/Glints2/dict_0003_0195.uasset" 8395
"../../../Engine/Content/EngineMaterials/Substrate/Glints2/dict_0003_0193.uasset" 8396
"../../../Engine/Content/EngineMaterials/Substrate/Glints2/dict_0003_0187.uasset" 8397
"../../../Engine/Content/EngineMaterials/Substrate/Glints2/dict_0003_0199.uasset" 8398
"../../../Engine/Content/EngineMaterials/Substrate/Glints2/dict_0003_0198.uasset" 8399
"../../../Engine/Content/EngineMaterials/Substrate/Glints2/dict_0003_0200.uasset" 8400
"../../../Engine/Content/EngineMaterials/Substrate/Glints2/dict_0003_0192.uasset" 8401
"../../../Engine/Content/EngineMaterials/Substrate/Glints2/dict_0003_0201.uasset" 8402
"../../../Engine/Content/EngineMaterials/Substrate/Glints2/dict_0003_0196.uasset" 8403
"../../../Engine/Content/EngineMaterials/Substrate/Glints2/dict_0003_0202.uasset" 8404
"../../../Engine/Content/EngineMaterials/Substrate/Glints2/dict_0003_0197.uasset" 8405
"/Engine/EngineMaterials/Substrate/Glints2/dict_0003_0202" 8406
"/Engine/EngineMaterials/Substrate/Glints2/dict_0003_0196" 8407
"/Engine/EngineMaterials/Substrate/Glints2/dict_0003_0201" 8408
"../../../Engine/Content/EngineMaterials/Substrate/Glints2/dict_0003_0206.uasset" 8409
"../../../Engine/Content/EngineMaterials/Substrate/Glints2/dict_0003_0205.uasset" 8410
"/Engine/EngineMaterials/Substrate/Glints2/dict_0003_0200" 8411
"/Engine/EngineMaterials/Substrate/Glints2/dict_0003_0199" 8412
"/Engine/EngineMaterials/Substrate/Glints2/dict_0003_0195" 8413
"../../../Engine/Content/EngineMaterials/Substrate/Glints2/dict_0003_0204.uasset" 8414
"../../../Engine/Content/EngineMaterials/Substrate/Glints2/dict_0003_0210.uasset" 8415
"../../../Engine/Content/EngineMaterials/Substrate/Glints2/dict_0003_0207.uasset" 8416
"/Engine/EngineMaterials/Substrate/Glints2/dict_0003_0194" 8417
"/Engine/EngineMaterials/Substrate/Glints2/dict_0003_0193" 8418
"/Engine/EngineMaterials/Substrate/Glints2/dict_0003_0192" 8419
"../../../Engine/Content/EngineMaterials/Substrate/Glints2/dict_0003_0209.uasset" 8420
"../../../Engine/Content/EngineMaterials/Substrate/Glints2/dict_0003_0208.uasset" 8421
"/Engine/EngineMaterials/Substrate/Glints2/dict_0003_0191" 8422
"../../../Engine/Content/EngineMaterials/Substrate/Glints2/dict_0003_0203.uasset" 8423
"/Engine/EngineMaterials/Substrate/Glints2/dict_0003_0190" 8424
"/Engine/EngineMaterials/Substrate/Glints2/dict_0003_0198" 8425
"/Engine/EngineMaterials/Substrate/Glints2/dict_0003_0177" 8426
"/Engine/EngineMaterials/Substrate/Glints2/dict_0003_0189" 8427
"/Engine/EngineMaterials/Substrate/Glints2/dict_0003_0188" 8428
"/Engine/EngineMaterials/Substrate/Glints2/dict_0003_0197" 8429
"/Engine/EngineMaterials/Substrate/Glints2/dict_0003_0187" 8430
"/Engine/EngineMaterials/Substrate/Glints2/dict_0003_0186" 8431
"/Engine/EngineMaterials/Substrate/Glints2/dict_0003_0185" 8432
"/Engine/EngineMaterials/Substrate/Glints2/dict_0003_0184" 8433
"/Engine/EngineMaterials/Substrate/Glints2/dict_0003_0175" 8434
"/Engine/EngineMaterials/Substrate/Glints2/dict_0003_0183" 8435
"/Engine/EngineMaterials/Substrate/Glints2/dict_0003_0182" 8436
"/Engine/EngineMaterials/Substrate/Glints2/dict_0003_0181" 8437
"/Engine/EngineMaterials/Substrate/Glints2/dict_0003_0208" 8438
"/Engine/EngineMaterials/Substrate/Glints2/dict_0003_0210" 8439
"../../../Engine/Content/EngineMaterials/Substrate/Glints2/dict_0003_0219.uasset" 8440
"../../../Engine/Content/EngineMaterials/Substrate/Glints2/dict_0003_0211.uasset" 8441
"../../../Engine/Content/EngineMaterials/Substrate/Glints2/dict_0003_0220.uasset" 8442
"../../../Engine/Content/EngineMaterials/Substrate/Glints2/dict_0003_0223.uasset" 8443
"../../../Engine/Content/EngineMaterials/Substrate/Glints2/dict_0003_0222.uasset" 8444
"../../../Engine/Content/EngineMaterials/Substrate/Glints2/dict_0003_0224.uasset" 8445
"../../../Engine/Content/EngineMaterials/Substrate/Glints2/dict_0003_0215.uasset" 8446
"/Engine/EngineMaterials/Substrate/Glints2/dict_0003_0207" 8447
"../../../Engine/Content/EngineMaterials/Substrate/Glints2/dict_0003_0217.uasset" 8448
"../../../Engine/Content/EngineMaterials/Substrate/Glints2/dict_0003_0216.uasset" 8449
"../../../Engine/Content/EngineMaterials/Substrate/Glints2/dict_0003_0213.uasset" 8450
"/Engine/EngineMaterials/Substrate/Glints2/dict_0003_0209" 8451
"/Engine/EngineMaterials/Substrate/Glints2/dict_0003_0206" 8452
"/Engine/EngineMaterials/Substrate/Glints2/dict_0003_0205" 8453
"/Engine/EngineMaterials/Substrate/Glints2/dict_0003_0204" 8454
"/Engine/EngineMaterials/Substrate/Glints2/dict_0003_0203" 8455
"/Engine/EngineMaterials/Substrate/Glints2/dict_0003_0224" 8456
"../../../Engine/Content/EngineMaterials/Substrate/Glints2/dict_0003_0214.uasset" 8457
"../../../Engine/Content/EngineMaterials/Substrate/Glints2/dict_0003_0229.uasset" 8458
"../../../Engine/Content/EngineMaterials/Substrate/Glints2/dict_0003_0226.uasset" 8459
"/Engine/EngineMaterials/Substrate/Glints2/dict_0003_0223" 8460
"../../../Engine/Content/EngineMaterials/Substrate/Glints2/dict_0003_0221.uasset" 8461
"../../../Engine/Content/EngineMaterials/Substrate/Glints2/dict_0003_0212.uasset" 8462
"../../../Engine/Content/EngineMaterials/Substrate/Glints2/dict_0003_0218.uasset" 8463
"../../../Engine/Content/EngineMaterials/Substrate/Glints2/dict_0003_0231.uasset" 8464
"/Engine/EngineMaterials/Substrate/Glints2/dict_0003_0222" 8465
"/Engine/EngineMaterials/Substrate/Glints2/dict_0003_0220" 8466
"/Engine/EngineMaterials/Substrate/Glints2/dict_0003_0219" 8467
"/Engine/EngineMaterials/Substrate/Glints2/dict_0003_0217" 8468
"/Engine/EngineMaterials/Substrate/Glints2/dict_0003_0216" 8469
"/Engine/EngineMaterials/Substrate/Glints2/dict_0003_0215" 8470
"/Engine/EngineMaterials/Substrate/Glints2/dict_0003_0213" 8471
"/Engine/EngineMaterials/Substrate/Glints2/dict_0003_0211" 8472
"/Engine/EngineMaterials/Substrate/Glints2/dict_0003_0231" 8473
"/Engine/EngineMaterials/Substrate/Glints2/dict_0003_0229" 8474
"/Engine/EngineMaterials/Substrate/Glints2/dict_0003_0226" 8475
"../../../Engine/Content/EngineMaterials/Substrate/Glints2/dict_0003_0238.uasset" 8476
"../../../Engine/Content/EngineMaterials/Substrate/Glints2/dict_0003_0235.uasset" 8477
"../../../Engine/Content/EngineMaterials/Substrate/Glints2/dict_0003_0228.uasset" 8478
"../../../Engine/Content/EngineMaterials/Substrate/Glints2/dict_0003_0225.uasset" 8479
"../../../Engine/Content/EngineMaterials/Substrate/Glints2/dict_0003_0237.uasset" 8480
"../../../Engine/Content/EngineMaterials/Substrate/Glints2/dict_0003_0227.uasset" 8481
"/Engine/EngineMaterials/Substrate/Glints2/dict_0003_0221" 8482
"/Engine/EngineMaterials/Substrate/Glints2/dict_0003_0218" 8483
"/Engine/EngineMaterials/Substrate/Glints2/dict_0003_0214" 8484
"/Engine/EngineMaterials/Substrate/Glints2/dict_0003_0212" 8485
"/Engine/EngineMaterials/Substrate/Glints2/dict_0003_0238" 8486
"../../../Engine/Content/EngineMaterials/Substrate/Glints2/dict_0003_0230.uasset" 8487
"../../../Engine/Content/EngineMaterials/Substrate/Glints2/dict_0003_0241.uasset" 8488
"../../../Engine/Content/EngineMaterials/Substrate/Glints2/dict_0003_0236.uasset" 8489
"/Engine/EngineMaterials/Substrate/Glints2/dict_0003_0237" 8490
"../../../Engine/Content/EngineMaterials/Substrate/Glints2/dict_0003_0243.uasset" 8491
"../../../Engine/Content/EngineMaterials/Substrate/Glints2/dict_0003_0245.uasset" 8492
"../../../Engine/Content/EngineMaterials/Substrate/Glints2/dict_0003_0244.uasset" 8493
"/Engine/EngineMaterials/Substrate/Glints2/dict_0003_0235" 8494
"../../../Engine/Content/EngineMaterials/Substrate/Glints2/dict_0003_0239.uasset" 8495
"/Engine/EngineMaterials/Substrate/Glints2/dict_0003_0228" 8496
"/Engine/EngineMaterials/Substrate/Glints2/dict_0003_0227" 8497
"/Engine/EngineMaterials/Substrate/Glints2/dict_0003_0225" 8498
"/Engine/EngineMaterials/Substrate/Glints2/dict_0003_0241" 8499
"../../../Engine/Content/EngineMaterials/Substrate/Glints2/dict_0003_0242.uasset" 8500
"/Engine/EngineMaterials/Substrate/Glints2/dict_0003_0239" 8501
"../../../Engine/Content/EngineMaterials/Substrate/Glints2/dict_0003_0246.uasset" 8502
"/Engine/EngineMaterials/Substrate/Glints2/dict_0003_0236" 8503
"/Engine/EngineMaterials/Substrate/Glints2/dict_0003_0230" 8504
"/Engine/EngineMaterials/Substrate/Glints2/dict_0003_0245" 8505
"/Engine/EngineMaterials/Substrate/Glints2/dict_0003_0244" 8506
"/Engine/EngineMaterials/Substrate/Glints2/dict_0003_0243" 8507
"/Engine/EngineMaterials/Substrate/Glints2/dict_0003_0242" 8508
"/Engine/EngineMaterials/Substrate/Glints2/dict_0003_0246" 8509
"../../../Engine/Content/EngineMaterials/Substrate/Glints2/dict_0003_0249.uasset" 8510
"../../../Engine/Content/EngineMaterials/Substrate/Glints2/dict_0003_0251.uasset" 8511
"../../../Engine/Content/EngineMaterials/Substrate/Glints2/dict_0003_0253.uasset" 8512
"../../../Engine/Content/EngineMaterials/Substrate/Glints2/dict_0003_0247.uasset" 8513
"../../../Engine/Content/EngineMaterials/Substrate/Glints2/dict_0003_0255.uasset" 8514
"../../../Engine/Content/EngineMaterials/Substrate/Glints2/dict_0003_0248.uasset" 8515
"../../../Engine/Content/EngineMaterials/Substrate/Glints2/dict_0003_0240.uasset" 8516
"../../../Engine/Content/EngineMaterials/Substrate/Glints2/dict_0003_0254.uasset" 8517
"../../../Engine/Content/EngineMaterials/Substrate/Glints2/dict_0003_0252.uasset" 8518
"../../../Engine/Content/EngineMaterials/Substrate/Glints2/dict_0003_0233.uasset" 8519
"../../../Engine/Content/EngineMaterials/Substrate/Glints2/dict_0003_0234.uasset" 8520
"../../../Engine/Content/EngineMaterials/Substrate/Glints2/dict_0004_0003.uasset" 8521
"../../../Engine/Content/EngineMaterials/Substrate/Glints2/dict_0004_0002.uasset" 8522
"../../../Engine/Content/EngineMaterials/Substrate/Glints2/dict_0004_0005.uasset" 8523
"../../../Engine/Content/EngineMaterials/Substrate/Glints2/dict_0003_0232.uasset" 8524
"../../../Engine/Content/EngineMaterials/Substrate/Glints2/dict_0004_0001.uasset" 8525
"../../../Engine/Content/EngineMaterials/Substrate/Glints2/dict_0004_0000.uasset" 8526
"../../../Engine/Content/EngineMaterials/Substrate/Glints2/dict_0004_0006.uasset" 8527
"../../../Engine/Content/EngineMaterials/Substrate/Glints2/dict_0004_0009.uasset" 8528
"../../../Engine/Content/EngineMaterials/Substrate/Glints2/dict_0004_0004.uasset" 8529
"../../../Engine/Content/EngineMaterials/Substrate/Glints2/dict_0004_0014.uasset" 8530
"../../../Engine/Content/EngineMaterials/Substrate/Glints2/dict_0004_0012.uasset" 8531
"../../../Engine/Content/EngineMaterials/Substrate/Glints2/dict_0004_0015.uasset" 8532
"../../../Engine/Content/EngineMaterials/Substrate/Glints2/dict_0004_0007.uasset" 8533
"../../../Engine/Content/EngineMaterials/Substrate/Glints2/dict_0004_0010.uasset" 8534
"../../../Engine/Content/EngineMaterials/Substrate/Glints2/dict_0004_0013.uasset" 8535
"../../../Engine/Content/EngineMaterials/Substrate/Glints2/dict_0004_0008.uasset" 8536
"../../../Engine/Content/EngineMaterials/Substrate/Glints2/dict_0004_0011.uasset" 8537
"/Engine/EngineMaterials/Substrate/Glints2/dict_0003_0240" 8538
"../../../Engine/Content/EngineMaterials/Substrate/Glints2/dict_0004_0016.uasset" 8539
"../../../Engine/Content/EngineMaterials/Substrate/Glints2/dict_0003_0250.uasset" 8540
"/Engine/EngineMaterials/Substrate/Glints2/dict_0004_0015" 8541
"../../../Engine/Content/EngineMaterials/Substrate/Glints2/dict_0004_0018.uasset" 8542
"/Engine/EngineMaterials/Substrate/Glints2/dict_0004_0009" 8543
"/Engine/EngineMaterials/Substrate/Glints2/dict_0004_0014" 8544
"/Engine/EngineMaterials/Substrate/Glints2/dict_0004_0007" 8545
"/Engine/EngineMaterials/Substrate/Glints2/dict_0003_0234" 8546
"../../../Engine/Content/EngineMaterials/Substrate/Glints2/dict_0004_0017.uasset" 8547
"/Engine/EngineMaterials/Substrate/Glints2/dict_0003_0233" 8548
"/Engine/EngineMaterials/Substrate/Glints2/dict_0003_0232" 8549
"/Engine/EngineMaterials/Substrate/Glints2/dict_0004_0003" 8550
"/Engine/EngineMaterials/Substrate/Glints2/dict_0004_0013" 8551
"/Engine/EngineMaterials/Substrate/Glints2/dict_0004_0002" 8552
"/Engine/EngineMaterials/Substrate/Glints2/dict_0004_0006" 8553
"/Engine/EngineMaterials/Substrate/Glints2/dict_0004_0005" 8554
"/Engine/EngineMaterials/Substrate/Glints2/dict_0004_0001" 8555
"/Engine/EngineMaterials/Substrate/Glints2/dict_0004_0004" 8556
"/Engine/EngineMaterials/Substrate/Glints2/dict_0003_0252" 8557
"/Engine/EngineMaterials/Substrate/Glints2/dict_0003_0251" 8558
"/Engine/EngineMaterials/Substrate/Glints2/dict_0004_0000" 8559
"/Engine/EngineMaterials/Substrate/Glints2/dict_0003_0249" 8560
"/Engine/EngineMaterials/Substrate/Glints2/dict_0003_0248" 8561
"/Engine/EngineMaterials/Substrate/Glints2/dict_0003_0255" 8562
"/Engine/EngineMaterials/Substrate/Glints2/dict_0003_0247" 8563
"/Engine/EngineMaterials/Substrate/Glints2/dict_0004_0012" 8564
"/Engine/EngineMaterials/Substrate/Glints2/dict_0003_0254" 8565
"/Engine/EngineMaterials/Substrate/Glints2/dict_0004_0011" 8566
"/Engine/EngineMaterials/Substrate/Glints2/dict_0003_0253" 8567
"/Engine/EngineMaterials/Substrate/Glints2/dict_0004_0010" 8568
"/Engine/EngineMaterials/Substrate/Glints2/dict_0004_0018" 8569
"/Engine/EngineMaterials/Substrate/Glints2/dict_0004_0016" 8570
"/Engine/EngineMaterials/Substrate/Glints2/dict_0004_0008" 8571
"/Engine/EngineMaterials/Substrate/Glints2/dict_0003_0250" 8572
"/Engine/EngineMaterials/Substrate/Glints2/dict_0004_0017" 8573
"../../../Engine/Content/EngineMaterials/Substrate/Glints2/dict_0004_0030.uasset" 8574
"../../../Engine/Content/EngineMaterials/Substrate/Glints2/dict_0004_0028.uasset" 8575
"../../../Engine/Content/EngineMaterials/Substrate/Glints2/dict_0004_0029.uasset" 8576
"../../../Engine/Content/EngineMaterials/Substrate/Glints2/dict_0004_0026.uasset" 8577
"../../../Engine/Content/EngineMaterials/Substrate/Glints2/dict_0004_0021.uasset" 8578
"../../../Engine/Content/EngineMaterials/Substrate/Glints2/dict_0004_0023.uasset" 8579
"../../../Engine/Content/EngineMaterials/Substrate/Glints2/dict_0004_0027.uasset" 8580
"../../../Engine/Content/EngineMaterials/Substrate/Glints2/dict_0004_0024.uasset" 8581
"../../../Engine/Content/EngineMaterials/Substrate/Glints2/dict_0004_0020.uasset" 8582
"../../../Engine/Content/EngineMaterials/Substrate/Glints2/dict_0004_0019.uasset" 8583
"../../../Engine/Content/EngineMaterials/Substrate/Glints2/dict_0004_0035.uasset" 8584
"../../../Engine/Content/EngineMaterials/Substrate/Glints2/dict_0004_0031.uasset" 8585
"../../../Engine/Content/EngineMaterials/Substrate/Glints2/dict_0004_0041.uasset" 8586
"../../../Engine/Content/EngineMaterials/Substrate/Glints2/dict_0004_0037.uasset" 8587
"../../../Engine/Content/EngineMaterials/Substrate/Glints2/dict_0004_0040.uasset" 8588
"../../../Engine/Content/EngineMaterials/Substrate/Glints2/dict_0004_0025.uasset" 8589
"../../../Engine/Content/EngineMaterials/Substrate/Glints2/dict_0004_0033.uasset" 8590
"../../../Engine/Content/EngineMaterials/Substrate/Glints2/dict_0004_0034.uasset" 8591
"../../../Engine/Content/EngineMaterials/Substrate/Glints2/dict_0004_0022.uasset" 8592
"../../../Engine/Content/EngineMaterials/Substrate/Glints2/dict_0004_0043.uasset" 8593
"../../../Engine/Content/EngineMaterials/Substrate/Glints2/dict_0004_0036.uasset" 8594
"/Engine/EngineMaterials/Substrate/Glints2/dict_0004_0041" 8595
"../../../Engine/Content/EngineMaterials/Substrate/Glints2/dict_0004_0047.uasset" 8596
"../../../Engine/Content/EngineMaterials/Substrate/Glints2/dict_0004_0032.uasset" 8597
"../../../Engine/Content/EngineMaterials/Substrate/Glints2/dict_0004_0038.uasset" 8598
"/Engine/EngineMaterials/Substrate/Glints2/dict_0004_0040" 8599
"/Engine/EngineMaterials/Substrate/Glints2/dict_0004_0037" 8600
"../../../Engine/Content/EngineMaterials/Substrate/Glints2/dict_0004_0045.uasset" 8601
"/Engine/EngineMaterials/Substrate/Glints2/dict_0004_0035" 8602
"../../../Engine/Content/EngineMaterials/Substrate/Glints2/dict_0004_0050.uasset" 8603
"../../../Engine/Content/EngineMaterials/Substrate/Glints2/dict_0004_0044.uasset" 8604
"/Engine/EngineMaterials/Substrate/Glints2/dict_0004_0034" 8605
"../../../Engine/Content/EngineMaterials/Substrate/Glints2/dict_0004_0049.uasset" 8606
"/Engine/EngineMaterials/Substrate/Glints2/dict_0004_0033" 8607
"/Engine/EngineMaterials/Substrate/Glints2/dict_0004_0031" 8608
"/Engine/EngineMaterials/Substrate/Glints2/dict_0004_0030" 8609
"../../../Engine/Content/EngineMaterials/Substrate/Glints2/dict_0004_0046.uasset" 8610
"../../../Engine/Content/EngineMaterials/Substrate/Glints2/dict_0004_0042.uasset" 8611
"/Engine/EngineMaterials/Substrate/Glints2/dict_0004_0029" 8612
"/Engine/EngineMaterials/Substrate/Glints2/dict_0004_0028" 8613
"/Engine/EngineMaterials/Substrate/Glints2/dict_0004_0027" 8614
"/Engine/EngineMaterials/Substrate/Glints2/dict_0004_0026" 8615
"/Engine/EngineMaterials/Substrate/Glints2/dict_0004_0025" 8616
"../../../Engine/Content/EngineMaterials/Substrate/Glints2/dict_0004_0039.uasset" 8617
"/Engine/EngineMaterials/Substrate/Glints2/dict_0004_0024" 8618
"/Engine/EngineMaterials/Substrate/Glints2/dict_0004_0023" 8619
"/Engine/EngineMaterials/Substrate/Glints2/dict_0004_0022" 8620
"/Engine/EngineMaterials/Substrate/Glints2/dict_0004_0021" 8621
"/Engine/EngineMaterials/Substrate/Glints2/dict_0004_0020" 8622
"/Engine/EngineMaterials/Substrate/Glints2/dict_0004_0019" 8623
"/Engine/EngineMaterials/Substrate/Glints2/dict_0004_0050" 8624
"/Engine/EngineMaterials/Substrate/Glints2/dict_0004_0049" 8625
"/Engine/EngineMaterials/Substrate/Glints2/dict_0004_0045" 8626
"/Engine/EngineMaterials/Substrate/Glints2/dict_0004_0044" 8627
"/Engine/EngineMaterials/Substrate/Glints2/dict_0004_0043" 8628
"/Engine/EngineMaterials/Substrate/Glints2/dict_0004_0042" 8629
"/Engine/EngineMaterials/Substrate/Glints2/dict_0004_0039" 8630
"/Engine/EngineMaterials/Substrate/Glints2/dict_0004_0038" 8631
"/Engine/EngineMaterials/Substrate/Glints2/dict_0004_0036" 8632
"/Engine/EngineMaterials/Substrate/Glints2/dict_0004_0032" 8633
"/Engine/EngineMaterials/Substrate/Glints2/dict_0004_0047" 8634
"/Engine/EngineMaterials/Substrate/Glints2/dict_0004_0046" 8635
"../../../Engine/Content/EngineMaterials/Substrate/Glints2/dict_0004_0057.uasset" 8636
"../../../Engine/Content/EngineMaterials/Substrate/Glints2/dict_0004_0058.uasset" 8637
"../../../Engine/Content/EngineMaterials/Substrate/Glints2/dict_0004_0048.uasset" 8638
"../../../Engine/Content/EngineMaterials/Substrate/Glints2/dict_0004_0055.uasset" 8639
"../../../Engine/Content/EngineMaterials/Substrate/Glints2/dict_0004_0062.uasset" 8640
"../../../Engine/Content/EngineMaterials/Substrate/Glints2/dict_0004_0056.uasset" 8641
"../../../Engine/Content/EngineMaterials/Substrate/Glints2/dict_0004_0053.uasset" 8642
"../../../Engine/Content/EngineMaterials/Substrate/Glints2/dict_0004_0051.uasset" 8643
"../../../Engine/Content/EngineMaterials/Substrate/Glints2/dict_0004_0063.uasset" 8644
"../../../Engine/Content/EngineMaterials/Substrate/Glints2/dict_0004_0059.uasset" 8645
"/Engine/EngineMaterials/Substrate/Glints2/dict_0004_0048" 8646
"../../../Engine/Content/EngineMaterials/Substrate/Glints2/dict_0004_0069.uasset" 8647
"../../../Engine/Content/EngineMaterials/Substrate/Glints2/dict_0004_0065.uasset" 8648
"../../../Engine/Content/EngineMaterials/Substrate/Glints2/dict_0004_0067.uasset" 8649
"../../../Engine/Content/EngineMaterials/Substrate/Glints2/dict_0004_0068.uasset" 8650
"../../../Engine/Content/EngineMaterials/Substrate/Glints2/dict_0004_0071.uasset" 8651
"../../../Engine/Content/EngineMaterials/Substrate/Glints2/dict_0004_0064.uasset" 8652
"/Engine/EngineMaterials/Substrate/Glints2/dict_0004_0063" 8653
"../../../Engine/Content/EngineMaterials/Substrate/Glints2/dict_0004_0060.uasset" 8654
"/Engine/EngineMaterials/Substrate/Glints2/dict_0004_0062" 8655
"/Engine/EngineMaterials/Substrate/Glints2/dict_0004_0059" 8656
"/Engine/EngineMaterials/Substrate/Glints2/dict_0004_0058" 8657
"/Engine/EngineMaterials/Substrate/Glints2/dict_0004_0057" 8658
"/Engine/EngineMaterials/Substrate/Glints2/dict_0004_0056" 8659
"/Engine/EngineMaterials/Substrate/Glints2/dict_0004_0055" 8660
"/Engine/EngineMaterials/Substrate/Glints2/dict_0004_0053" 8661
"/Engine/EngineMaterials/Substrate/Glints2/dict_0004_0051" 8662
"/Engine/EngineMaterials/Substrate/Glints2/dict_0004_0069" 8663
"/Engine/EngineMaterials/Substrate/Glints2/dict_0004_0068" 8664
"../../../Engine/Content/EngineMaterials/Substrate/Glints2/dict_0004_0073.uasset" 8665
"/Engine/EngineMaterials/Substrate/Glints2/dict_0004_0067" 8666
"/Engine/EngineMaterials/Substrate/Glints2/dict_0004_0065" 8667
"/Engine/EngineMaterials/Substrate/Glints2/dict_0004_0064" 8668
"/Engine/EngineMaterials/Substrate/Glints2/dict_0004_0071" 8669
"/Engine/EngineMaterials/Substrate/Glints2/dict_0004_0060" 8670
"/Engine/EngineMaterials/Substrate/Glints2/dict_0004_0073" 8671
"../../../Engine/Content/EngineMaterials/Substrate/Glints2/dict_0004_0074.uasset" 8672
"../../../Engine/Content/EngineMaterials/Substrate/Glints2/dict_0004_0076.uasset" 8673
"../../../Engine/Content/EngineMaterials/Substrate/Glints2/dict_0004_0078.uasset" 8674
"../../../Engine/Content/EngineMaterials/Substrate/Glints2/dict_0004_0075.uasset" 8675
"../../../Engine/Content/EngineMaterials/Substrate/Glints2/dict_0004_0079.uasset" 8676
"../../../Engine/Content/EngineMaterials/Substrate/Glints2/dict_0004_0077.uasset" 8677
"../../../Engine/Content/EngineMaterials/Substrate/Glints2/dict_0004_0084.uasset" 8678
"../../../Engine/Content/EngineMaterials/Substrate/Glints2/dict_0004_0082.uasset" 8679
"../../../Engine/Content/EngineMaterials/Substrate/Glints2/dict_0004_0083.uasset" 8680
"../../../Engine/Content/EngineMaterials/Substrate/Glints2/dict_0004_0070.uasset" 8681
"../../../Engine/Content/EngineMaterials/Substrate/Glints2/dict_0004_0081.uasset" 8682
"../../../Engine/Content/EngineMaterials/Substrate/Glints2/dict_0004_0080.uasset" 8683
"../../../Engine/Content/EngineMaterials/Substrate/Glints2/dict_0004_0066.uasset" 8684
"../../../Engine/Content/EngineMaterials/Substrate/Glints2/dict_0004_0089.uasset" 8685
"../../../Engine/Content/EngineMaterials/Substrate/Glints2/dict_0004_0088.uasset" 8686
"../../../Engine/Content/EngineMaterials/Substrate/Glints2/dict_0004_0085.uasset" 8687
"../../../Engine/Content/EngineMaterials/Substrate/Glints2/dict_0004_0052.uasset" 8688
"/Engine/EngineMaterials/Substrate/Glints2/dict_0004_0081" 8689
"../../../Engine/Content/EngineMaterials/Substrate/Glints2/dict_0004_0061.uasset" 8690
"../../../Engine/Content/EngineMaterials/Substrate/Glints2/dict_0004_0087.uasset" 8691
"../../../Engine/Content/EngineMaterials/Substrate/Glints2/dict_0004_0086.uasset" 8692
"/Engine/EngineMaterials/Substrate/Glints2/dict_0004_0080" 8693
"/Engine/EngineMaterials/Substrate/Glints2/dict_0004_0079" 8694
"/Engine/EngineMaterials/Substrate/Glints2/dict_0004_0078" 8695
"/Engine/EngineMaterials/Substrate/Glints2/dict_0004_0077" 8696
"/Engine/EngineMaterials/Substrate/Glints2/dict_0004_0076" 8697
"/Engine/EngineMaterials/Substrate/Glints2/dict_0004_0075" 8698
"/Engine/EngineMaterials/Substrate/Glints2/dict_0004_0074" 8699
"../../../Engine/Content/EngineMaterials/Substrate/Glints2/dict_0004_0097.uasset" 8700
"../../../Engine/Content/EngineMaterials/Substrate/Glints2/dict_0004_0095.uasset" 8701
"/Engine/EngineMaterials/Substrate/Glints2/dict_0004_0066" 8702
"../../../Engine/Content/EngineMaterials/Substrate/Glints2/dict_0004_0090.uasset" 8703
"../../../Engine/Content/EngineMaterials/Substrate/Glints2/dict_0004_0072.uasset" 8704
"/Engine/EngineMaterials/Substrate/Glints2/dict_0004_0089" 8705
"/Engine/EngineMaterials/Substrate/Glints2/dict_0004_0088" 8706
"../../../Engine/Content/EngineMaterials/Substrate/Glints2/dict_0004_0091.uasset" 8707
"/Engine/EngineMaterials/Substrate/Glints2/dict_0004_0085" 8708
"../../../Engine/Content/EngineMaterials/Substrate/Glints2/dict_0004_0054.uasset" 8709
"/Engine/EngineMaterials/Substrate/Glints2/dict_0004_0070" 8710
"/Engine/EngineMaterials/Substrate/Glints2/dict_0004_0084" 8711
"../../../Engine/Content/EngineMaterials/Substrate/Glints2/dict_0004_0092.uasset" 8712
"/Engine/EngineMaterials/Substrate/Glints2/dict_0004_0083" 8713
"/Engine/EngineMaterials/Substrate/Glints2/dict_0004_0052" 8714
"/Engine/EngineMaterials/Substrate/Glints2/dict_0004_0082" 8715
"../../../Engine/Content/EngineMaterials/Substrate/Glints2/dict_0004_0096.uasset" 8716
"../../../Engine/Content/EngineMaterials/Substrate/Glints2/dict_0004_0098.uasset" 8717
"/Engine/EngineMaterials/Substrate/Glints2/dict_0004_0091" 8718
"../../../Engine/Content/EngineMaterials/Substrate/Glints2/dict_0004_0099.uasset" 8719
"/Engine/EngineMaterials/Substrate/Glints2/dict_0004_0097" 8720
"/Engine/EngineMaterials/Substrate/Glints2/dict_0004_0096" 8721
"/Engine/EngineMaterials/Substrate/Glints2/dict_0004_0095" 8722
"/Engine/EngineMaterials/Substrate/Glints2/dict_0004_0072" 8723
"/Engine/EngineMaterials/Substrate/Glints2/dict_0004_0090" 8724
"/Engine/EngineMaterials/Substrate/Glints2/dict_0004_0061" 8725
"/Engine/EngineMaterials/Substrate/Glints2/dict_0004_0092" 8726
"/Engine/EngineMaterials/Substrate/Glints2/dict_0004_0087" 8727
"/Engine/EngineMaterials/Substrate/Glints2/dict_0004_0086" 8728
"/Engine/EngineMaterials/Substrate/Glints2/dict_0004_0054" 8729
"/Engine/EngineMaterials/Substrate/Glints2/dict_0004_0098" 8730
"/Engine/EngineMaterials/Substrate/Glints2/dict_0004_0099" 8731
"../../../Engine/Content/EngineMaterials/Substrate/Glints2/dict_0004_0093.uasset" 8732
"../../../Engine/Content/EngineMaterials/Substrate/Glints2/dict_0004_0100.uasset" 8733
"../../../Engine/Content/EngineMaterials/Substrate/Glints2/dict_0004_0104.uasset" 8734
"../../../Engine/Content/EngineMaterials/Substrate/Glints2/dict_0004_0106.uasset" 8735
"../../../Engine/Content/EngineMaterials/Substrate/Glints2/dict_0004_0103.uasset" 8736
"../../../Engine/Content/EngineMaterials/Substrate/Glints2/dict_0004_0102.uasset" 8737
"../../../Engine/Content/EngineMaterials/Substrate/Glints2/dict_0004_0101.uasset" 8738
"../../../Engine/Content/EngineMaterials/Substrate/Glints2/dict_0004_0094.uasset" 8739
"../../../Engine/Content/EngineMaterials/Substrate/Glints2/dict_0004_0108.uasset" 8740
"../../../Engine/Content/EngineMaterials/Substrate/Glints2/dict_0004_0112.uasset" 8741
"../../../Engine/Content/EngineMaterials/Substrate/Glints2/dict_0004_0117.uasset" 8742
"../../../Engine/Content/EngineMaterials/Substrate/Glints2/dict_0004_0114.uasset" 8743
"../../../Engine/Content/EngineMaterials/Substrate/Glints2/dict_0004_0107.uasset" 8744
"../../../Engine/Content/EngineMaterials/Substrate/Glints2/dict_0004_0105.uasset" 8745
"../../../Engine/Content/EngineMaterials/Substrate/Glints2/dict_0004_0109.uasset" 8746
"../../../Engine/Content/EngineMaterials/Substrate/Glints2/dict_0004_0111.uasset" 8747
"../../../Engine/Content/EngineMaterials/Substrate/Glints2/dict_0004_0116.uasset" 8748
"../../../Engine/Content/EngineMaterials/Substrate/Glints2/dict_0004_0113.uasset" 8749
"../../../Engine/Content/EngineMaterials/Substrate/Glints2/dict_0004_0118.uasset" 8750
"/Engine/EngineMaterials/Substrate/Glints2/dict_0004_0116" 8751
"../../../Engine/Content/EngineMaterials/Substrate/Glints2/dict_0004_0115.uasset" 8752
"../../../Engine/Content/EngineMaterials/Substrate/Glints2/dict_0004_0110.uasset" 8753
"/Engine/EngineMaterials/Substrate/Glints2/dict_0004_0114" 8754
"../../../Engine/Content/EngineMaterials/Substrate/Glints2/dict_0004_0119.uasset" 8755
"/Engine/EngineMaterials/Substrate/Glints2/dict_0004_0112" 8756
"/Engine/EngineMaterials/Substrate/Glints2/dict_0004_0111" 8757
"/Engine/EngineMaterials/Substrate/Glints2/dict_0004_0109" 8758
"/Engine/EngineMaterials/Substrate/Glints2/dict_0004_0108" 8759
"/Engine/EngineMaterials/Substrate/Glints2/dict_0004_0094" 8760
"../../../Engine/Content/EngineMaterials/Substrate/Glints2/dict_0004_0120.uasset" 8761
"../../../Engine/Content/EngineMaterials/Substrate/Glints2/dict_0004_0122.uasset" 8762
"/Engine/EngineMaterials/Substrate/Glints2/dict_0004_0107" 8763
"/Engine/EngineMaterials/Substrate/Glints2/dict_0004_0093" 8764
"/Engine/EngineMaterials/Substrate/Glints2/dict_0004_0106" 8765
"/Engine/EngineMaterials/Substrate/Glints2/dict_0004_0105" 8766
"../../../Engine/Content/EngineMaterials/Substrate/Glints2/dict_0004_0121.uasset" 8767
"/Engine/EngineMaterials/Substrate/Glints2/dict_0004_0104" 8768
"/Engine/EngineMaterials/Substrate/Glints2/dict_0004_0103" 8769
"../../../Engine/Content/EngineMaterials/Substrate/Glints2/dict_0004_0127.uasset" 8770
"../../../Engine/Content/EngineMaterials/Substrate/Glints2/dict_0004_0129.uasset" 8771
"/Engine/EngineMaterials/Substrate/Glints2/dict_0004_0117" 8772
"../../../Engine/Content/EngineMaterials/Substrate/Glints2/dict_0004_0128.uasset" 8773
"/Engine/EngineMaterials/Substrate/Glints2/dict_0004_0102" 8774
"/Engine/EngineMaterials/Substrate/Glints2/dict_0004_0101" 8775
"/Engine/EngineMaterials/Substrate/Glints2/dict_0004_0100" 8776
"../../../Engine/Content/EngineMaterials/Substrate/Glints2/dict_0004_0126.uasset" 8777
"../../../Engine/Content/EngineMaterials/Substrate/Glints2/dict_0004_0123.uasset" 8778
"/Engine/EngineMaterials/Substrate/Glints2/dict_0004_0115" 8779
"/Engine/EngineMaterials/Substrate/Glints2/dict_0004_0113" 8780
"/Engine/EngineMaterials/Substrate/Glints2/dict_0004_0127" 8781
"../../../Engine/Content/EngineMaterials/Substrate/Glints2/dict_0004_0124.uasset" 8782
"/Engine/EngineMaterials/Substrate/Glints2/dict_0004_0129" 8783
"/Engine/EngineMaterials/Substrate/Glints2/dict_0004_0126" 8784
"/Engine/EngineMaterials/Substrate/Glints2/dict_0004_0110" 8785
"/Engine/EngineMaterials/Substrate/Glints2/dict_0004_0128" 8786
"/Engine/EngineMaterials/Substrate/Glints2/dict_0004_0123" 8787
"/Engine/EngineMaterials/Substrate/Glints2/dict_0004_0122" 8788
"/Engine/EngineMaterials/Substrate/Glints2/dict_0004_0121" 8789
"/Engine/EngineMaterials/Substrate/Glints2/dict_0004_0120" 8790
"/Engine/EngineMaterials/Substrate/Glints2/dict_0004_0119" 8791
"/Engine/EngineMaterials/Substrate/Glints2/dict_0004_0118" 8792
"/Engine/EngineMaterials/Substrate/Glints2/dict_0004_0124" 8793
"../../../Engine/Content/EngineMaterials/Substrate/Glints2/dict_0004_0140.uasset" 8794
"../../../Engine/Content/EngineMaterials/Substrate/Glints2/dict_0004_0137.uasset" 8795
"../../../Engine/Content/EngineMaterials/Substrate/Glints2/dict_0004_0133.uasset" 8796
"../../../Engine/Content/EngineMaterials/Substrate/Glints2/dict_0004_0130.uasset" 8797
"../../../Engine/Content/EngineMaterials/Substrate/Glints2/dict_0004_0135.uasset" 8798
"../../../Engine/Content/EngineMaterials/Substrate/Glints2/dict_0004_0141.uasset" 8799
"../../../Engine/Content/EngineMaterials/Substrate/Glints2/dict_0004_0125.uasset" 8800
"../../../Engine/Content/EngineMaterials/Substrate/Glints2/dict_0004_0132.uasset" 8801
"../../../Engine/Content/EngineMaterials/Substrate/Glints2/dict_0004_0134.uasset" 8802
"../../../Engine/Content/EngineMaterials/Substrate/Glints2/dict_0004_0139.uasset" 8803
"../../../Engine/Content/EngineMaterials/Substrate/Glints2/dict_0004_0142.uasset" 8804
"../../../Engine/Content/EngineMaterials/Substrate/Glints2/dict_0004_0138.uasset" 8805
"../../../Engine/Content/EngineMaterials/Substrate/Glints2/dict_0004_0146.uasset" 8806
"../../../Engine/Content/EngineMaterials/Substrate/Glints2/dict_0004_0131.uasset" 8807
"../../../Engine/Content/EngineMaterials/Substrate/Glints2/dict_0004_0147.uasset" 8808
"../../../Engine/Content/EngineMaterials/Substrate/Glints2/dict_0004_0136.uasset" 8809
"../../../Engine/Content/EngineMaterials/Substrate/Glints2/dict_0004_0144.uasset" 8810
"../../../Engine/Content/EngineMaterials/Substrate/Glints2/dict_0004_0143.uasset" 8811
"../../../Engine/Content/EngineMaterials/Substrate/Glints2/dict_0004_0151.uasset" 8812
"../../../Engine/Content/EngineMaterials/Substrate/Glints2/dict_0004_0145.uasset" 8813
"../../../Engine/Content/EngineMaterials/Substrate/Glints2/dict_0004_0150.uasset" 8814
"/Engine/EngineMaterials/Substrate/Glints2/dict_0004_0146" 8815
"../../../Engine/Content/EngineMaterials/Substrate/Glints2/dict_0004_0154.uasset" 8816
"../../../Engine/Content/EngineMaterials/Substrate/Glints2/dict_0004_0152.uasset" 8817
"../../../Engine/Content/EngineMaterials/Substrate/Glints2/dict_0004_0153.uasset" 8818
"../../../Engine/Content/EngineMaterials/Substrate/Glints2/dict_0004_0148.uasset" 8819
"../../../Engine/Content/EngineMaterials/Substrate/Glints2/dict_0004_0149.uasset" 8820
"/Engine/EngineMaterials/Substrate/Glints2/dict_0004_0145" 8821
"/Engine/EngineMaterials/Substrate/Glints2/dict_0004_0144" 8822
"/Engine/EngineMaterials/Substrate/Glints2/dict_0004_0143" 8823
"/Engine/EngineMaterials/Substrate/Glints2/dict_0004_0142" 8824
"/Engine/EngineMaterials/Substrate/Glints2/dict_0004_0125" 8825
"/Engine/EngineMaterials/Substrate/Glints2/dict_0004_0141" 8826
"/Engine/EngineMaterials/Substrate/Glints2/dict_0004_0140" 8827
"../../../Engine/Content/EngineMaterials/Substrate/Glints2/dict_0004_0155.uasset" 8828
"../../../Engine/Content/EngineMaterials/Substrate/Glints2/dict_0004_0159.uasset" 8829
"/Engine/EngineMaterials/Substrate/Glints2/dict_0004_0151" 8830
"/Engine/EngineMaterials/Substrate/Glints2/dict_0004_0139" 8831
"/Engine/EngineMaterials/Substrate/Glints2/dict_0004_0150" 8832
"../../../Engine/Content/EngineMaterials/Substrate/Glints2/dict_0004_0156.uasset" 8833
"../../../Engine/Content/EngineMaterials/Substrate/Glints2/dict_0004_0158.uasset" 8834
"/Engine/EngineMaterials/Substrate/Glints2/dict_0004_0138" 8835
"/Engine/EngineMaterials/Substrate/Glints2/dict_0004_0137" 8836
"/Engine/EngineMaterials/Substrate/Glints2/dict_0004_0147" 8837
"../../../Engine/Content/EngineMaterials/Substrate/Glints2/dict_0004_0160.uasset" 8838
"../../../Engine/Content/EngineMaterials/Substrate/Glints2/dict_0004_0157.uasset" 8839
"/Engine/EngineMaterials/Substrate/Glints2/dict_0004_0136" 8840
"/Engine/EngineMaterials/Substrate/Glints2/dict_0004_0135" 8841
"/Engine/EngineMaterials/Substrate/Glints2/dict_0004_0134" 8842
"/Engine/EngineMaterials/Substrate/Glints2/dict_0004_0133" 8843
"/Engine/EngineMaterials/Substrate/Glints2/dict_0004_0132" 8844
"/Engine/EngineMaterials/Substrate/Glints2/dict_0004_0131" 8845
"/Engine/EngineMaterials/Substrate/Glints2/dict_0004_0130" 8846
"/Engine/EngineMaterials/Substrate/Glints2/dict_0004_0159" 8847
"/Engine/EngineMaterials/Substrate/Glints2/dict_0004_0158" 8848
"/Engine/EngineMaterials/Substrate/Glints2/dict_0004_0157" 8849
"/Engine/EngineMaterials/Substrate/Glints2/dict_0004_0156" 8850
"/Engine/EngineMaterials/Substrate/Glints2/dict_0004_0155" 8851
"/Engine/EngineMaterials/Substrate/Glints2/dict_0004_0154" 8852
"/Engine/EngineMaterials/Substrate/Glints2/dict_0004_0153" 8853
"/Engine/EngineMaterials/Substrate/Glints2/dict_0004_0160" 8854
"/Engine/EngineMaterials/Substrate/Glints2/dict_0004_0152" 8855
"/Engine/EngineMaterials/Substrate/Glints2/dict_0004_0149" 8856
"/Engine/EngineMaterials/Substrate/Glints2/dict_0004_0148" 8857
"../../../Engine/Content/EngineMaterials/Substrate/Glints2/dict_0004_0163.uasset" 8858
"../../../Engine/Content/EngineMaterials/Substrate/Glints2/dict_0004_0166.uasset" 8859
"../../../Engine/Content/EngineMaterials/Substrate/Glints2/dict_0004_0171.uasset" 8860
"../../../Engine/Content/EngineMaterials/Substrate/Glints2/dict_0004_0162.uasset" 8861
"../../../Engine/Content/EngineMaterials/Substrate/Glints2/dict_0004_0161.uasset" 8862
"../../../Engine/Content/EngineMaterials/Substrate/Glints2/dict_0004_0169.uasset" 8863
"../../../Engine/Content/EngineMaterials/Substrate/Glints2/dict_0004_0168.uasset" 8864
"../../../Engine/Content/EngineMaterials/Substrate/Glints2/dict_0004_0172.uasset" 8865
"../../../Engine/Content/EngineMaterials/Substrate/Glints2/dict_0004_0167.uasset" 8866
"../../../Engine/Content/EngineMaterials/Substrate/Glints2/dict_0004_0165.uasset" 8867
"../../../Engine/Content/EngineMaterials/Substrate/Glints2/dict_0004_0179.uasset" 8868
"../../../Engine/Content/EngineMaterials/Substrate/Glints2/dict_0004_0176.uasset" 8869
"../../../Engine/Content/EngineMaterials/Substrate/Glints2/dict_0004_0173.uasset" 8870
"../../../Engine/Content/EngineMaterials/Substrate/Glints2/dict_0004_0170.uasset" 8871
"../../../Engine/Content/EngineMaterials/Substrate/Glints2/dict_0004_0175.uasset" 8872
"../../../Engine/Content/EngineMaterials/Substrate/Glints2/dict_0004_0178.uasset" 8873
"../../../Engine/Content/EngineMaterials/Substrate/Glints2/dict_0004_0177.uasset" 8874
"../../../Engine/Content/EngineMaterials/Substrate/Glints2/dict_0004_0164.uasset" 8875
"../../../Engine/Content/EngineMaterials/Substrate/Glints2/dict_0004_0174.uasset" 8876
"/Engine/EngineMaterials/Substrate/Glints2/dict_0004_0179" 8877
"../../../Engine/Content/EngineMaterials/Substrate/Glints2/dict_0004_0186.uasset" 8878
"../../../Engine/Content/EngineMaterials/Substrate/Glints2/dict_0004_0185.uasset" 8879
"../../../Engine/Content/EngineMaterials/Substrate/Glints2/dict_0004_0181.uasset" 8880
"../../../Engine/Content/EngineMaterials/Substrate/Glints2/dict_0004_0180.uasset" 8881
"../../../Engine/Content/EngineMaterials/Substrate/Glints2/dict_0004_0183.uasset" 8882
"/Engine/EngineMaterials/Substrate/Glints2/dict_0004_0178" 8883
"../../../Engine/Content/EngineMaterials/Substrate/Glints2/dict_0004_0190.uasset" 8884
"../../../Engine/Content/EngineMaterials/Substrate/Glints2/dict_0004_0189.uasset" 8885
"../../../Engine/Content/EngineMaterials/Substrate/Glints2/dict_0004_0184.uasset" 8886
"/Engine/EngineMaterials/Substrate/Glints2/dict_0004_0177" 8887
"/Engine/EngineMaterials/Substrate/Glints2/dict_0004_0176" 8888
"/Engine/EngineMaterials/Substrate/Glints2/dict_0004_0175" 8889
"/Engine/EngineMaterials/Substrate/Glints2/dict_0004_0174" 8890
"/Engine/EngineMaterials/Substrate/Glints2/dict_0004_0173" 8891
"/Engine/EngineMaterials/Substrate/Glints2/dict_0004_0172" 8892
"/Engine/EngineMaterials/Substrate/Glints2/dict_0004_0171" 8893
"/Engine/EngineMaterials/Substrate/Glints2/dict_0004_0170" 8894
"/Engine/EngineMaterials/Substrate/Glints2/dict_0004_0169" 8895
"/Engine/EngineMaterials/Substrate/Glints2/dict_0004_0168" 8896
"/Engine/EngineMaterials/Substrate/Glints2/dict_0004_0167" 8897
"/Engine/EngineMaterials/Substrate/Glints2/dict_0004_0166" 8898
"/Engine/EngineMaterials/Substrate/Glints2/dict_0004_0165" 8899
"/Engine/EngineMaterials/Substrate/Glints2/dict_0004_0163" 8900
"/Engine/EngineMaterials/Substrate/Glints2/dict_0004_0162" 8901
"/Engine/EngineMaterials/Substrate/Glints2/dict_0004_0161" 8902
"/Engine/EngineMaterials/Substrate/Glints2/dict_0004_0181" 8903
"/Engine/EngineMaterials/Substrate/Glints2/dict_0004_0180" 8904
"/Engine/EngineMaterials/Substrate/Glints2/dict_0004_0190" 8905
"/Engine/EngineMaterials/Substrate/Glints2/dict_0004_0189" 8906
"/Engine/EngineMaterials/Substrate/Glints2/dict_0004_0186" 8907
"/Engine/EngineMaterials/Substrate/Glints2/dict_0004_0185" 8908
"../../../Engine/Content/EngineMaterials/Substrate/Glints2/dict_0004_0191.uasset" 8909
"/Engine/EngineMaterials/Substrate/Glints2/dict_0004_0184" 8910
"/Engine/EngineMaterials/Substrate/Glints2/dict_0004_0183" 8911
"/Engine/EngineMaterials/Substrate/Glints2/dict_0004_0164" 8912
"../../../Engine/Content/EngineMaterials/Substrate/Glints2/dict_0004_0182.uasset" 8913
"../../../Engine/Content/EngineMaterials/Substrate/Glints2/dict_0004_0200.uasset" 8914
"../../../Engine/Content/EngineMaterials/Substrate/Glints2/dict_0004_0195.uasset" 8915
"../../../Engine/Content/EngineMaterials/Substrate/Glints2/dict_0004_0187.uasset" 8916
"../../../Engine/Content/EngineMaterials/Substrate/Glints2/dict_0004_0196.uasset" 8917
"../../../Engine/Content/EngineMaterials/Substrate/Glints2/dict_0004_0201.uasset" 8918
"/Engine/EngineMaterials/Substrate/Glints2/dict_0004_0191" 8919
"/Engine/EngineMaterials/Substrate/Glints2/dict_0004_0187" 8920
"/Engine/EngineMaterials/Substrate/Glints2/dict_0004_0200" 8921
"/Engine/EngineMaterials/Substrate/Glints2/dict_0004_0182" 8922
"../../../Engine/Content/EngineMaterials/Substrate/Glints2/dict_0004_0199.uasset" 8923
"../../../Engine/Content/EngineMaterials/Substrate/Glints2/dict_0004_0194.uasset" 8924
"/Engine/EngineMaterials/Substrate/Glints2/dict_0004_0196" 8925
"../../../Engine/Content/EngineMaterials/Substrate/Glints2/dict_0004_0193.uasset" 8926
"../../../Engine/Content/EngineMaterials/Substrate/Glints2/dict_0004_0204.uasset" 8927
"../../../Engine/Content/EngineMaterials/Substrate/Glints2/dict_0004_0202.uasset" 8928
"../../../Engine/Content/EngineMaterials/Substrate/Glints2/dict_0004_0207.uasset" 8929
"../../../Engine/Content/EngineMaterials/Substrate/Glints2/dict_0004_0188.uasset" 8930
"../../../Engine/Content/EngineMaterials/Substrate/Glints2/dict_0004_0208.uasset" 8931
"../../../Engine/Content/EngineMaterials/Substrate/Glints2/dict_0004_0197.uasset" 8932
"/Engine/EngineMaterials/Substrate/Glints2/dict_0004_0195" 8933
"../../../Engine/Content/EngineMaterials/Substrate/Glints2/dict_0004_0192.uasset" 8934
"../../../Engine/Content/EngineMaterials/Substrate/Glints2/dict_0004_0214.uasset" 8935
"../../../Engine/Content/EngineMaterials/Substrate/Glints2/dict_0004_0216.uasset" 8936
"../../../Engine/Content/EngineMaterials/Substrate/Glints2/dict_0004_0212.uasset" 8937
"../../../Engine/Content/EngineMaterials/Substrate/Glints2/dict_0004_0209.uasset" 8938
"../../../Engine/Content/EngineMaterials/Substrate/Glints2/dict_0004_0211.uasset" 8939
"../../../Engine/Content/EngineMaterials/Substrate/Glints2/dict_0004_0206.uasset" 8940
"../../../Engine/Content/EngineMaterials/Substrate/Glints2/dict_0004_0213.uasset" 8941
"/Engine/EngineMaterials/Substrate/Glints2/dict_0004_0192" 8942
"/Engine/EngineMaterials/Substrate/Glints2/dict_0004_0209" 8943
"/Engine/EngineMaterials/Substrate/Glints2/dict_0004_0216" 8944
"/Engine/EngineMaterials/Substrate/Glints2/dict_0004_0188" 8945
"/Engine/EngineMaterials/Substrate/Glints2/dict_0004_0208" 8946
"/Engine/EngineMaterials/Substrate/Glints2/dict_0004_0207" 8947
"/Engine/EngineMaterials/Substrate/Glints2/dict_0004_0206" 8948
"/Engine/EngineMaterials/Substrate/Glints2/dict_0004_0214" 8949
"../../../Engine/Content/EngineMaterials/Substrate/Glints2/dict_0004_0205.uasset" 8950
"/Engine/EngineMaterials/Substrate/Glints2/dict_0004_0213" 8951
"/Engine/EngineMaterials/Substrate/Glints2/dict_0004_0204" 8952
"../../../Engine/Content/EngineMaterials/Substrate/Glints2/dict_0004_0221.uasset" 8953
"../../../Engine/Content/EngineMaterials/Substrate/Glints2/dict_0004_0222.uasset" 8954
"/Engine/EngineMaterials/Substrate/Glints2/dict_0004_0202" 8955
"/Engine/EngineMaterials/Substrate/Glints2/dict_0004_0201" 8956
"/Engine/EngineMaterials/Substrate/Glints2/dict_0004_0212" 8957
"/Engine/EngineMaterials/Substrate/Glints2/dict_0004_0199" 8958
"../../../Engine/Content/EngineMaterials/Substrate/Glints2/dict_0004_0223.uasset" 8959
"/Engine/EngineMaterials/Substrate/Glints2/dict_0004_0197" 8960
"/Engine/EngineMaterials/Substrate/Glints2/dict_0004_0211" 8961
"../../../Engine/Content/EngineMaterials/Substrate/Glints2/dict_0004_0224.uasset" 8962
"../../../Engine/Content/EngineMaterials/Substrate/Glints2/dict_0004_0219.uasset" 8963
"/Engine/EngineMaterials/Substrate/Glints2/dict_0004_0194" 8964
"../../../Engine/Content/EngineMaterials/Substrate/Glints2/dict_0004_0203.uasset" 8965
"/Engine/EngineMaterials/Substrate/Glints2/dict_0004_0193" 8966
"../../../Engine/Content/EngineMaterials/Substrate/Glints2/dict_0004_0218.uasset" 8967
"../../../Engine/Content/EngineMaterials/Substrate/Glints2/dict_0004_0215.uasset" 8968
"../../../Engine/Content/EngineMaterials/Substrate/Glints2/dict_0004_0198.uasset" 8969
"/Engine/EngineMaterials/Substrate/Glints2/dict_0004_0219" 8970
"/Engine/EngineMaterials/Substrate/Glints2/dict_0004_0218" 8971
"../../../Engine/Content/EngineMaterials/Substrate/Glints2/dict_0004_0220.uasset" 8972
"../../../Engine/Content/EngineMaterials/Substrate/Glints2/dict_0004_0217.uasset" 8973
"/Engine/EngineMaterials/Substrate/Glints2/dict_0004_0224" 8974
"/Engine/EngineMaterials/Substrate/Glints2/dict_0004_0215" 8975
"/Engine/EngineMaterials/Substrate/Glints2/dict_0004_0205" 8976
"../../../Engine/Content/EngineMaterials/Substrate/Glints2/dict_0004_0225.uasset" 8977
"/Engine/EngineMaterials/Substrate/Glints2/dict_0004_0203" 8978
"../../../Engine/Content/EngineMaterials/Substrate/Glints2/dict_0004_0232.uasset" 8979
"../../../Engine/Content/EngineMaterials/Substrate/Glints2/dict_0004_0227.uasset" 8980
"../../../Engine/Content/EngineMaterials/Substrate/Glints2/dict_0004_0236.uasset" 8981
"../../../Engine/Content/EngineMaterials/Substrate/Glints2/dict_0004_0230.uasset" 8982
"/Engine/EngineMaterials/Substrate/Glints2/dict_0004_0223" 8983
"/Engine/EngineMaterials/Substrate/Glints2/dict_0004_0222" 8984
"/Engine/EngineMaterials/Substrate/Glints2/dict_0004_0198" 8985
"../../../Engine/Content/EngineMaterials/Substrate/Glints2/dict_0004_0226.uasset" 8986
"/Engine/EngineMaterials/Substrate/Glints2/dict_0004_0221" 8987
"/Engine/EngineMaterials/Substrate/Glints2/dict_0004_0225" 8988
"../../../Engine/Content/EngineMaterials/Substrate/Glints2/dict_0004_0238.uasset" 8989
"../../../Engine/Content/EngineMaterials/Substrate/Glints2/dict_0004_0235.uasset" 8990
"../../../Engine/Content/EngineMaterials/Substrate/Glints2/dict_0004_0234.uasset" 8991
"../../../Engine/Content/EngineMaterials/Substrate/Glints2/dict_0004_0233.uasset" 8992
"../../../Engine/Content/EngineMaterials/Substrate/Glints2/dict_0004_0240.uasset" 8993
"../../../Engine/Content/EngineMaterials/Substrate/Glints2/dict_0004_0241.uasset" 8994
"../../../Engine/Content/EngineMaterials/Substrate/Glints2/dict_0004_0239.uasset" 8995
"../../../Engine/Content/EngineMaterials/Substrate/Glints2/dict_0004_0243.uasset" 8996
"../../../Engine/Content/EngineMaterials/Substrate/Glints2/dict_0004_0231.uasset" 8997
"../../../Engine/Content/EngineMaterials/Substrate/Glints2/dict_0004_0229.uasset" 8998
"../../../Engine/Content/EngineMaterials/Substrate/Glints2/dict_0004_0244.uasset" 8999
"../../../Engine/Content/EngineMaterials/Substrate/Glints2/dict_0004_0242.uasset" 9000
"../../../Engine/Content/EngineMaterials/Substrate/Glints2/dict_0004_0210.uasset" 9001
"../../../Engine/Content/EngineMaterials/Substrate/Glints2/dict_0004_0237.uasset" 9002
"../../../Engine/Content/EngineMaterials/Substrate/Glints2/dict_0004_0228.uasset" 9003
"../../../Engine/Content/EngineMaterials/Substrate/Glints2/dict_0004_0250.uasset" 9004
"../../../Engine/Content/EngineMaterials/Substrate/Glints2/dict_0004_0249.uasset" 9005
"../../../Engine/Content/EngineMaterials/Substrate/Glints2/dict_0004_0248.uasset" 9006
"../../../Engine/Content/EngineMaterials/Substrate/Glints2/dict_0004_0247.uasset" 9007
"../../../Engine/Content/EngineMaterials/Substrate/Glints2/dict_0004_0245.uasset" 9008
"/Engine/EngineMaterials/Substrate/Glints2/dict_0004_0217" 9009
"/Engine/EngineMaterials/Substrate/Glints2/dict_0004_0236" 9010
"/Engine/EngineMaterials/Substrate/Glints2/dict_0004_0232" 9011
"/Engine/EngineMaterials/Substrate/Glints2/dict_0004_0230" 9012
"/Engine/EngineMaterials/Substrate/Glints2/dict_0004_0220" 9013
"../../../Engine/Content/EngineMaterials/Substrate/Glints2/dict_0004_0251.uasset" 9014
"/Engine/EngineMaterials/Substrate/Glints2/dict_0004_0227" 9015
"../../../Engine/Content/EngineMaterials/Substrate/Glints2/dict_0004_0252.uasset" 9016
"../../../Engine/Content/EngineMaterials/Substrate/Glints2/dict_0004_0246.uasset" 9017
"/Engine/EngineMaterials/Substrate/Glints2/dict_0004_0226" 9018
"/Engine/EngineMaterials/Substrate/Glints2/dict_0004_0243" 9019
"/Engine/EngineMaterials/Substrate/Glints2/dict_0004_0252" 9020
"/Engine/EngineMaterials/Substrate/Glints2/dict_0004_0210" 9021
"/Engine/EngineMaterials/Substrate/Glints2/dict_0004_0242" 9022
"/Engine/EngineMaterials/Substrate/Glints2/dict_0004_0241" 9023
"/Engine/EngineMaterials/Substrate/Glints2/dict_0004_0240" 9024
"/Engine/EngineMaterials/Substrate/Glints2/dict_0004_0251" 9025
"/Engine/EngineMaterials/Substrate/Glints2/dict_0004_0239" 9026
"/Engine/EngineMaterials/Substrate/Glints2/dict_0004_0238" 9027
"/Engine/EngineMaterials/Substrate/Glints2/dict_0004_0250" 9028
"/Engine/EngineMaterials/Substrate/Glints2/dict_0004_0237" 9029
"/Engine/EngineMaterials/Substrate/Glints2/dict_0004_0249" 9030
"/Engine/EngineMaterials/Substrate/Glints2/dict_0004_0235" 9031
"/Engine/EngineMaterials/Substrate/Glints2/dict_0004_0234" 9032
"/Engine/EngineMaterials/Substrate/Glints2/dict_0004_0248" 9033
"/Engine/EngineMaterials/Substrate/Glints2/dict_0004_0233" 9034
"/Engine/EngineMaterials/Substrate/Glints2/dict_0004_0231" 9035
"/Engine/EngineMaterials/Substrate/Glints2/dict_0004_0247" 9036
"/Engine/EngineMaterials/Substrate/Glints2/dict_0004_0246" 9037
"/Engine/EngineMaterials/Substrate/Glints2/dict_0004_0245" 9038
"/Engine/EngineMaterials/Substrate/Glints2/dict_0004_0229" 9039
"/Engine/EngineMaterials/Substrate/Glints2/dict_0004_0244" 9040
"/Engine/EngineMaterials/Substrate/Glints2/dict_0004_0228" 9041
"../../../Engine/Content/EngineMaterials/Substrate/Glints2/dict_0004_0254.uasset" 9042
"../../../Engine/Content/EngineMaterials/Substrate/Glints2/dict_0005_0003.uasset" 9043
"/Engine/EngineMaterials/Substrate/Glints2/dict_0005_0003" 9044
"/Engine/EngineMaterials/Substrate/Glints2/dict_0004_0254" 9045
"../../../Engine/Content/EngineMaterials/Substrate/Glints2/dict_0005_0000.uasset" 9046
"../../../Engine/Content/EngineMaterials/Substrate/Glints2/dict_0005_0002.uasset" 9047
"../../../Engine/Content/EngineMaterials/Substrate/Glints2/dict_0005_0005.uasset" 9048
"../../../Engine/Content/EngineMaterials/Substrate/Glints2/dict_0005_0001.uasset" 9049
"../../../Engine/Content/EngineMaterials/Substrate/Glints2/dict_0005_0004.uasset" 9050
"../../../Engine/Content/EngineMaterials/Substrate/Glints2/dict_0004_0253.uasset" 9051
"../../../Engine/Content/EngineMaterials/Substrate/Glints2/dict_0005_0006.uasset" 9052
"../../../Engine/Content/EngineMaterials/Substrate/Glints2/dict_0005_0007.uasset" 9053
"../../../Engine/Content/EngineMaterials/Substrate/Glints2/dict_0005_0008.uasset" 9054
"../../../Engine/Content/EngineMaterials/Substrate/Glints2/dict_0005_0010.uasset" 9055
"../../../Engine/Content/EngineMaterials/Substrate/Glints2/dict_0004_0255.uasset" 9056
"../../../Engine/Content/EngineMaterials/Substrate/Glints2/dict_0005_0013.uasset" 9057
"../../../Engine/Content/EngineMaterials/Substrate/Glints2/dict_0005_0011.uasset" 9058
"../../../Engine/Content/EngineMaterials/Substrate/Glints2/dict_0005_0012.uasset" 9059
"/Engine/EngineMaterials/Substrate/Glints2/dict_0004_0253" 9060
"../../../Engine/Content/EngineMaterials/Substrate/Glints2/dict_0005_0021.uasset" 9061
"../../../Engine/Content/EngineMaterials/Substrate/Glints2/dict_0005_0018.uasset" 9062
"../../../Engine/Content/EngineMaterials/Substrate/Glints2/dict_0005_0017.uasset" 9063
"../../../Engine/Content/EngineMaterials/Substrate/Glints2/dict_0005_0022.uasset" 9064
"../../../Engine/Content/EngineMaterials/Substrate/Glints2/dict_0005_0015.uasset" 9065
"../../../Engine/Content/EngineMaterials/Substrate/Glints2/dict_0005_0024.uasset" 9066
"../../../Engine/Content/EngineMaterials/Substrate/Glints2/dict_0005_0009.uasset" 9067
"../../../Engine/Content/EngineMaterials/Substrate/Glints2/dict_0005_0019.uasset" 9068
"/Engine/EngineMaterials/Substrate/Glints2/dict_0005_0005" 9069
"/Engine/EngineMaterials/Substrate/Glints2/dict_0005_0004" 9070
"../../../Engine/Content/EngineMaterials/Substrate/Glints2/dict_0005_0020.uasset" 9071
"../../../Engine/Content/EngineMaterials/Substrate/Glints2/dict_0005_0016.uasset" 9072
"/Engine/EngineMaterials/Substrate/Glints2/dict_0005_0013" 9073
"../../../Engine/Content/EngineMaterials/Substrate/Glints2/dict_0005_0014.uasset" 9074
"/Engine/EngineMaterials/Substrate/Glints2/dict_0005_0002" 9075
"../../../Engine/Content/EngineMaterials/Substrate/Glints2/dict_0005_0023.uasset" 9076
"/Engine/EngineMaterials/Substrate/Glints2/dict_0005_0011" 9077
"/Engine/EngineMaterials/Substrate/Glints2/dict_0005_0010" 9078
"/Engine/EngineMaterials/Substrate/Glints2/dict_0005_0001" 9079
"/Engine/EngineMaterials/Substrate/Glints2/dict_0005_0008" 9080
"../../../Engine/Content/EngineMaterials/Substrate/Glints2/dict_0005_0027.uasset" 9081
"../../../Engine/Content/EngineMaterials/Substrate/Glints2/dict_0005_0030.uasset" 9082
"/Engine/EngineMaterials/Substrate/Glints2/dict_0005_0007" 9083
"../../../Engine/Content/EngineMaterials/Substrate/Glints2/dict_0005_0025.uasset" 9084
"/Engine/EngineMaterials/Substrate/Glints2/dict_0005_0006" 9085
"../../../Engine/Content/EngineMaterials/Substrate/Glints2/dict_0005_0028.uasset" 9086
"/Engine/EngineMaterials/Substrate/Glints2/dict_0005_0000" 9087
"/Engine/EngineMaterials/Substrate/Glints2/dict_0004_0255" 9088
"/Engine/EngineMaterials/Substrate/Glints2/dict_0005_0028" 9089
"/Engine/EngineMaterials/Substrate/Glints2/dict_0005_0027" 9090
"/Engine/EngineMaterials/Substrate/Glints2/dict_0005_0025" 9091
"../../../Engine/Content/EngineMaterials/Substrate/Glints2/dict_0005_0029.uasset" 9092
"/Engine/EngineMaterials/Substrate/Glints2/dict_0005_0024" 9093
"/Engine/EngineMaterials/Substrate/Glints2/dict_0005_0023" 9094
"/Engine/EngineMaterials/Substrate/Glints2/dict_0005_0022" 9095
"/Engine/EngineMaterials/Substrate/Glints2/dict_0005_0021" 9096
"/Engine/EngineMaterials/Substrate/Glints2/dict_0005_0020" 9097
"../../../Engine/Content/EngineMaterials/Substrate/Glints2/dict_0005_0026.uasset" 9098
"/Engine/EngineMaterials/Substrate/Glints2/dict_0005_0019" 9099
"/Engine/EngineMaterials/Substrate/Glints2/dict_0005_0018" 9100
"/Engine/EngineMaterials/Substrate/Glints2/dict_0005_0030" 9101
"/Engine/EngineMaterials/Substrate/Glints2/dict_0005_0017" 9102
"/Engine/EngineMaterials/Substrate/Glints2/dict_0005_0016" 9103
"/Engine/EngineMaterials/Substrate/Glints2/dict_0005_0015" 9104
"/Engine/EngineMaterials/Substrate/Glints2/dict_0005_0014" 9105
"/Engine/EngineMaterials/Substrate/Glints2/dict_0005_0012" 9106
"/Engine/EngineMaterials/Substrate/Glints2/dict_0005_0009" 9107
"/Engine/EngineMaterials/Substrate/Glints2/dict_0005_0026" 9108
"../../../Engine/Content/EngineMaterials/Substrate/Glints2/dict_0005_0032.uasset" 9109
"../../../Engine/Content/EngineMaterials/Substrate/Glints2/dict_0005_0038.uasset" 9110
"/Engine/EngineMaterials/Substrate/Glints2/dict_0005_0029" 9111
"../../../Engine/Content/EngineMaterials/Substrate/Glints2/dict_0005_0035.uasset" 9112
"../../../Engine/Content/EngineMaterials/Substrate/Glints2/dict_0005_0037.uasset" 9113
"/Engine/EngineMaterials/Substrate/Glints2/dict_0005_0038" 9114
"../../../Engine/Content/EngineMaterials/Substrate/Glints2/dict_0005_0033.uasset" 9115
"../../../Engine/Content/EngineMaterials/Substrate/Glints2/dict_0005_0042.uasset" 9116
"/Engine/EngineMaterials/Substrate/Glints2/dict_0005_0035" 9117
"/Engine/EngineMaterials/Substrate/Glints2/dict_0005_0032" 9118
"../../../Engine/Content/EngineMaterials/Substrate/Glints2/dict_0005_0041.uasset" 9119
"/Engine/EngineMaterials/Substrate/Glints2/dict_0005_0042" 9120
"/Engine/EngineMaterials/Substrate/Glints2/dict_0005_0041" 9121
"/Engine/EngineMaterials/Substrate/Glints2/dict_0005_0037" 9122
"/Engine/EngineMaterials/Substrate/Glints2/dict_0005_0033" 9123
"../../../Engine/Content/EngineMaterials/Substrate/Glints2/dict_0005_0036.uasset" 9124
"../../../Engine/Content/EngineMaterials/Substrate/Glints2/dict_0005_0043.uasset" 9125
"../../../Engine/Content/EngineMaterials/Substrate/Glints2/dict_0005_0039.uasset" 9126
"../../../Engine/Content/EngineMaterials/Substrate/Glints2/dict_0005_0040.uasset" 9127
"../../../Engine/Content/EngineMaterials/Substrate/Glints2/dict_0005_0047.uasset" 9128
"../../../Engine/Content/EngineMaterials/Substrate/Glints2/dict_0005_0045.uasset" 9129
"../../../Engine/Content/EngineMaterials/Substrate/Glints2/dict_0005_0034.uasset" 9130
"../../../Engine/Content/EngineMaterials/Substrate/Glints2/dict_0005_0031.uasset" 9131
"../../../Engine/Content/EngineMaterials/Substrate/Glints2/dict_0005_0044.uasset" 9132
"../../../Engine/Content/EngineMaterials/Substrate/Glints2/dict_0005_0048.uasset" 9133
"../../../Engine/Content/EngineMaterials/Substrate/Glints2/dict_0005_0054.uasset" 9134
"../../../Engine/Content/EngineMaterials/Substrate/Glints2/dict_0005_0050.uasset" 9135
"../../../Engine/Content/EngineMaterials/Substrate/Glints2/dict_0005_0053.uasset" 9136
"../../../Engine/Content/EngineMaterials/Substrate/Glints2/dict_0005_0049.uasset" 9137
"../../../Engine/Content/EngineMaterials/Substrate/Glints2/dict_0005_0046.uasset" 9138
"../../../Engine/Content/EngineMaterials/Substrate/Glints2/dict_0005_0051.uasset" 9139
"../../../Engine/Content/EngineMaterials/Substrate/Glints2/dict_0005_0055.uasset" 9140
"../../../Engine/Content/EngineMaterials/Substrate/Glints2/dict_0005_0056.uasset" 9141
"../../../Engine/Content/EngineMaterials/Substrate/Glints2/dict_0005_0057.uasset" 9142
"../../../Engine/Content/EngineMaterials/Substrate/Glints2/dict_0005_0052.uasset" 9143
"../../../Engine/Content/EngineMaterials/Substrate/Glints2/dict_0005_0058.uasset" 9144
"../../../Engine/Content/EngineMaterials/Substrate/Glints2/dict_0005_0063.uasset" 9145
"../../../Engine/Content/EngineMaterials/Substrate/Glints2/dict_0005_0060.uasset" 9146
"../../../Engine/Content/EngineMaterials/Substrate/Glints2/dict_0005_0062.uasset" 9147
"/Engine/EngineMaterials/Substrate/Glints2/dict_0005_0043" 9148
"../../../Engine/Content/EngineMaterials/Substrate/Glints2/dict_0005_0061.uasset" 9149
"../../../Engine/Content/EngineMaterials/Substrate/Glints2/dict_0005_0064.uasset" 9150
"/Engine/EngineMaterials/Substrate/Glints2/dict_0005_0058" 9151
"../../../Engine/Content/EngineMaterials/Substrate/Glints2/dict_0005_0059.uasset" 9152
"../../../Engine/Content/EngineMaterials/Substrate/Glints2/dict_0005_0066.uasset" 9153
"../../../Engine/Content/EngineMaterials/Substrate/Glints2/dict_0005_0069.uasset" 9154
"../../../Engine/Content/EngineMaterials/Substrate/Glints2/dict_0005_0068.uasset" 9155
"/Engine/EngineMaterials/Substrate/Glints2/dict_0005_0057" 9156
"/Engine/EngineMaterials/Substrate/Glints2/dict_0005_0056" 9157
"../../../Engine/Content/EngineMaterials/Substrate/Glints2/dict_0005_0065.uasset" 9158
"/Engine/EngineMaterials/Substrate/Glints2/dict_0005_0055" 9159
"/Engine/EngineMaterials/Substrate/Glints2/dict_0005_0054" 9160
"/Engine/EngineMaterials/Substrate/Glints2/dict_0005_0053" 9161
"/Engine/EngineMaterials/Substrate/Glints2/dict_0005_0052" 9162
"/Engine/EngineMaterials/Substrate/Glints2/dict_0005_0051" 9163
"/Engine/EngineMaterials/Substrate/Glints2/dict_0005_0050" 9164
"/Engine/EngineMaterials/Substrate/Glints2/dict_0005_0049" 9165
"/Engine/EngineMaterials/Substrate/Glints2/dict_0005_0048" 9166
"/Engine/EngineMaterials/Substrate/Glints2/dict_0005_0047" 9167
"/Engine/EngineMaterials/Substrate/Glints2/dict_0005_0046" 9168
"/Engine/EngineMaterials/Substrate/Glints2/dict_0005_0040" 9169
"../../../Engine/Content/EngineMaterials/Substrate/Glints2/dict_0005_0067.uasset" 9170
"/Engine/EngineMaterials/Substrate/Glints2/dict_0005_0039" 9171
"/Engine/EngineMaterials/Substrate/Glints2/dict_0005_0045" 9172
"/Engine/EngineMaterials/Substrate/Glints2/dict_0005_0036" 9173
"/Engine/EngineMaterials/Substrate/Glints2/dict_0005_0044" 9174
"/Engine/EngineMaterials/Substrate/Glints2/dict_0005_0034" 9175
"/Engine/EngineMaterials/Substrate/Glints2/dict_0005_0063" 9176
"/Engine/EngineMaterials/Substrate/Glints2/dict_0005_0031" 9177
"/Engine/EngineMaterials/Substrate/Glints2/dict_0005_0060" 9178
"/Engine/EngineMaterials/Substrate/Glints2/dict_0005_0059" 9179
"/Engine/EngineMaterials/Substrate/Glints2/dict_0005_0069" 9180
"/Engine/EngineMaterials/Substrate/Glints2/dict_0005_0062" 9181
"/Engine/EngineMaterials/Substrate/Glints2/dict_0005_0068" 9182
"/Engine/EngineMaterials/Substrate/Glints2/dict_0005_0065" 9183
"/Engine/EngineMaterials/Substrate/Glints2/dict_0005_0067" 9184
"/Engine/EngineMaterials/Substrate/Glints2/dict_0005_0064" 9185
"/Engine/EngineMaterials/Substrate/Glints2/dict_0005_0066" 9186
"/Engine/EngineMaterials/Substrate/Glints2/dict_0005_0061" 9187
"../../../Engine/Content/EngineMaterials/Substrate/Glints2/dict_0005_0075.uasset" 9188
"../../../Engine/Content/EngineMaterials/Substrate/Glints2/dict_0005_0074.uasset" 9189
"../../../Engine/Content/EngineMaterials/Substrate/Glints2/dict_0005_0079.uasset" 9190
"../../../Engine/Content/EngineMaterials/Substrate/Glints2/dict_0005_0078.uasset" 9191
"../../../Engine/Content/EngineMaterials/Substrate/Glints2/dict_0005_0077.uasset" 9192
"../../../Engine/Content/EngineMaterials/Substrate/Glints2/dict_0005_0070.uasset" 9193
"../../../Engine/Content/EngineMaterials/Substrate/Glints2/dict_0005_0080.uasset" 9194
"../../../Engine/Content/EngineMaterials/Substrate/Glints2/dict_0005_0076.uasset" 9195
"../../../Engine/Content/EngineMaterials/Substrate/Glints2/dict_0005_0084.uasset" 9196
"../../../Engine/Content/EngineMaterials/Substrate/Glints2/dict_0005_0087.uasset" 9197
"../../../Engine/Content/EngineMaterials/Substrate/Glints2/dict_0005_0088.uasset" 9198
"../../../Engine/Content/EngineMaterials/Substrate/Glints2/dict_0005_0085.uasset" 9199
"../../../Engine/Content/EngineMaterials/Substrate/Glints2/dict_0005_0086.uasset" 9200
"../../../Engine/Content/EngineMaterials/Substrate/Glints2/dict_0005_0081.uasset" 9201
"../../../Engine/Content/EngineMaterials/Substrate/Glints2/dict_0005_0072.uasset" 9202
"../../../Engine/Content/EngineMaterials/Substrate/Glints2/dict_0005_0082.uasset" 9203
"../../../Engine/Content/EngineMaterials/Substrate/Glints2/dict_0005_0089.uasset" 9204
"/Engine/EngineMaterials/Substrate/Glints2/dict_0005_0089" 9205
"../../../Engine/Content/EngineMaterials/Substrate/Glints2/dict_0005_0091.uasset" 9206
"../../../Engine/Content/EngineMaterials/Substrate/Glints2/dict_0005_0071.uasset" 9207
"../../../Engine/Content/EngineMaterials/Substrate/Glints2/dict_0005_0073.uasset" 9208
"/Engine/EngineMaterials/Substrate/Glints2/dict_0005_0088" 9209
"/Engine/EngineMaterials/Substrate/Glints2/dict_0005_0087" 9210
"../../../Engine/Content/EngineMaterials/Substrate/Glints2/dict_0005_0083.uasset" 9211
"/Engine/EngineMaterials/Substrate/Glints2/dict_0005_0086" 9212
"../../../Engine/Content/EngineMaterials/Substrate/Glints2/dict_0005_0093.uasset" 9213
"../../../Engine/Content/EngineMaterials/Substrate/Glints2/dict_0005_0094.uasset" 9214
"../../../Engine/Content/EngineMaterials/Substrate/Glints2/dict_0005_0095.uasset" 9215
"../../../Engine/Content/EngineMaterials/Substrate/Glints2/dict_0005_0096.uasset" 9216
"/Engine/EngineMaterials/Substrate/Glints2/dict_0005_0085" 9217
"/Engine/EngineMaterials/Substrate/Glints2/dict_0005_0084" 9218
"../../../Engine/Content/EngineMaterials/Substrate/Glints2/dict_0005_0092.uasset" 9219
"/Engine/EngineMaterials/Substrate/Glints2/dict_0005_0082" 9220
"/Engine/EngineMaterials/Substrate/Glints2/dict_0005_0081" 9221
"/Engine/EngineMaterials/Substrate/Glints2/dict_0005_0080" 9222
"../../../Engine/Content/EngineMaterials/Substrate/Glints2/dict_0005_0100.uasset" 9223
"/Engine/EngineMaterials/Substrate/Glints2/dict_0005_0079" 9224
"/Engine/EngineMaterials/Substrate/Glints2/dict_0005_0078" 9225
"/Engine/EngineMaterials/Substrate/Glints2/dict_0005_0077" 9226
"/Engine/EngineMaterials/Substrate/Glints2/dict_0005_0076" 9227
"/Engine/EngineMaterials/Substrate/Glints2/dict_0005_0075" 9228
"/Engine/EngineMaterials/Substrate/Glints2/dict_0005_0074" 9229
"/Engine/EngineMaterials/Substrate/Glints2/dict_0005_0072" 9230
"/Engine/EngineMaterials/Substrate/Glints2/dict_0005_0070" 9231
"/Engine/EngineMaterials/Substrate/Glints2/dict_0005_0091" 9232
"/Engine/EngineMaterials/Substrate/Glints2/dict_0005_0100" 9233
"/Engine/EngineMaterials/Substrate/Glints2/dict_0005_0083" 9234
"/Engine/EngineMaterials/Substrate/Glints2/dict_0005_0096" 9235
"/Engine/EngineMaterials/Substrate/Glints2/dict_0005_0095" 9236
"/Engine/EngineMaterials/Substrate/Glints2/dict_0005_0073" 9237
"/Engine/EngineMaterials/Substrate/Glints2/dict_0005_0094" 9238
"/Engine/EngineMaterials/Substrate/Glints2/dict_0005_0093" 9239
"/Engine/EngineMaterials/Substrate/Glints2/dict_0005_0071" 9240
"/Engine/EngineMaterials/Substrate/Glints2/dict_0005_0092" 9241
"../../../Engine/Content/EngineMaterials/Substrate/Glints2/dict_0005_0101.uasset" 9242
"../../../Engine/Content/EngineMaterials/Substrate/Glints2/dict_0005_0099.uasset" 9243
"../../../Engine/Content/EngineMaterials/Substrate/Glints2/dict_0005_0097.uasset" 9244
"../../../Engine/Content/EngineMaterials/Substrate/Glints2/dict_0005_0105.uasset" 9245
"../../../Engine/Content/EngineMaterials/Substrate/Glints2/dict_0005_0102.uasset" 9246
"../../../Engine/Content/EngineMaterials/Substrate/Glints2/dict_0005_0106.uasset" 9247
"../../../Engine/Content/EngineMaterials/Substrate/Glints2/dict_0005_0107.uasset" 9248
"../../../Engine/Content/EngineMaterials/Substrate/Glints2/dict_0005_0103.uasset" 9249
"../../../Engine/Content/EngineMaterials/Substrate/Glints2/dict_0005_0090.uasset" 9250
"../../../Engine/Content/EngineMaterials/Substrate/Glints2/dict_0005_0109.uasset" 9251
"../../../Engine/Content/EngineMaterials/Substrate/Glints2/dict_0005_0108.uasset" 9252
"../../../Engine/Content/EngineMaterials/Substrate/Glints2/dict_0005_0117.uasset" 9253
"../../../Engine/Content/EngineMaterials/Substrate/Glints2/dict_0005_0104.uasset" 9254
"../../../Engine/Content/EngineMaterials/Substrate/Glints2/dict_0005_0114.uasset" 9255
"../../../Engine/Content/EngineMaterials/Substrate/Glints2/dict_0005_0110.uasset" 9256
"../../../Engine/Content/EngineMaterials/Substrate/Glints2/dict_0005_0098.uasset" 9257
"../../../Engine/Content/EngineMaterials/Substrate/Glints2/dict_0005_0116.uasset" 9258
"../../../Engine/Content/EngineMaterials/Substrate/Glints2/dict_0005_0112.uasset" 9259
"../../../Engine/Content/EngineMaterials/Substrate/Glints2/dict_0005_0113.uasset" 9260
"../../../Engine/Content/EngineMaterials/Substrate/Glints2/dict_0005_0111.uasset" 9261
"../../../Engine/Content/EngineMaterials/Substrate/Glints2/dict_0005_0119.uasset" 9262
"/Engine/EngineMaterials/Substrate/Glints2/dict_0005_0101" 9263
"../../../Engine/Content/EngineMaterials/Substrate/Glints2/dict_0005_0124.uasset" 9264
"../../../Engine/Content/EngineMaterials/Substrate/Glints2/dict_0005_0121.uasset" 9265
"../../../Engine/Content/EngineMaterials/Substrate/Glints2/dict_0005_0123.uasset" 9266
"../../../Engine/Content/EngineMaterials/Substrate/Glints2/dict_0005_0126.uasset" 9267
"../../../Engine/Content/EngineMaterials/Substrate/Glints2/dict_0005_0115.uasset" 9268
"../../../Engine/Content/EngineMaterials/Substrate/Glints2/dict_0005_0118.uasset" 9269
"../../../Engine/Content/EngineMaterials/Substrate/Glints2/dict_0005_0125.uasset" 9270
"/Engine/EngineMaterials/Substrate/Glints2/dict_0005_0099" 9271
"../../../Engine/Content/EngineMaterials/Substrate/Glints2/dict_0005_0128.uasset" 9272
"../../../Engine/Content/EngineMaterials/Substrate/Glints2/dict_0005_0127.uasset" 9273
"/Engine/EngineMaterials/Substrate/Glints2/dict_0005_0098" 9274
"/Engine/EngineMaterials/Substrate/Glints2/dict_0005_0097" 9275
"../../../Engine/Content/EngineMaterials/Substrate/Glints2/dict_0005_0122.uasset" 9276
"/Engine/EngineMaterials/Substrate/Glints2/dict_0005_0090" 9277
"/Engine/EngineMaterials/Substrate/Glints2/dict_0005_0117" 9278
"../../../Engine/Content/EngineMaterials/Substrate/Glints2/dict_0005_0120.uasset" 9279
"/Engine/EngineMaterials/Substrate/Glints2/dict_0005_0116" 9280
"/Engine/EngineMaterials/Substrate/Glints2/dict_0005_0114" 9281
"/Engine/EngineMaterials/Substrate/Glints2/dict_0005_0113" 9282
"/Engine/EngineMaterials/Substrate/Glints2/dict_0005_0112" 9283
"/Engine/EngineMaterials/Substrate/Glints2/dict_0005_0111" 9284
"/Engine/EngineMaterials/Substrate/Glints2/dict_0005_0110" 9285
"/Engine/EngineMaterials/Substrate/Glints2/dict_0005_0109" 9286
"/Engine/EngineMaterials/Substrate/Glints2/dict_0005_0108" 9287
"/Engine/EngineMaterials/Substrate/Glints2/dict_0005_0107" 9288
"/Engine/EngineMaterials/Substrate/Glints2/dict_0005_0106" 9289
"/Engine/EngineMaterials/Substrate/Glints2/dict_0005_0105" 9290
"/Engine/EngineMaterials/Substrate/Glints2/dict_0005_0104" 9291
"/Engine/EngineMaterials/Substrate/Glints2/dict_0005_0103" 9292
"/Engine/EngineMaterials/Substrate/Glints2/dict_0005_0102" 9293
"/Engine/EngineMaterials/Substrate/Glints2/dict_0005_0119" 9294
"/Engine/EngineMaterials/Substrate/Glints2/dict_0005_0128" 9295
"/Engine/EngineMaterials/Substrate/Glints2/dict_0005_0127" 9296
"/Engine/EngineMaterials/Substrate/Glints2/dict_0005_0118" 9297
"/Engine/EngineMaterials/Substrate/Glints2/dict_0005_0115" 9298
"/Engine/EngineMaterials/Substrate/Glints2/dict_0005_0126" 9299
"/Engine/EngineMaterials/Substrate/Glints2/dict_0005_0125" 9300
"/Engine/EngineMaterials/Substrate/Glints2/dict_0005_0124" 9301
"/Engine/EngineMaterials/Substrate/Glints2/dict_0005_0123" 9302
"/Engine/EngineMaterials/Substrate/Glints2/dict_0005_0122" 9303
"/Engine/EngineMaterials/Substrate/Glints2/dict_0005_0121" 9304
"/Engine/EngineMaterials/Substrate/Glints2/dict_0005_0120" 9305
"../../../Engine/Content/EngineMaterials/Substrate/Glints2/dict_0005_0139.uasset" 9306
"../../../Engine/Content/EngineMaterials/Substrate/Glints2/dict_0005_0136.uasset" 9307
"../../../Engine/Content/EngineMaterials/Substrate/Glints2/dict_0005_0133.uasset" 9308
"../../../Engine/Content/EngineMaterials/Substrate/Glints2/dict_0005_0138.uasset" 9309
"../../../Engine/Content/EngineMaterials/Substrate/Glints2/dict_0005_0135.uasset" 9310
"../../../Engine/Content/EngineMaterials/Substrate/Glints2/dict_0005_0137.uasset" 9311
"../../../Engine/Content/EngineMaterials/Substrate/Glints2/dict_0005_0141.uasset" 9312
"../../../Engine/Content/EngineMaterials/Substrate/Glints2/dict_0005_0140.uasset" 9313
"../../../Engine/Content/EngineMaterials/Substrate/Glints2/dict_0005_0131.uasset" 9314
"../../../Engine/Content/EngineMaterials/Substrate/Glints2/dict_0005_0134.uasset" 9315
"../../../Engine/Content/EngineMaterials/Substrate/Glints2/dict_0005_0142.uasset" 9316
"../../../Engine/Content/EngineMaterials/Substrate/Glints2/dict_0005_0130.uasset" 9317
"../../../Engine/Content/EngineMaterials/Substrate/Glints2/dict_0005_0132.uasset" 9318
"../../../Engine/Content/EngineMaterials/Substrate/Glints2/dict_0005_0129.uasset" 9319
"../../../Engine/Content/EngineMaterials/Substrate/Glints2/dict_0005_0147.uasset" 9320
"../../../Engine/Content/EngineMaterials/Substrate/Glints2/dict_0005_0148.uasset" 9321
"../../../Engine/Content/EngineMaterials/Substrate/Glints2/dict_0005_0149.uasset" 9322
"../../../Engine/Content/EngineMaterials/Substrate/Glints2/dict_0005_0144.uasset" 9323
"../../../Engine/Content/EngineMaterials/Substrate/Glints2/dict_0005_0146.uasset" 9324
"../../../Engine/Content/EngineMaterials/Substrate/Glints2/dict_0005_0145.uasset" 9325
"../../../Engine/Content/EngineMaterials/Substrate/Glints2/dict_0005_0152.uasset" 9326
"/Engine/EngineMaterials/Substrate/Glints2/dict_0005_0149" 9327
"../../../Engine/Content/EngineMaterials/Substrate/Glints2/dict_0005_0143.uasset" 9328
"../../../Engine/Content/EngineMaterials/Substrate/Glints2/dict_0005_0154.uasset" 9329
"../../../Engine/Content/EngineMaterials/Substrate/Glints2/dict_0005_0150.uasset" 9330
"/Engine/EngineMaterials/Substrate/Glints2/dict_0005_0148" 9331
"../../../Engine/Content/EngineMaterials/Substrate/Glints2/dict_0005_0153.uasset" 9332
"../../../Engine/Content/EngineMaterials/Substrate/Glints2/dict_0005_0151.uasset" 9333
"/Engine/EngineMaterials/Substrate/Glints2/dict_0005_0147" 9334
"/Engine/EngineMaterials/Substrate/Glints2/dict_0005_0146" 9335
"../../../Engine/Content/EngineMaterials/Substrate/Glints2/dict_0005_0157.uasset" 9336
"/Engine/EngineMaterials/Substrate/Glints2/dict_0005_0145" 9337
"/Engine/EngineMaterials/Substrate/Glints2/dict_0005_0144" 9338
"../../../Engine/Content/EngineMaterials/Substrate/Glints2/dict_0005_0158.uasset" 9339
"../../../Engine/Content/EngineMaterials/Substrate/Glints2/dict_0005_0156.uasset" 9340
"/Engine/EngineMaterials/Substrate/Glints2/dict_0005_0142" 9341
"../../../Engine/Content/EngineMaterials/Substrate/Glints2/dict_0005_0155.uasset" 9342
"../../../Engine/Content/EngineMaterials/Substrate/Glints2/dict_0005_0160.uasset" 9343
"/Engine/EngineMaterials/Substrate/Glints2/dict_0005_0141" 9344
"/Engine/EngineMaterials/Substrate/Glints2/dict_0005_0140" 9345
"../../../Engine/Content/EngineMaterials/Substrate/Glints2/dict_0005_0159.uasset" 9346
"/Engine/EngineMaterials/Substrate/Glints2/dict_0005_0139" 9347
"/Engine/EngineMaterials/Substrate/Glints2/dict_0005_0138" 9348
"/Engine/EngineMaterials/Substrate/Glints2/dict_0005_0137" 9349
"/Engine/EngineMaterials/Substrate/Glints2/dict_0005_0136" 9350
"/Engine/EngineMaterials/Substrate/Glints2/dict_0005_0135" 9351
"/Engine/EngineMaterials/Substrate/Glints2/dict_0005_0134" 9352
"/Engine/EngineMaterials/Substrate/Glints2/dict_0005_0133" 9353
"/Engine/EngineMaterials/Substrate/Glints2/dict_0005_0132" 9354
"/Engine/EngineMaterials/Substrate/Glints2/dict_0005_0152" 9355
"/Engine/EngineMaterials/Substrate/Glints2/dict_0005_0131" 9356
"/Engine/EngineMaterials/Substrate/Glints2/dict_0005_0130" 9357
"/Engine/EngineMaterials/Substrate/Glints2/dict_0005_0129" 9358
"/Engine/EngineMaterials/Substrate/Glints2/dict_0005_0160" 9359
"/Engine/EngineMaterials/Substrate/Glints2/dict_0005_0159" 9360
"/Engine/EngineMaterials/Substrate/Glints2/dict_0005_0158" 9361
"/Engine/EngineMaterials/Substrate/Glints2/dict_0005_0143" 9362
"../../../Engine/Content/EngineMaterials/Substrate/Glints2/dict_0005_0164.uasset" 9363
"../../../Engine/Content/EngineMaterials/Substrate/Glints2/dict_0005_0170.uasset" 9364
"../../../Engine/Content/EngineMaterials/Substrate/Glints2/dict_0005_0165.uasset" 9365
"../../../Engine/Content/EngineMaterials/Substrate/Glints2/dict_0005_0161.uasset" 9366
"../../../Engine/Content/EngineMaterials/Substrate/Glints2/dict_0005_0163.uasset" 9367
"/Engine/EngineMaterials/Substrate/Glints2/dict_0005_0157" 9368
"../../../Engine/Content/EngineMaterials/Substrate/Glints2/dict_0005_0169.uasset" 9369
"/Engine/EngineMaterials/Substrate/Glints2/dict_0005_0156" 9370
"/Engine/EngineMaterials/Substrate/Glints2/dict_0005_0155" 9371
"/Engine/EngineMaterials/Substrate/Glints2/dict_0005_0154" 9372
"/Engine/EngineMaterials/Substrate/Glints2/dict_0005_0153" 9373
"../../../Engine/Content/EngineMaterials/Substrate/Glints2/dict_0005_0167.uasset" 9374
"/Engine/EngineMaterials/Substrate/Glints2/dict_0005_0151" 9375
"/Engine/EngineMaterials/Substrate/Glints2/dict_0005_0150" 9376
"../../../Engine/Content/EngineMaterials/Substrate/Glints2/dict_0005_0166.uasset" 9377
"../../../Engine/Content/EngineMaterials/Substrate/Glints2/dict_0005_0179.uasset" 9378
"../../../Engine/Content/EngineMaterials/Substrate/Glints2/dict_0005_0177.uasset" 9379
"../../../Engine/Content/EngineMaterials/Substrate/Glints2/dict_0005_0175.uasset" 9380
"../../../Engine/Content/EngineMaterials/Substrate/Glints2/dict_0005_0173.uasset" 9381
"../../../Engine/Content/EngineMaterials/Substrate/Glints2/dict_0005_0176.uasset" 9382
"/Engine/EngineMaterials/Substrate/Glints2/dict_0005_0179" 9383
"/Engine/EngineMaterials/Substrate/Glints2/dict_0005_0177" 9384
"../../../Engine/Content/EngineMaterials/Substrate/Glints2/dict_0005_0178.uasset" 9385
"/Engine/EngineMaterials/Substrate/Glints2/dict_0005_0175" 9386
"/Engine/EngineMaterials/Substrate/Glints2/dict_0005_0170" 9387
"/Engine/EngineMaterials/Substrate/Glints2/dict_0005_0169" 9388
"../../../Engine/Content/EngineMaterials/Substrate/Glints2/dict_0005_0180.uasset" 9389
"/Engine/EngineMaterials/Substrate/Glints2/dict_0005_0167" 9390
"../../../Engine/Content/EngineMaterials/Substrate/Glints2/dict_0005_0168.uasset" 9391
"../../../Engine/Content/EngineMaterials/Substrate/Glints2/dict_0005_0185.uasset" 9392
"/Engine/EngineMaterials/Substrate/Glints2/dict_0005_0166" 9393
"../../../Engine/Content/EngineMaterials/Substrate/Glints2/dict_0005_0182.uasset" 9394
"../../../Engine/Content/EngineMaterials/Substrate/Glints2/dict_0005_0174.uasset" 9395
"/Engine/EngineMaterials/Substrate/Glints2/dict_0005_0165" 9396
"/Engine/EngineMaterials/Substrate/Glints2/dict_0005_0164" 9397
"../../../Engine/Content/EngineMaterials/Substrate/Glints2/dict_0005_0183.uasset" 9398
"/Engine/EngineMaterials/Substrate/Glints2/dict_0005_0163" 9399
"/Engine/EngineMaterials/Substrate/Glints2/dict_0005_0161" 9400
"../../../Engine/Content/EngineMaterials/Substrate/Glints2/dict_0005_0187.uasset" 9401
"../../../Engine/Content/EngineMaterials/Substrate/Glints2/dict_0005_0181.uasset" 9402
"../../../Engine/Content/EngineMaterials/Substrate/Glints2/dict_0005_0172.uasset" 9403
"/Engine/EngineMaterials/Substrate/Glints2/dict_0005_0181" 9404
"/Engine/EngineMaterials/Substrate/Glints2/dict_0005_0180" 9405
"../../../Engine/Content/EngineMaterials/Substrate/Glints2/dict_0005_0171.uasset" 9406
"/Engine/EngineMaterials/Substrate/Glints2/dict_0005_0178" 9407
"/Engine/EngineMaterials/Substrate/Glints2/dict_0005_0176" 9408
"/Engine/EngineMaterials/Substrate/Glints2/dict_0005_0174" 9409
"../../../Engine/Content/EngineMaterials/Substrate/Glints2/dict_0005_0191.uasset" 9410
"../../../Engine/Content/EngineMaterials/Substrate/Glints2/dict_0005_0192.uasset" 9411
"/Engine/EngineMaterials/Substrate/Glints2/dict_0005_0187" 9412
"../../../Engine/Content/EngineMaterials/Substrate/Glints2/dict_0005_0190.uasset" 9413
"/Engine/EngineMaterials/Substrate/Glints2/dict_0005_0173" 9414
"../../../Engine/Content/EngineMaterials/Substrate/Glints2/dict_0005_0186.uasset" 9415
"../../../Engine/Content/EngineMaterials/Substrate/Glints2/dict_0005_0184.uasset" 9416
"/Engine/EngineMaterials/Substrate/Glints2/dict_0005_0168" 9417
"../../../Engine/Content/EngineMaterials/Substrate/Glints2/dict_0005_0189.uasset" 9418
"/Engine/EngineMaterials/Substrate/Glints2/dict_0005_0185" 9419
"/Engine/EngineMaterials/Substrate/Glints2/dict_0005_0183" 9420
"/Engine/EngineMaterials/Substrate/Glints2/dict_0005_0182" 9421
"/Engine/EngineMaterials/Substrate/Glints2/dict_0005_0192" 9422
"../../../Engine/Content/EngineMaterials/Substrate/Glints2/dict_0005_0188.uasset" 9423
"/Engine/EngineMaterials/Substrate/Glints2/dict_0005_0191" 9424
"/Engine/EngineMaterials/Substrate/Glints2/dict_0005_0190" 9425
"/Engine/EngineMaterials/Substrate/Glints2/dict_0005_0189" 9426
"/Engine/EngineMaterials/Substrate/Glints2/dict_0005_0172" 9427
"/Engine/EngineMaterials/Substrate/Glints2/dict_0005_0171" 9428
"/Engine/EngineMaterials/Substrate/Glints2/dict_0005_0186" 9429
"/Engine/EngineMaterials/Substrate/Glints2/dict_0005_0184" 9430
"../../../Engine/Content/EngineMaterials/Substrate/Glints2/dict_0005_0197.uasset" 9431
"../../../Engine/Content/EngineMaterials/Substrate/Glints2/dict_0005_0162.uasset" 9432
"/Engine/EngineMaterials/Substrate/Glints2/dict_0005_0188" 9433
"../../../Engine/Content/EngineMaterials/Substrate/Glints2/dict_0005_0193.uasset" 9434
"/Engine/EngineMaterials/Substrate/Glints2/dict_0005_0197" 9435
"/Engine/EngineMaterials/Substrate/Glints2/dict_0005_0162" 9436
"../../../Engine/Content/EngineMaterials/Substrate/Glints2/dict_0005_0194.uasset" 9437
"/Engine/EngineMaterials/Substrate/Glints2/dict_0005_0193" 9438
"../../../Engine/Content/EngineMaterials/Substrate/Glints2/dict_0005_0199.uasset" 9439
"../../../Engine/Content/EngineMaterials/Substrate/Glints2/dict_0005_0202.uasset" 9440
"/Engine/EngineMaterials/Substrate/Glints2/dict_0005_0202" 9441
"/Engine/EngineMaterials/Substrate/Glints2/dict_0005_0199" 9442
"/Engine/EngineMaterials/Substrate/Glints2/dict_0005_0194" 9443
"../../../Engine/Content/EngineMaterials/Substrate/Glints2/dict_0005_0196.uasset" 9444
"../../../Engine/Content/EngineMaterials/Substrate/Glints2/dict_0005_0200.uasset" 9445
"../../../Engine/Content/EngineMaterials/Substrate/Glints2/dict_0005_0198.uasset" 9446
"../../../Engine/Content/EngineMaterials/Substrate/Glints2/dict_0005_0207.uasset" 9447
"../../../Engine/Content/EngineMaterials/Substrate/Glints2/dict_0005_0208.uasset" 9448
"../../../Engine/Content/EngineMaterials/Substrate/Glints2/dict_0005_0209.uasset" 9449
"../../../Engine/Content/EngineMaterials/Substrate/Glints2/dict_0005_0206.uasset" 9450
"../../../Engine/Content/EngineMaterials/Substrate/Glints2/dict_0005_0203.uasset" 9451
"../../../Engine/Content/EngineMaterials/Substrate/Glints2/dict_0005_0210.uasset" 9452
"../../../Engine/Content/EngineMaterials/Substrate/Glints2/dict_0005_0214.uasset" 9453
"../../../Engine/Content/EngineMaterials/Substrate/Glints2/dict_0005_0212.uasset" 9454
"../../../Engine/Content/EngineMaterials/Substrate/Glints2/dict_0005_0205.uasset" 9455
"../../../Engine/Content/EngineMaterials/Substrate/Glints2/dict_0005_0215.uasset" 9456
"../../../Engine/Content/EngineMaterials/Substrate/Glints2/dict_0005_0213.uasset" 9457
"../../../Engine/Content/EngineMaterials/Substrate/Glints2/dict_0005_0195.uasset" 9458
"/Engine/EngineMaterials/Substrate/Glints2/dict_0005_0214" 9459
"../../../Engine/Content/EngineMaterials/Substrate/Glints2/dict_0005_0219.uasset" 9460
"../../../Engine/Content/EngineMaterials/Substrate/Glints2/dict_0005_0216.uasset" 9461
"/Engine/EngineMaterials/Substrate/Glints2/dict_0005_0213" 9462
"../../../Engine/Content/EngineMaterials/Substrate/Glints2/dict_0005_0211.uasset" 9463
"../../../Engine/Content/EngineMaterials/Substrate/Glints2/dict_0005_0221.uasset" 9464
"../../../Engine/Content/EngineMaterials/Substrate/Glints2/dict_0005_0218.uasset" 9465
"../../../Engine/Content/EngineMaterials/Substrate/Glints2/dict_0005_0204.uasset" 9466
"../../../Engine/Content/EngineMaterials/Substrate/Glints2/dict_0005_0222.uasset" 9467
"../../../Engine/Content/EngineMaterials/Substrate/Glints2/dict_0005_0220.uasset" 9468
"../../../Engine/Content/EngineMaterials/Substrate/Glints2/dict_0005_0217.uasset" 9469
"/Engine/EngineMaterials/Substrate/Glints2/dict_0005_0203" 9470
"../../../Engine/Content/EngineMaterials/Substrate/Glints2/dict_0005_0201.uasset" 9471
"/Engine/EngineMaterials/Substrate/Glints2/dict_0005_0212" 9472
"/Engine/EngineMaterials/Substrate/Glints2/dict_0005_0210" 9473
"/Engine/EngineMaterials/Substrate/Glints2/dict_0005_0209" 9474
"/Engine/EngineMaterials/Substrate/Glints2/dict_0005_0208" 9475
"/Engine/EngineMaterials/Substrate/Glints2/dict_0005_0200" 9476
"../../../Engine/Content/EngineMaterials/Substrate/Glints2/dict_0005_0223.uasset" 9477
"/Engine/EngineMaterials/Substrate/Glints2/dict_0005_0207" 9478
"/Engine/EngineMaterials/Substrate/Glints2/dict_0005_0198" 9479
"/Engine/EngineMaterials/Substrate/Glints2/dict_0005_0206" 9480
"/Engine/EngineMaterials/Substrate/Glints2/dict_0005_0196" 9481
"/Engine/EngineMaterials/Substrate/Glints2/dict_0005_0215" 9482
"/Engine/EngineMaterials/Substrate/Glints2/dict_0005_0195" 9483
"/Engine/EngineMaterials/Substrate/Glints2/dict_0005_0205" 9484
"/Engine/EngineMaterials/Substrate/Glints2/dict_0005_0222" 9485
"/Engine/EngineMaterials/Substrate/Glints2/dict_0005_0221" 9486
"/Engine/EngineMaterials/Substrate/Glints2/dict_0005_0220" 9487
"/Engine/EngineMaterials/Substrate/Glints2/dict_0005_0211" 9488
"/Engine/EngineMaterials/Substrate/Glints2/dict_0005_0219" 9489
"../../../Engine/Content/EngineMaterials/Substrate/Glints2/dict_0005_0229.uasset" 9490
"../../../Engine/Content/EngineMaterials/Substrate/Glints2/dict_0005_0228.uasset" 9491
"../../../Engine/Content/EngineMaterials/Substrate/Glints2/dict_0005_0226.uasset" 9492
"../../../Engine/Content/EngineMaterials/Substrate/Glints2/dict_0005_0224.uasset" 9493
"/Engine/EngineMaterials/Substrate/Glints2/dict_0005_0201" 9494
"../../../Engine/Content/EngineMaterials/Substrate/Glints2/dict_0005_0227.uasset" 9495
"/Engine/EngineMaterials/Substrate/Glints2/dict_0005_0218" 9496
"/Engine/EngineMaterials/Substrate/Glints2/dict_0005_0217" 9497
"../../../Engine/Content/EngineMaterials/Substrate/Glints2/dict_0005_0225.uasset" 9498
"/Engine/EngineMaterials/Substrate/Glints2/dict_0005_0216" 9499
"/Engine/EngineMaterials/Substrate/Glints2/dict_0005_0204" 9500
"/Engine/EngineMaterials/Substrate/Glints2/dict_0005_0223" 9501
"/Engine/EngineMaterials/Substrate/Glints2/dict_0005_0229" 9502
"/Engine/EngineMaterials/Substrate/Glints2/dict_0005_0225" 9503
"/Engine/EngineMaterials/Substrate/Glints2/dict_0005_0228" 9504
"/Engine/EngineMaterials/Substrate/Glints2/dict_0005_0224" 9505
"/Engine/EngineMaterials/Substrate/Glints2/dict_0005_0227" 9506
"/Engine/EngineMaterials/Substrate/Glints2/dict_0005_0226" 9507
"../../../Engine/Content/EngineMaterials/Substrate/Glints2/dict_0005_0239.uasset" 9508
"../../../Engine/Content/EngineMaterials/Substrate/Glints2/dict_0005_0236.uasset" 9509
"../../../Engine/Content/EngineMaterials/Substrate/Glints2/dict_0005_0233.uasset" 9510
"../../../Engine/Content/EngineMaterials/Substrate/Glints2/dict_0005_0230.uasset" 9511
"../../../Engine/Content/EngineMaterials/Substrate/Glints2/dict_0005_0231.uasset" 9512
"../../../Engine/Content/EngineMaterials/Substrate/Glints2/dict_0005_0234.uasset" 9513
"../../../Engine/Content/EngineMaterials/Substrate/Glints2/dict_0005_0240.uasset" 9514
"../../../Engine/Content/EngineMaterials/Substrate/Glints2/dict_0005_0241.uasset" 9515
"../../../Engine/Content/EngineMaterials/Substrate/Glints2/dict_0005_0235.uasset" 9516
"../../../Engine/Content/EngineMaterials/Substrate/Glints2/dict_0005_0238.uasset" 9517
"../../../Engine/Content/EngineMaterials/Substrate/Glints2/dict_0005_0237.uasset" 9518
"../../../Engine/Content/EngineMaterials/Substrate/Glints2/dict_0005_0247.uasset" 9519
"../../../Engine/Content/EngineMaterials/Substrate/Glints2/dict_0005_0244.uasset" 9520
"../../../Engine/Content/EngineMaterials/Substrate/Glints2/dict_0005_0232.uasset" 9521
"../../../Engine/Content/EngineMaterials/Substrate/Glints2/dict_0005_0245.uasset" 9522
"../../../Engine/Content/EngineMaterials/Substrate/Glints2/dict_0005_0246.uasset" 9523
"../../../Engine/Content/EngineMaterials/Substrate/Glints2/dict_0005_0243.uasset" 9524
"../../../Engine/Content/EngineMaterials/Substrate/Glints2/dict_0005_0251.uasset" 9525
"../../../Engine/Content/EngineMaterials/Substrate/Glints2/dict_0005_0250.uasset" 9526
"/Engine/EngineMaterials/Substrate/Glints2/dict_0005_0244" 9527
"/Engine/EngineMaterials/Substrate/Glints2/dict_0005_0243" 9528
"../../../Engine/Content/EngineMaterials/Substrate/Glints2/dict_0006_0002.uasset" 9529
"../../../Engine/Content/EngineMaterials/Substrate/Glints2/dict_0005_0248.uasset" 9530
"../../../Engine/Content/EngineMaterials/Substrate/Glints2/dict_0005_0255.uasset" 9531
"/Engine/EngineMaterials/Substrate/Glints2/dict_0005_0241" 9532
"../../../Engine/Content/EngineMaterials/Substrate/Glints2/dict_0005_0249.uasset" 9533
"../../../Engine/Content/EngineMaterials/Substrate/Glints2/dict_0005_0242.uasset" 9534
"../../../Engine/Content/EngineMaterials/Substrate/Glints2/dict_0005_0253.uasset" 9535
"/Engine/EngineMaterials/Substrate/Glints2/dict_0005_0251" 9536
"../../../Engine/Content/EngineMaterials/Substrate/Glints2/dict_0005_0252.uasset" 9537
"/Engine/EngineMaterials/Substrate/Glints2/dict_0005_0250" 9538
"../../../Engine/Content/EngineMaterials/Substrate/Glints2/dict_0006_0001.uasset" 9539
"/Engine/EngineMaterials/Substrate/Glints2/dict_0005_0240" 9540
"../../../Engine/Content/EngineMaterials/Substrate/Glints2/dict_0006_0000.uasset" 9541
"/Engine/EngineMaterials/Substrate/Glints2/dict_0005_0239" 9542
"../../../Engine/Content/EngineMaterials/Substrate/Glints2/dict_0005_0254.uasset" 9543
"/Engine/EngineMaterials/Substrate/Glints2/dict_0005_0238" 9544
"../../../Engine/Content/EngineMaterials/Substrate/Glints2/dict_0006_0003.uasset" 9545
"/Engine/EngineMaterials/Substrate/Glints2/dict_0005_0237" 9546
"/Engine/EngineMaterials/Substrate/Glints2/dict_0005_0236" 9547
"/Engine/EngineMaterials/Substrate/Glints2/dict_0005_0235" 9548
"/Engine/EngineMaterials/Substrate/Glints2/dict_0005_0247" 9549
"/Engine/EngineMaterials/Substrate/Glints2/dict_0005_0234" 9550
"/Engine/EngineMaterials/Substrate/Glints2/dict_0005_0233" 9551
"/Engine/EngineMaterials/Substrate/Glints2/dict_0005_0232" 9552
"../../../Engine/Content/EngineMaterials/Substrate/Glints2/dict_0006_0004.uasset" 9553
"../../../Engine/Content/EngineMaterials/Substrate/Glints2/dict_0006_0005.uasset" 9554
"/Engine/EngineMaterials/Substrate/Glints2/dict_0005_0231" 9555
"/Engine/EngineMaterials/Substrate/Glints2/dict_0005_0230" 9556
"/Engine/EngineMaterials/Substrate/Glints2/dict_0005_0246" 9557
"/Engine/EngineMaterials/Substrate/Glints2/dict_0005_0245" 9558
"/Engine/EngineMaterials/Substrate/Glints2/dict_0005_0255" 9559
"/Engine/EngineMaterials/Substrate/Glints2/dict_0005_0254" 9560
"/Engine/EngineMaterials/Substrate/Glints2/dict_0005_0242" 9561
"/Engine/EngineMaterials/Substrate/Glints2/dict_0006_0005" 9562
"/Engine/EngineMaterials/Substrate/Glints2/dict_0005_0253" 9563
"/Engine/EngineMaterials/Substrate/Glints2/dict_0005_0252" 9564
"/Engine/EngineMaterials/Substrate/Glints2/dict_0006_0004" 9565
"/Engine/EngineMaterials/Substrate/Glints2/dict_0005_0249" 9566
"/Engine/EngineMaterials/Substrate/Glints2/dict_0005_0248" 9567
"/Engine/EngineMaterials/Substrate/Glints2/dict_0006_0003" 9568
"/Engine/EngineMaterials/Substrate/Glints2/dict_0006_0002" 9569
"/Engine/EngineMaterials/Substrate/Glints2/dict_0006_0001" 9570
"/Engine/EngineMaterials/Substrate/Glints2/dict_0006_0000" 9571
"../../../Engine/Content/EngineMaterials/Substrate/Glints2/dict_0006_0014.uasset" 9572
"../../../Engine/Content/EngineMaterials/Substrate/Glints2/dict_0006_0008.uasset" 9573
"../../../Engine/Content/EngineMaterials/Substrate/Glints2/dict_0006_0009.uasset" 9574
"../../../Engine/Content/EngineMaterials/Substrate/Glints2/dict_0006_0013.uasset" 9575
"../../../Engine/Content/EngineMaterials/Substrate/Glints2/dict_0006_0011.uasset" 9576
"../../../Engine/Content/EngineMaterials/Substrate/Glints2/dict_0006_0010.uasset" 9577
"../../../Engine/Content/EngineMaterials/Substrate/Glints2/dict_0006_0007.uasset" 9578
"../../../Engine/Content/EngineMaterials/Substrate/Glints2/dict_0006_0012.uasset" 9579
"../../../Engine/Content/EngineMaterials/Substrate/Glints2/dict_0006_0006.uasset" 9580
"../../../Engine/Content/EngineMaterials/Substrate/Glints2/dict_0006_0015.uasset" 9581
"../../../Engine/Content/EngineMaterials/Substrate/Glints2/dict_0006_0020.uasset" 9582
"../../../Engine/Content/EngineMaterials/Substrate/Glints2/dict_0006_0022.uasset" 9583
"../../../Engine/Content/EngineMaterials/Substrate/Glints2/dict_0006_0021.uasset" 9584
"/Engine/EngineMaterials/Substrate/Glints2/dict_0006_0022" 9585
"/Engine/EngineMaterials/Substrate/Glints2/dict_0006_0020" 9586
"/Engine/EngineMaterials/Substrate/Glints2/dict_0006_0015" 9587
"../../../Engine/Content/EngineMaterials/Substrate/Glints2/dict_0006_0024.uasset" 9588
"../../../Engine/Content/EngineMaterials/Substrate/Glints2/dict_0006_0019.uasset" 9589
"../../../Engine/Content/EngineMaterials/Substrate/Glints2/dict_0006_0027.uasset" 9590
"../../../Engine/Content/EngineMaterials/Substrate/Glints2/dict_0006_0030.uasset" 9591
"/Engine/EngineMaterials/Substrate/Glints2/dict_0006_0014" 9592
"../../../Engine/Content/EngineMaterials/Substrate/Glints2/dict_0006_0026.uasset" 9593
"C:/Users/EnekoMartinGomez/AppData/Local/Temp/UnrealShaderWorkingDir/1326FC684A63CE071D03AEA6D3BEA282/9/WorkerOutputOnly.out" 9594
"/Engine/EngineMaterials/Substrate/Glints2/dict_0006_0013" 9595
"../../../Engine/Content/EngineMaterials/Substrate/Glints2/dict_0006_0018.uasset" 9596
"../../../Engine/Content/EngineMaterials/Substrate/Glints2/dict_0006_0032.uasset" 9597
"/Engine/EngineMaterials/Substrate/Glints2/dict_0006_0012" 9598
"../../../Engine/Content/EngineMaterials/Substrate/Glints2/dict_0006_0025.uasset" 9599
"../../../Engine/Content/EngineMaterials/Substrate/Glints2/dict_0006_0023.uasset" 9600
"/Engine/EngineMaterials/Substrate/Glints2/dict_0006_0011" 9601
"../../../Engine/Content/EngineMaterials/Substrate/Glints2/dict_0006_0016.uasset" 9602
"../../../Engine/Content/EngineMaterials/Substrate/Glints2/dict_0006_0028.uasset" 9603
"../../../Engine/Content/EngineMaterials/Substrate/Glints2/dict_0006_0017.uasset" 9604
"/Engine/EngineMaterials/Substrate/Glints2/dict_0006_0010" 9605
"../../../Engine/Content/EngineMaterials/Substrate/Glints2/dict_0006_0029.uasset" 9606
"/Engine/EngineMaterials/Substrate/Glints2/dict_0006_0009" 9607
"/Engine/EngineMaterials/Substrate/Glints2/dict_0006_0008" 9608
"../../../Engine/Content/EngineMaterials/Substrate/Glints2/dict_0006_0031.uasset" 9609
"/Engine/EngineMaterials/Substrate/Glints2/dict_0006_0007" 9610
"/Engine/EngineMaterials/Substrate/Glints2/dict_0006_0006" 9611
"/Engine/EngineMaterials/Substrate/Glints2/dict_0006_0024" 9612
"/Engine/EngineMaterials/Substrate/Glints2/dict_0006_0023" 9613
"/Engine/EngineMaterials/Substrate/Glints2/dict_0006_0032" 9614
"/Engine/EngineMaterials/Substrate/Glints2/dict_0006_0021" 9615
"/Engine/EngineMaterials/Substrate/Glints2/dict_0006_0031" 9616
"../../../Engine/Content/EngineMaterials/Substrate/Glints2/dict_0006_0035.uasset" 9617
"../../../Engine/Content/EngineMaterials/Substrate/Glints2/dict_0006_0033.uasset" 9618
"/Engine/EngineMaterials/Substrate/Glints2/dict_0006_0019" 9619
"/Engine/EngineMaterials/Substrate/Glints2/dict_0006_0018" 9620
"/Engine/EngineMaterials/Substrate/Glints2/dict_0006_0017" 9621
"/Engine/EngineMaterials/Substrate/Glints2/dict_0006_0030" 9622
"../../../Engine/Content/EngineMaterials/Substrate/Glints2/dict_0006_0036.uasset" 9623
"/Engine/EngineMaterials/Substrate/Glints2/dict_0006_0029" 9624
"/Engine/EngineMaterials/Substrate/Glints2/dict_0006_0016" 9625
"../../../Engine/Content/EngineMaterials/Substrate/Glints2/dict_0006_0037.uasset" 9626
"/Engine/EngineMaterials/Substrate/Glints2/dict_0006_0028" 9627
"/Engine/EngineMaterials/Substrate/Glints2/dict_0006_0027" 9628
"/Engine/EngineMaterials/Substrate/Glints2/dict_0006_0026" 9629
"/Engine/EngineMaterials/Substrate/Glints2/dict_0006_0025" 9630
"/Engine/EngineMaterials/Substrate/Glints2/dict_0006_0037" 9631
"/Engine/EngineMaterials/Substrate/Glints2/dict_0006_0036" 9632
"/Engine/EngineMaterials/Substrate/Glints2/dict_0006_0035" 9633
"/Engine/EngineMaterials/Substrate/Glints2/dict_0006_0033" 9634
"../../../Engine/Content/EngineMaterials/Substrate/Glints2/dict_0006_0045.uasset" 9635
"../../../Engine/Content/EngineMaterials/Substrate/Glints2/dict_0006_0046.uasset" 9636
"../../../Engine/Content/EngineMaterials/Substrate/Glints2/dict_0006_0042.uasset" 9637
"../../../Engine/Content/EngineMaterials/Substrate/Glints2/dict_0006_0039.uasset" 9638
"../../../Engine/Content/EngineMaterials/Substrate/Glints2/dict_0006_0043.uasset" 9639
"../../../Engine/Content/EngineMaterials/Substrate/Glints2/dict_0006_0048.uasset" 9640
"../../../Engine/Content/EngineMaterials/Substrate/Glints2/dict_0006_0034.uasset" 9641
"../../../Engine/Content/EngineMaterials/Substrate/Glints2/dict_0006_0041.uasset" 9642
"../../../Engine/Content/EngineMaterials/Substrate/Glints2/dict_0006_0038.uasset" 9643
"../../../Engine/Content/EngineMaterials/Substrate/Glints2/dict_0006_0044.uasset" 9644
"../../../Engine/Content/EngineMaterials/Substrate/Glints2/dict_0006_0055.uasset" 9645
"../../../Engine/Content/EngineMaterials/Substrate/Glints2/dict_0006_0053.uasset" 9646
"../../../Engine/Content/EngineMaterials/Substrate/Glints2/dict_0006_0054.uasset" 9647
"../../../Engine/Content/EngineMaterials/Substrate/Glints2/dict_0006_0050.uasset" 9648
"../../../Engine/Content/EngineMaterials/Substrate/Glints2/dict_0006_0049.uasset" 9649
"../../../Engine/Content/EngineMaterials/Substrate/Glints2/dict_0006_0040.uasset" 9650
"../../../Engine/Content/EngineMaterials/Substrate/Glints2/dict_0006_0051.uasset" 9651
"../../../Engine/Content/EngineMaterials/Substrate/Glints2/dict_0006_0060.uasset" 9652
"../../../Engine/Content/EngineMaterials/Substrate/Glints2/dict_0006_0052.uasset" 9653
"../../../Engine/Content/EngineMaterials/Substrate/Glints2/dict_0006_0056.uasset" 9654
"../../../Engine/Content/EngineMaterials/Substrate/Glints2/dict_0006_0047.uasset" 9655
"../../../Engine/Content/EngineMaterials/Substrate/Glints2/dict_0006_0057.uasset" 9656
"../../../Engine/Content/EngineMaterials/Substrate/Glints2/dict_0006_0058.uasset" 9657
"/Engine/EngineMaterials/Substrate/Glints2/dict_0006_0049" 9658
"/Engine/EngineMaterials/Substrate/Glints2/dict_0006_0034" 9659
"/Engine/EngineMaterials/Substrate/Glints2/dict_0006_0060" 9660
"../../../Engine/Content/EngineMaterials/Substrate/Glints2/dict_0006_0061.uasset" 9661
"../../../Engine/Content/EngineMaterials/Substrate/Glints2/dict_0006_0062.uasset" 9662
"../../../Engine/Content/EngineMaterials/Substrate/Glints2/dict_0006_0059.uasset" 9663
"../../../Engine/Content/EngineMaterials/Substrate/Glints2/dict_0006_0064.uasset" 9664
"../../../Engine/Content/EngineMaterials/Substrate/Glints2/dict_0006_0063.uasset" 9665
"../../../Engine/Content/EngineMaterials/Substrate/Glints2/dict_0006_0065.uasset" 9666
"/Engine/EngineMaterials/Substrate/Glints2/dict_0006_0048" 9667
"/Engine/EngineMaterials/Substrate/Glints2/dict_0006_0058" 9668
"/Engine/EngineMaterials/Substrate/Glints2/dict_0006_0057" 9669
"../../../Engine/Content/EngineMaterials/Substrate/Glints2/dict_0006_0068.uasset" 9670
"/Engine/EngineMaterials/Substrate/Glints2/dict_0006_0056" 9671
"../../../Engine/Content/EngineMaterials/Substrate/Glints2/dict_0006_0067.uasset" 9672
"/Engine/EngineMaterials/Substrate/Glints2/dict_0006_0055" 9673
"../../../Engine/Content/EngineMaterials/Substrate/Glints2/dict_0006_0066.uasset" 9674
"/Engine/EngineMaterials/Substrate/Glints2/dict_0006_0054" 9675
"/Engine/EngineMaterials/Substrate/Glints2/dict_0006_0053" 9676
"/Engine/EngineMaterials/Substrate/Glints2/dict_0006_0047" 9677
"/Engine/EngineMaterials/Substrate/Glints2/dict_0006_0046" 9678
"/Engine/EngineMaterials/Substrate/Glints2/dict_0006_0052" 9679
"/Engine/EngineMaterials/Substrate/Glints2/dict_0006_0045" 9680
"/Engine/EngineMaterials/Substrate/Glints2/dict_0006_0044" 9681
"/Engine/EngineMaterials/Substrate/Glints2/dict_0006_0043" 9682
"/Engine/EngineMaterials/Substrate/Glints2/dict_0006_0042" 9683
"/Engine/EngineMaterials/Substrate/Glints2/dict_0006_0041" 9684
"/Engine/EngineMaterials/Substrate/Glints2/dict_0006_0051" 9685
"/Engine/EngineMaterials/Substrate/Glints2/dict_0006_0040" 9686
"/Engine/EngineMaterials/Substrate/Glints2/dict_0006_0039" 9687
"/Engine/EngineMaterials/Substrate/Glints2/dict_0006_0038" 9688
"/Engine/EngineMaterials/Substrate/Glints2/dict_0006_0050" 9689
"/Engine/EngineMaterials/Substrate/Glints2/dict_0006_0068" 9690
"/Engine/EngineMaterials/Substrate/Glints2/dict_0006_0064" 9691
"../../../Engine/Content/EngineMaterials/Substrate/Glints2/dict_0006_0070.uasset" 9692
"../../../Engine/Content/EngineMaterials/Substrate/Glints2/dict_0006_0082.uasset" 9693
"../../../Engine/Content/EngineMaterials/Substrate/Glints2/dict_0006_0074.uasset" 9694
"../../../Engine/Content/EngineMaterials/Substrate/Glints2/dict_0006_0075.uasset" 9695
"/Engine/EngineMaterials/Substrate/Glints2/dict_0006_0067" 9696
"../../../Engine/Content/EngineMaterials/Substrate/Glints2/dict_0006_0078.uasset" 9697
"../../../Engine/Content/EngineMaterials/Substrate/Glints2/dict_0006_0071.uasset" 9698
"../../../Engine/Content/EngineMaterials/Substrate/Glints2/dict_0006_0072.uasset" 9699
"../../../Engine/Content/EngineMaterials/Substrate/Glints2/dict_0006_0073.uasset" 9700
"../../../Engine/Content/EngineMaterials/Substrate/Glints2/dict_0006_0081.uasset" 9701
"/Engine/EngineMaterials/Substrate/Glints2/dict_0006_0063" 9702
"../../../Engine/Content/EngineMaterials/Substrate/Glints2/dict_0006_0079.uasset" 9703
"/Engine/EngineMaterials/Substrate/Glints2/dict_0006_0066" 9704
"../../../Engine/Content/EngineMaterials/Substrate/Glints2/dict_0006_0076.uasset" 9705
"/Engine/EngineMaterials/Substrate/Glints2/dict_0006_0065" 9706
"/Engine/EngineMaterials/Substrate/Glints2/dict_0006_0062" 9707
"/Engine/EngineMaterials/Substrate/Glints2/dict_0006_0061" 9708
"../../../Engine/Content/EngineMaterials/Substrate/Glints2/dict_0006_0077.uasset" 9709
"/Engine/EngineMaterials/Substrate/Glints2/dict_0006_0059" 9710
"../../../Engine/Content/EngineMaterials/Substrate/Glints2/dict_0006_0083.uasset" 9711
"/Engine/EngineMaterials/Substrate/Glints2/dict_0006_0082" 9712
"/Engine/EngineMaterials/Substrate/Glints2/dict_0006_0081" 9713
"../../../Engine/Content/EngineMaterials/Substrate/Glints2/dict_0006_0084.uasset" 9714
"/Engine/EngineMaterials/Substrate/Glints2/dict_0006_0079" 9715
"/Engine/EngineMaterials/Substrate/Glints2/dict_0006_0078" 9716
"/Engine/EngineMaterials/Substrate/Glints2/dict_0006_0077" 9717
"/Engine/EngineMaterials/Substrate/Glints2/dict_0006_0076" 9718
"/Engine/EngineMaterials/Substrate/Glints2/dict_0006_0075" 9719
"/Engine/EngineMaterials/Substrate/Glints2/dict_0006_0074" 9720
"../../../Engine/Content/EngineMaterials/Substrate/Glints2/dict_0006_0069.uasset" 9721
"/Engine/EngineMaterials/Substrate/Glints2/dict_0006_0073" 9722
"/Engine/EngineMaterials/Substrate/Glints2/dict_0006_0072" 9723
"/Engine/EngineMaterials/Substrate/Glints2/dict_0006_0071" 9724
"/Engine/EngineMaterials/Substrate/Glints2/dict_0006_0070" 9725
"/Engine/EngineMaterials/Substrate/Glints2/dict_0006_0084" 9726
"../../../Engine/Content/EngineMaterials/Substrate/Glints2/dict_0006_0094.uasset" 9727
"../../../Engine/Content/EngineMaterials/Substrate/Glints2/dict_0006_0090.uasset" 9728
"../../../Engine/Content/EngineMaterials/Substrate/Glints2/dict_0006_0088.uasset" 9729
"/Engine/EngineMaterials/Substrate/Glints2/dict_0006_0083" 9730
"../../../Engine/Content/EngineMaterials/Substrate/Glints2/dict_0006_0092.uasset" 9731
"/Engine/EngineMaterials/Substrate/Glints2/dict_0006_0069" 9732
"/Engine/EngineMaterials/Substrate/Glints2/dict_0006_0090" 9733
"../../../Engine/Content/EngineMaterials/Substrate/Glints2/dict_0006_0095.uasset" 9734
"/Engine/EngineMaterials/Substrate/Glints2/dict_0006_0094" 9735
"/Engine/EngineMaterials/Substrate/Glints2/dict_0006_0092" 9736
"../../../Engine/Content/EngineMaterials/Substrate/Glints2/dict_0006_0085.uasset" 9737
"/Engine/EngineMaterials/Substrate/Glints2/dict_0006_0095" 9738
"../../../Engine/Content/EngineMaterials/Substrate/Glints2/dict_0006_0093.uasset" 9739
"/Engine/EngineMaterials/Substrate/Glints2/dict_0006_0093" 9740
"../../../Engine/Content/EngineMaterials/Substrate/Glints2/dict_0006_0091.uasset" 9741
"/Engine/EngineMaterials/Substrate/Glints2/dict_0006_0088" 9742
"/Engine/EngineMaterials/Substrate/Glints2/dict_0006_0085" 9743
"../../../Engine/Content/EngineMaterials/Substrate/Glints2/dict_0006_0087.uasset" 9744
"/Engine/EngineMaterials/Substrate/Glints2/dict_0006_0091" 9745
"/Engine/EngineMaterials/Substrate/Glints2/dict_0006_0087" 9746
"../../../Engine/Content/EngineMaterials/Substrate/Glints2/dict_0006_0089.uasset" 9747
"/Engine/EngineMaterials/Substrate/Glints2/dict_0006_0089" 9748
"../../../Engine/Content/EngineMaterials/Substrate/Glints2/dict_0006_0099.uasset" 9749
"../../../Engine/Content/EngineMaterials/Substrate/Glints2/dict_0006_0100.uasset" 9750
"../../../Engine/Content/EngineMaterials/Substrate/Glints2/dict_0006_0080.uasset" 9751
"../../../Engine/Content/EngineMaterials/Substrate/Glints2/dict_0006_0086.uasset" 9752
"../../../Engine/Content/EngineMaterials/Substrate/Glints2/dict_0006_0105.uasset" 9753
"../../../Engine/Content/EngineMaterials/Substrate/Glints2/dict_0006_0097.uasset" 9754
"../../../Engine/Content/EngineMaterials/Substrate/Glints2/dict_0006_0104.uasset" 9755
"../../../Engine/Content/EngineMaterials/Substrate/Glints2/dict_0006_0102.uasset" 9756
"../../../Engine/Content/EngineMaterials/Substrate/Glints2/dict_0006_0107.uasset" 9757
"../../../Engine/Content/EngineMaterials/Substrate/Glints2/dict_0006_0108.uasset" 9758
"../../../Engine/Content/EngineMaterials/Substrate/Glints2/dict_0006_0101.uasset" 9759
"../../../Engine/Content/EngineMaterials/Substrate/Glints2/dict_0006_0103.uasset" 9760
"../../../Engine/Content/EngineMaterials/Substrate/Glints2/dict_0006_0112.uasset" 9761
"../../../Engine/Content/EngineMaterials/Substrate/Glints2/dict_0006_0111.uasset" 9762
"../../../Engine/Content/EngineMaterials/Substrate/Glints2/dict_0006_0096.uasset" 9763
"../../../Engine/Content/EngineMaterials/Substrate/Glints2/dict_0006_0109.uasset" 9764
"/Engine/EngineMaterials/Substrate/Glints2/dict_0006_0100" 9765
"../../../Engine/Content/EngineMaterials/Substrate/Glints2/dict_0006_0116.uasset" 9766
"../../../Engine/Content/EngineMaterials/Substrate/Glints2/dict_0006_0114.uasset" 9767
"../../../Engine/Content/EngineMaterials/Substrate/Glints2/dict_0006_0115.uasset" 9768
"/Engine/EngineMaterials/Substrate/Glints2/dict_0006_0099" 9769
"/Engine/EngineMaterials/Substrate/Glints2/dict_0006_0097" 9770
"../../../Engine/Content/EngineMaterials/Substrate/Glints2/dict_0006_0119.uasset" 9771
"../../../Engine/Content/EngineMaterials/Substrate/Glints2/dict_0006_0117.uasset" 9772
"/Engine/EngineMaterials/Substrate/Glints2/dict_0006_0096" 9773
"../../../Engine/Content/EngineMaterials/Substrate/Glints2/dict_0006_0123.uasset" 9774
"../../../Engine/Content/EngineMaterials/Substrate/Glints2/dict_0006_0120.uasset" 9775
"../../../Engine/Content/EngineMaterials/Substrate/Glints2/dict_0006_0124.uasset" 9776
"../../../Engine/Content/EngineMaterials/Substrate/Glints2/dict_0006_0122.uasset" 9777
"/Engine/EngineMaterials/Substrate/Glints2/dict_0006_0086" 9778
"../../../Engine/Content/EngineMaterials/Substrate/Glints2/dict_0006_0098.uasset" 9779
"/Engine/EngineMaterials/Substrate/Glints2/dict_0006_0112" 9780
"../../../Engine/Content/EngineMaterials/Substrate/Glints2/dict_0006_0106.uasset" 9781
"../../../Engine/Content/EngineMaterials/Substrate/Glints2/dict_0006_0110.uasset" 9782
"/Engine/EngineMaterials/Substrate/Glints2/dict_0006_0111" 9783
"../../../Engine/Content/EngineMaterials/Substrate/Glints2/dict_0006_0125.uasset" 9784
"/Engine/EngineMaterials/Substrate/Glints2/dict_0006_0080" 9785
"/Engine/EngineMaterials/Substrate/Glints2/dict_0006_0109" 9786
"/Engine/EngineMaterials/Substrate/Glints2/dict_0006_0108" 9787
"/Engine/EngineMaterials/Substrate/Glints2/dict_0006_0107" 9788
"../../../Engine/Content/EngineMaterials/Substrate/Glints2/dict_0006_0121.uasset" 9789
"../../../Engine/Content/EngineMaterials/Substrate/Glints2/dict_0006_0113.uasset" 9790
"/Engine/EngineMaterials/Substrate/Glints2/dict_0006_0105" 9791
"/Engine/EngineMaterials/Substrate/Glints2/dict_0006_0104" 9792
"/Engine/EngineMaterials/Substrate/Glints2/dict_0006_0103" 9793
"/Engine/EngineMaterials/Substrate/Glints2/dict_0006_0102" 9794
"/Engine/EngineMaterials/Substrate/Glints2/dict_0006_0101" 9795
"/Engine/EngineMaterials/Substrate/Glints2/dict_0006_0098" 9796
"/Engine/EngineMaterials/Substrate/Glints2/dict_0006_0123" 9797
"/Engine/EngineMaterials/Substrate/Glints2/dict_0006_0119" 9798
"/Engine/EngineMaterials/Substrate/Glints2/dict_0006_0117" 9799
"/Engine/EngineMaterials/Substrate/Glints2/dict_0006_0122" 9800
"/Engine/EngineMaterials/Substrate/Glints2/dict_0006_0125" 9801
"/Engine/EngineMaterials/Substrate/Glints2/dict_0006_0121" 9802
"/Engine/EngineMaterials/Substrate/Glints2/dict_0006_0116" 9803
"/Engine/EngineMaterials/Substrate/Glints2/dict_0006_0124" 9804
"/Engine/EngineMaterials/Substrate/Glints2/dict_0006_0120" 9805
"/Engine/EngineMaterials/Substrate/Glints2/dict_0006_0115" 9806
"/Engine/EngineMaterials/Substrate/Glints2/dict_0006_0114" 9807
"/Engine/EngineMaterials/Substrate/Glints2/dict_0006_0110" 9808
"/Engine/EngineMaterials/Substrate/Glints2/dict_0006_0106" 9809
"/Engine/EngineMaterials/Substrate/Glints2/dict_0006_0113" 9810
"../../../Engine/Content/EngineMaterials/Substrate/Glints2/dict_0006_0136.uasset" 9811
"../../../Engine/Content/EngineMaterials/Substrate/Glints2/dict_0006_0134.uasset" 9812
"../../../Engine/Content/EngineMaterials/Substrate/Glints2/dict_0006_0131.uasset" 9813
"../../../Engine/Content/EngineMaterials/Substrate/Glints2/dict_0006_0118.uasset" 9814
"../../../Engine/Content/EngineMaterials/Substrate/Glints2/dict_0006_0130.uasset" 9815
"../../../Engine/Content/EngineMaterials/Substrate/Glints2/dict_0006_0138.uasset" 9816
"../../../Engine/Content/EngineMaterials/Substrate/Glints2/dict_0006_0128.uasset" 9817
"../../../Engine/Content/EngineMaterials/Substrate/Glints2/dict_0006_0127.uasset" 9818
"../../../Engine/Content/EngineMaterials/Substrate/Glints2/dict_0006_0137.uasset" 9819
"../../../Engine/Content/EngineMaterials/Substrate/Glints2/dict_0006_0135.uasset" 9820
"../../../Engine/Content/EngineMaterials/Substrate/Glints2/dict_0006_0126.uasset" 9821
"../../../Engine/Content/EngineMaterials/Substrate/Glints2/dict_0006_0133.uasset" 9822
"../../../Engine/Content/EngineMaterials/Substrate/Glints2/dict_0006_0140.uasset" 9823
"../../../Engine/Content/EngineMaterials/Substrate/Glints2/dict_0006_0143.uasset" 9824
"../../../Engine/Content/EngineMaterials/Substrate/Glints2/dict_0006_0141.uasset" 9825
"../../../Engine/Content/EngineMaterials/Substrate/Glints2/dict_0006_0144.uasset" 9826
"../../../Engine/Content/EngineMaterials/Substrate/Glints2/dict_0006_0147.uasset" 9827
"../../../Engine/Content/EngineMaterials/Substrate/Glints2/dict_0006_0146.uasset" 9828
"../../../Engine/Content/EngineMaterials/Substrate/Glints2/dict_0006_0149.uasset" 9829
"../../../Engine/Content/EngineMaterials/Substrate/Glints2/dict_0006_0148.uasset" 9830
"../../../Engine/Content/EngineMaterials/Substrate/Glints2/dict_0006_0139.uasset" 9831
"/Engine/EngineMaterials/Substrate/Glints2/dict_0006_0141" 9832
"../../../Engine/Content/EngineMaterials/Substrate/Glints2/dict_0006_0129.uasset" 9833
"../../../Engine/Content/EngineMaterials/Substrate/Glints2/dict_0006_0151.uasset" 9834
"../../../Engine/Content/EngineMaterials/Substrate/Glints2/dict_0006_0150.uasset" 9835
"/Engine/EngineMaterials/Substrate/Glints2/dict_0006_0140" 9836
"../../../Engine/Content/EngineMaterials/Substrate/Glints2/dict_0006_0152.uasset" 9837
"../../../Engine/Content/EngineMaterials/Substrate/Glints2/dict_0006_0153.uasset" 9838
"../../../Engine/Content/EngineMaterials/Substrate/Glints2/dict_0006_0132.uasset" 9839
"../../../Engine/Content/EngineMaterials/Substrate/Glints2/dict_0006_0154.uasset" 9840
"../../../Engine/Content/EngineMaterials/Substrate/Glints2/dict_0006_0142.uasset" 9841
"/Engine/EngineMaterials/Substrate/Glints2/dict_0006_0138" 9842
"../../../Engine/Content/EngineMaterials/Substrate/Glints2/dict_0006_0145.uasset" 9843
"/Engine/EngineMaterials/Substrate/Glints2/dict_0006_0118" 9844
"/Engine/EngineMaterials/Substrate/Glints2/dict_0006_0149" 9845
"/Engine/EngineMaterials/Substrate/Glints2/dict_0006_0137" 9846
"/Engine/EngineMaterials/Substrate/Glints2/dict_0006_0147" 9847
"/Engine/EngineMaterials/Substrate/Glints2/dict_0006_0146" 9848
"/Engine/EngineMaterials/Substrate/Glints2/dict_0006_0136" 9849
"../../../Engine/Content/EngineMaterials/Substrate/Glints2/dict_0006_0155.uasset" 9850
"../../../Engine/Content/EngineMaterials/Substrate/Glints2/dict_0006_0156.uasset" 9851
"/Engine/EngineMaterials/Substrate/Glints2/dict_0006_0135" 9852
"/Engine/EngineMaterials/Substrate/Glints2/dict_0006_0134" 9853
"/Engine/EngineMaterials/Substrate/Glints2/dict_0006_0144" 9854
"/Engine/EngineMaterials/Substrate/Glints2/dict_0006_0133" 9855
"/Engine/EngineMaterials/Substrate/Glints2/dict_0006_0131" 9856
"/Engine/EngineMaterials/Substrate/Glints2/dict_0006_0143" 9857
"/Engine/EngineMaterials/Substrate/Glints2/dict_0006_0130" 9858
"/Engine/EngineMaterials/Substrate/Glints2/dict_0006_0128" 9859
"/Engine/EngineMaterials/Substrate/Glints2/dict_0006_0127" 9860
"/Engine/EngineMaterials/Substrate/Glints2/dict_0006_0126" 9861
"/Engine/EngineMaterials/Substrate/Glints2/dict_0006_0156" 9862
"/Engine/EngineMaterials/Substrate/Glints2/dict_0006_0139" 9863
"/Engine/EngineMaterials/Substrate/Glints2/dict_0006_0155" 9864
"/Engine/EngineMaterials/Substrate/Glints2/dict_0006_0154" 9865
"/Engine/EngineMaterials/Substrate/Glints2/dict_0006_0153" 9866
"/Engine/EngineMaterials/Substrate/Glints2/dict_0006_0152" 9867
"/Engine/EngineMaterials/Substrate/Glints2/dict_0006_0151" 9868
"/Engine/EngineMaterials/Substrate/Glints2/dict_0006_0150" 9869
"/Engine/EngineMaterials/Substrate/Glints2/dict_0006_0148" 9870
"/Engine/EngineMaterials/Substrate/Glints2/dict_0006_0145" 9871
"/Engine/EngineMaterials/Substrate/Glints2/dict_0006_0132" 9872
"/Engine/EngineMaterials/Substrate/Glints2/dict_0006_0129" 9873
"/Engine/EngineMaterials/Substrate/Glints2/dict_0006_0142" 9874
"../../../Engine/Content/EngineMaterials/Substrate/Glints2/dict_0006_0165.uasset" 9875
"../../../Engine/Content/EngineMaterials/Substrate/Glints2/dict_0006_0167.uasset" 9876
"../../../Engine/Content/EngineMaterials/Substrate/Glints2/dict_0006_0159.uasset" 9877
"../../../Engine/Content/EngineMaterials/Substrate/Glints2/dict_0006_0163.uasset" 9878
"../../../Engine/Content/EngineMaterials/Substrate/Glints2/dict_0006_0168.uasset" 9879
"../../../Engine/Content/EngineMaterials/Substrate/Glints2/dict_0006_0170.uasset" 9880
"C:/Users/EnekoMartinGomez/AppData/Local/Temp/UnrealShaderWorkingDir/1326FC684A63CE071D03AEA6D3BEA282/5/WorkerOutputOnly.out" 9881
"../../../Engine/Content/EngineMaterials/Substrate/Glints2/dict_0006_0169.uasset" 9882
"../../../Engine/Content/EngineMaterials/Substrate/Glints2/dict_0006_0157.uasset" 9883
"../../../Engine/Content/EngineMaterials/Substrate/Glints2/dict_0006_0164.uasset" 9884
"../../../Engine/Content/EngineMaterials/Substrate/Glints2/dict_0006_0158.uasset" 9885
"../../../Engine/Content/EngineMaterials/Substrate/Glints2/dict_0006_0161.uasset" 9886
"../../../Engine/Content/EngineMaterials/Substrate/Glints2/dict_0006_0162.uasset" 9887
"../../../Engine/Content/EngineMaterials/Substrate/Glints2/dict_0006_0171.uasset" 9888
"../../../Engine/Content/EngineMaterials/Substrate/Glints2/dict_0006_0174.uasset" 9889
"../../../Engine/Content/EngineMaterials/Substrate/Glints2/dict_0006_0172.uasset" 9890
"../../../Engine/Content/EngineMaterials/Substrate/Glints2/dict_0006_0175.uasset" 9891
"../../../Engine/Content/EngineMaterials/Substrate/Glints2/dict_0006_0176.uasset" 9892
"../../../Engine/Content/EngineMaterials/Substrate/Glints2/dict_0006_0177.uasset" 9893
"../../../Engine/Content/EngineMaterials/Substrate/Glints2/dict_0006_0173.uasset" 9894
"../../../Engine/Content/EngineMaterials/Substrate/Glints2/dict_0006_0166.uasset" 9895
"../../../Engine/Content/EngineMaterials/Substrate/Glints2/dict_0006_0178.uasset" 9896
"/Engine/EngineMaterials/Substrate/Glints2/dict_0006_0175" 9897
"../../../Engine/Content/EngineMaterials/Substrate/Glints2/dict_0006_0179.uasset" 9898
"../../../Engine/Content/EngineMaterials/Substrate/Glints2/dict_0006_0160.uasset" 9899
"/Engine/EngineMaterials/Substrate/Glints2/dict_0006_0174" 9900
"../../../Engine/Content/EngineMaterials/Substrate/Glints2/dict_0006_0183.uasset" 9901
"/Engine/EngineMaterials/Substrate/Glints2/dict_0006_0173" 9902
"/Engine/EngineMaterials/Substrate/Glints2/dict_0006_0172" 9903
"/Engine/EngineMaterials/Substrate/Glints2/dict_0006_0171" 9904
"../../../Engine/Content/EngineMaterials/Substrate/Glints2/dict_0006_0184.uasset" 9905
"../../../Engine/Content/EngineMaterials/Substrate/Glints2/dict_0006_0186.uasset" 9906
"/Engine/EngineMaterials/Substrate/Glints2/dict_0006_0170" 9907
"/Engine/EngineMaterials/Substrate/Glints2/dict_0006_0169" 9908
"/Engine/EngineMaterials/Substrate/Glints2/dict_0006_0168" 9909
"/Engine/EngineMaterials/Substrate/Glints2/dict_0006_0167" 9910
"/Engine/EngineMaterials/Substrate/Glints2/dict_0006_0166" 9911
"/Engine/EngineMaterials/Substrate/Glints2/dict_0006_0165" 9912
"/Engine/EngineMaterials/Substrate/Glints2/dict_0006_0164" 9913
"../../../Engine/Content/EngineMaterials/Substrate/Glints2/dict_0006_0187.uasset" 9914
"../../../Engine/Content/EngineMaterials/Substrate/Glints2/dict_0006_0180.uasset" 9915
"../../../Engine/Content/EngineMaterials/Substrate/Glints2/dict_0006_0182.uasset" 9916
"/Engine/EngineMaterials/Substrate/Glints2/dict_0006_0163" 9917
"/Engine/EngineMaterials/Substrate/Glints2/dict_0006_0162" 9918
"/Engine/EngineMaterials/Substrate/Glints2/dict_0006_0161" 9919
"../../../Engine/Content/EngineMaterials/Substrate/Glints2/dict_0006_0185.uasset" 9920
"/Engine/EngineMaterials/Substrate/Glints2/dict_0006_0177" 9921
"/Engine/EngineMaterials/Substrate/Glints2/dict_0006_0159" 9922
"/Engine/EngineMaterials/Substrate/Glints2/dict_0006_0158" 9923
"/Engine/EngineMaterials/Substrate/Glints2/dict_0006_0157" 9924
"/Engine/EngineMaterials/Substrate/Glints2/dict_0006_0176" 9925
"/Engine/EngineMaterials/Substrate/Glints2/dict_0006_0187" 9926
"/Engine/EngineMaterials/Substrate/Glints2/dict_0006_0186" 9927
"/Engine/EngineMaterials/Substrate/Glints2/dict_0006_0185" 9928
"/Engine/EngineMaterials/Substrate/Glints2/dict_0006_0184" 9929
"/Engine/EngineMaterials/Substrate/Glints2/dict_0006_0183" 9930
"/Engine/EngineMaterials/Substrate/Glints2/dict_0006_0182" 9931
"/Engine/EngineMaterials/Substrate/Glints2/dict_0006_0180" 9932
"../../../Engine/Content/EngineMaterials/Substrate/Glints2/dict_0006_0181.uasset" 9933
"/Engine/EngineMaterials/Substrate/Glints2/dict_0006_0179" 9934
"/Engine/EngineMaterials/Substrate/Glints2/dict_0006_0178" 9935
"/Engine/EngineMaterials/Substrate/Glints2/dict_0006_0160" 9936
"/Engine/EngineMaterials/Substrate/Glints2/dict_0006_0181" 9937
"../../../Engine/Content/EngineMaterials/Substrate/Glints2/dict_0006_0188.uasset" 9938
"../../../Engine/Content/EngineMaterials/Substrate/Glints2/dict_0006_0194.uasset" 9939
"../../../Engine/Content/EngineMaterials/Substrate/Glints2/dict_0006_0190.uasset" 9940
"../../../Engine/Content/EngineMaterials/Substrate/Glints2/dict_0006_0196.uasset" 9941
"../../../Engine/Content/EngineMaterials/Substrate/Glints2/dict_0006_0197.uasset" 9942
"../../../Engine/Content/EngineMaterials/Substrate/Glints2/dict_0006_0195.uasset" 9943
"../../../Engine/Content/EngineMaterials/Substrate/Glints2/dict_0006_0193.uasset" 9944
"../../../Engine/Content/EngineMaterials/Substrate/Glints2/dict_0006_0189.uasset" 9945
"../../../Engine/Content/EngineMaterials/Substrate/Glints2/dict_0006_0192.uasset" 9946
"../../../Engine/Content/EngineMaterials/Substrate/Glints2/dict_0006_0198.uasset" 9947
"../../../Engine/Content/EngineMaterials/Substrate/Glints2/dict_0006_0191.uasset" 9948
"../../../Engine/Content/EngineMaterials/Substrate/Glints2/dict_0006_0200.uasset" 9949
"../../../Engine/Content/EngineMaterials/Substrate/Glints2/dict_0006_0205.uasset" 9950
"../../../Engine/Content/EngineMaterials/Substrate/Glints2/dict_0006_0206.uasset" 9951
"../../../Engine/Content/EngineMaterials/Substrate/Glints2/dict_0006_0207.uasset" 9952
"../../../Engine/Content/EngineMaterials/Substrate/Glints2/dict_0006_0204.uasset" 9953
"/Engine/EngineMaterials/Substrate/Glints2/dict_0006_0207" 9954
"../../../Engine/Content/EngineMaterials/Substrate/Glints2/dict_0006_0202.uasset" 9955
"../../../Engine/Content/EngineMaterials/Substrate/Glints2/dict_0006_0201.uasset" 9956
"/Engine/EngineMaterials/Substrate/Glints2/dict_0006_0188" 9957
"/Engine/EngineMaterials/Substrate/Glints2/dict_0006_0206" 9958
"../../../Engine/Content/EngineMaterials/Substrate/Glints2/dict_0006_0203.uasset" 9959
"../../../Engine/Content/EngineMaterials/Substrate/Glints2/dict_0006_0208.uasset" 9960
"../../../Engine/Content/EngineMaterials/Substrate/Glints2/dict_0006_0210.uasset" 9961
"/Engine/EngineMaterials/Substrate/Glints2/dict_0006_0205" 9962
"../../../Engine/Content/EngineMaterials/Substrate/Glints2/dict_0006_0212.uasset" 9963
"../../../Engine/Content/EngineMaterials/Substrate/Glints2/dict_0006_0215.uasset" 9964
"../../../Engine/Content/EngineMaterials/Substrate/Glints2/dict_0006_0214.uasset" 9965
"../../../Engine/Content/EngineMaterials/Substrate/Glints2/dict_0006_0213.uasset" 9966
"/Engine/EngineMaterials/Substrate/Glints2/dict_0006_0204" 9967
"../../../Engine/Content/EngineMaterials/Substrate/Glints2/dict_0006_0217.uasset" 9968
"/Engine/EngineMaterials/Substrate/Glints2/dict_0006_0200" 9969
"../../../Engine/Content/EngineMaterials/Substrate/Glints2/dict_0006_0209.uasset" 9970
"../../../Engine/Content/EngineMaterials/Substrate/Glints2/dict_0006_0216.uasset" 9971
"/Engine/EngineMaterials/Substrate/Glints2/dict_0006_0198" 9972
"/Engine/EngineMaterials/Substrate/Glints2/dict_0006_0197" 9973
"/Engine/EngineMaterials/Substrate/Glints2/dict_0006_0196" 9974
"/Engine/EngineMaterials/Substrate/Glints2/dict_0006_0195" 9975
"/Engine/EngineMaterials/Substrate/Glints2/dict_0006_0194" 9976
"/Engine/EngineMaterials/Substrate/Glints2/dict_0006_0193" 9977
"/Engine/EngineMaterials/Substrate/Glints2/dict_0006_0192" 9978
"/Engine/EngineMaterials/Substrate/Glints2/dict_0006_0191" 9979
"/Engine/EngineMaterials/Substrate/Glints2/dict_0006_0190" 9980
"/Engine/EngineMaterials/Substrate/Glints2/dict_0006_0189" 9981
"/Engine/EngineMaterials/Substrate/Glints2/dict_0006_0208" 9982
"/Engine/EngineMaterials/Substrate/Glints2/dict_0006_0217" 9983
"/Engine/EngineMaterials/Substrate/Glints2/dict_0006_0216" 9984
"/Engine/EngineMaterials/Substrate/Glints2/dict_0006_0215" 9985
"/Engine/EngineMaterials/Substrate/Glints2/dict_0006_0214" 9986
"/Engine/EngineMaterials/Substrate/Glints2/dict_0006_0213" 9987
"/Engine/EngineMaterials/Substrate/Glints2/dict_0006_0212" 9988
"/Engine/EngineMaterials/Substrate/Glints2/dict_0006_0203" 9989
"/Engine/EngineMaterials/Substrate/Glints2/dict_0006_0202" 9990
"../../../Engine/Content/EngineMaterials/Substrate/Glints2/dict_0006_0218.uasset" 9991
"../../../Engine/Content/EngineMaterials/Substrate/Glints2/dict_0006_0199.uasset" 9992
"../../../Engine/Content/EngineMaterials/Substrate/Glints2/dict_0006_0219.uasset" 9993
"/Engine/EngineMaterials/Substrate/Glints2/dict_0006_0201" 9994
"/Engine/EngineMaterials/Substrate/Glints2/dict_0006_0210" 9995
"/Engine/EngineMaterials/Substrate/Glints2/dict_0006_0209" 9996
"/Engine/EngineMaterials/Substrate/Glints2/dict_0006_0218" 9997
"/Engine/EngineMaterials/Substrate/Glints2/dict_0006_0219" 9998
"../../../Engine/Content/EngineMaterials/Substrate/Glints2/dict_0006_0211.uasset" 9999
"/Engine/EngineMaterials/Substrate/Glints2/dict_0006_0199" 10000
"/Engine/EngineMaterials/Substrate/Glints2/dict_0006_0211" 10001
"../../../Engine/Content/EngineMaterials/Substrate/Glints2/dict_0006_0225.uasset" 10002
"../../../Engine/Content/EngineMaterials/Substrate/Glints2/dict_0006_0222.uasset" 10003
"../../../Engine/Content/EngineMaterials/Substrate/Glints2/dict_0006_0224.uasset" 10004
"../../../Engine/Content/EngineMaterials/Substrate/Glints2/dict_0006_0223.uasset" 10005
"../../../Engine/Content/EngineMaterials/Substrate/Glints2/dict_0006_0221.uasset" 10006
"../../../Engine/Content/EngineMaterials/Substrate/Glints2/dict_0006_0226.uasset" 10007
"../../../Engine/Content/EngineMaterials/Substrate/Glints2/dict_0006_0220.uasset" 10008
"../../../Engine/Content/EngineMaterials/Substrate/Glints2/dict_0006_0229.uasset" 10009
"../../../Engine/Content/EngineMaterials/Substrate/Glints2/dict_0006_0231.uasset" 10010
"../../../Engine/Content/EngineMaterials/Substrate/Glints2/dict_0006_0234.uasset" 10011
"../../../Engine/Content/EngineMaterials/Substrate/Glints2/dict_0006_0236.uasset" 10012
"../../../Engine/Content/EngineMaterials/Substrate/Glints2/dict_0006_0232.uasset" 10013
"../../../Engine/Content/EngineMaterials/Substrate/Glints2/dict_0006_0230.uasset" 10014
"../../../Engine/Content/EngineMaterials/Substrate/Glints2/dict_0006_0228.uasset" 10015
"../../../Engine/Content/EngineMaterials/Substrate/Glints2/dict_0006_0227.uasset" 10016
"../../../Engine/Content/EngineMaterials/Substrate/Glints2/dict_0006_0233.uasset" 10017
"../../../Engine/Content/EngineMaterials/Substrate/Glints2/dict_0006_0235.uasset" 10018
"../../../Engine/Content/EngineMaterials/Substrate/Glints2/dict_0006_0237.uasset" 10019
"../../../Engine/Content/EngineMaterials/Substrate/Glints2/dict_0006_0239.uasset" 10020
"../../../Engine/Content/EngineMaterials/Substrate/Glints2/dict_0006_0242.uasset" 10021
"../../../Engine/Content/EngineMaterials/Substrate/Glints2/dict_0006_0243.uasset" 10022
"../../../Engine/Content/EngineMaterials/Substrate/Glints2/dict_0006_0241.uasset" 10023
"../../../Engine/Content/EngineMaterials/Substrate/Glints2/dict_0006_0240.uasset" 10024
"/Engine/EngineMaterials/Substrate/Glints2/dict_0006_0235" 10025
"../../../Engine/Content/EngineMaterials/Substrate/Glints2/dict_0006_0244.uasset" 10026
"../../../Engine/Content/EngineMaterials/Substrate/Glints2/dict_0006_0246.uasset" 10027
"../../../Engine/Content/EngineMaterials/Substrate/Glints2/dict_0006_0245.uasset" 10028
"/Engine/EngineMaterials/Substrate/Glints2/dict_0006_0234" 10029
"../../../Engine/Content/EngineMaterials/Substrate/Glints2/dict_0006_0238.uasset" 10030
"../../../Engine/Content/EngineMaterials/Substrate/Glints2/dict_0006_0247.uasset" 10031
"/Engine/EngineMaterials/Substrate/Glints2/dict_0006_0233" 10032
"../../../Engine/Content/EngineMaterials/Substrate/Glints2/dict_0006_0248.uasset" 10033
"/Engine/EngineMaterials/Substrate/Glints2/dict_0006_0232" 10034
"/Engine/EngineMaterials/Substrate/Glints2/dict_0006_0243" 10035
"/Engine/EngineMaterials/Substrate/Glints2/dict_0006_0242" 10036
"/Engine/EngineMaterials/Substrate/Glints2/dict_0006_0231" 10037
"../../../Engine/Content/EngineMaterials/Substrate/Glints2/dict_0006_0249.uasset" 10038
"/Engine/EngineMaterials/Substrate/Glints2/dict_0006_0241" 10039
"/Engine/EngineMaterials/Substrate/Glints2/dict_0006_0240" 10040
"../../../Engine/Content/EngineMaterials/Substrate/Glints2/dict_0006_0250.uasset" 10041
"/Engine/EngineMaterials/Substrate/Glints2/dict_0006_0239" 10042
"/Engine/EngineMaterials/Substrate/Glints2/dict_0006_0230" 10043
"/Engine/EngineMaterials/Substrate/Glints2/dict_0006_0229" 10044
"../../../Engine/Content/EngineMaterials/Substrate/Glints2/dict_0006_0251.uasset" 10045
"/Engine/EngineMaterials/Substrate/Glints2/dict_0006_0228" 10046
"/Engine/EngineMaterials/Substrate/Glints2/dict_0006_0227" 10047
"/Engine/EngineMaterials/Substrate/Glints2/dict_0006_0237" 10048
"/Engine/EngineMaterials/Substrate/Glints2/dict_0006_0226" 10049
"/Engine/EngineMaterials/Substrate/Glints2/dict_0006_0225" 10050
"/Engine/EngineMaterials/Substrate/Glints2/dict_0006_0236" 10051
"/Engine/EngineMaterials/Substrate/Glints2/dict_0006_0224" 10052
"/Engine/EngineMaterials/Substrate/Glints2/dict_0006_0223" 10053
"/Engine/EngineMaterials/Substrate/Glints2/dict_0006_0222" 10054
"/Engine/EngineMaterials/Substrate/Glints2/dict_0006_0221" 10055
"/Engine/EngineMaterials/Substrate/Glints2/dict_0006_0220" 10056
"/Engine/EngineMaterials/Substrate/Glints2/dict_0006_0247" 10057
"/Engine/EngineMaterials/Substrate/Glints2/dict_0006_0250" 10058
"/Engine/EngineMaterials/Substrate/Glints2/dict_0006_0246" 10059
"/Engine/EngineMaterials/Substrate/Glints2/dict_0006_0245" 10060
"/Engine/EngineMaterials/Substrate/Glints2/dict_0006_0244" 10061
"../../../Engine/Content/EngineMaterials/Substrate/Glints2/dict_0007_0005.uasset" 10062
"../../../Engine/Content/EngineMaterials/Substrate/Glints2/dict_0006_0254.uasset" 10063
"../../../Engine/Content/EngineMaterials/Substrate/Glints2/dict_0006_0252.uasset" 10064
"/Engine/EngineMaterials/Substrate/Glints2/dict_0006_0249" 10065
"../../../Engine/Content/EngineMaterials/Substrate/Glints2/dict_0006_0253.uasset" 10066
"../../../Engine/Content/EngineMaterials/Substrate/Glints2/dict_0007_0009.uasset" 10067
"../../../Engine/Content/EngineMaterials/Substrate/Glints2/dict_0007_0004.uasset" 10068
"../../../Engine/Content/EngineMaterials/Substrate/Glints2/dict_0007_0007.uasset" 10069
"../../../Engine/Content/EngineMaterials/Substrate/Glints2/dict_0007_0008.uasset" 10070
"../../../Engine/Content/EngineMaterials/Substrate/Glints2/dict_0007_0000.uasset" 10071
"/Engine/EngineMaterials/Substrate/Glints2/dict_0006_0238" 10072
"/Engine/EngineMaterials/Substrate/Glints2/dict_0006_0251" 10073
"/Engine/EngineMaterials/Substrate/Glints2/dict_0006_0248" 10074
"../../../Engine/Content/EngineMaterials/Substrate/Glints2/dict_0007_0002.uasset" 10075
"../../../Engine/Content/EngineMaterials/Substrate/Glints2/dict_0007_0006.uasset" 10076
"/Engine/EngineMaterials/Substrate/Glints2/dict_0007_0009" 10077
"../../../Engine/Content/EngineMaterials/Substrate/Glints2/dict_0007_0003.uasset" 10078
"../../../Engine/Content/EngineMaterials/Substrate/Glints2/dict_0007_0001.uasset" 10079
"/Engine/EngineMaterials/Substrate/Glints2/dict_0007_0008" 10080
"../../../Engine/Content/EngineMaterials/Substrate/Glints2/dict_0006_0255.uasset" 10081
"/Engine/EngineMaterials/Substrate/Glints2/dict_0007_0007" 10082
"/Engine/EngineMaterials/Substrate/Glints2/dict_0007_0005" 10083
"/Engine/EngineMaterials/Substrate/Glints2/dict_0007_0004" 10084
"/Engine/EngineMaterials/Substrate/Glints2/dict_0007_0002" 10085
"/Engine/EngineMaterials/Substrate/Glints2/dict_0007_0000" 10086
"/Engine/EngineMaterials/Substrate/Glints2/dict_0006_0254" 10087
"/Engine/EngineMaterials/Substrate/Glints2/dict_0006_0253" 10088
"/Engine/EngineMaterials/Substrate/Glints2/dict_0006_0252" 10089
"/Engine/EngineMaterials/Substrate/Glints2/dict_0007_0006" 10090
"/Engine/EngineMaterials/Substrate/Glints2/dict_0007_0003" 10091
"/Engine/EngineMaterials/Substrate/Glints2/dict_0007_0001" 10092
"/Engine/EngineMaterials/Substrate/Glints2/dict_0006_0255" 10093
"../../../Engine/Content/EngineMaterials/Substrate/Glints2/dict_0007_0015.uasset" 10094
"../../../Engine/Content/EngineMaterials/Substrate/Glints2/dict_0007_0016.uasset" 10095
"../../../Engine/Content/EngineMaterials/Substrate/Glints2/dict_0007_0011.uasset" 10096
"../../../Engine/Content/EngineMaterials/Substrate/Glints2/dict_0007_0010.uasset" 10097
"../../../Engine/Content/EngineMaterials/Substrate/Glints2/dict_0007_0014.uasset" 10098
"../../../Engine/Content/EngineMaterials/Substrate/Glints2/dict_0007_0017.uasset" 10099
"../../../Engine/Content/EngineMaterials/Substrate/Glints2/dict_0007_0012.uasset" 10100
"../../../Engine/Content/EngineMaterials/Substrate/Glints2/dict_0007_0013.uasset" 10101
"../../../Engine/Content/EngineMaterials/Substrate/Glints2/dict_0007_0020.uasset" 10102
"../../../Engine/Content/EngineMaterials/Substrate/Glints2/dict_0007_0019.uasset" 10103
"../../../Engine/Content/EngineMaterials/Substrate/Glints2/dict_0007_0027.uasset" 10104
"../../../Engine/Content/EngineMaterials/Substrate/Glints2/dict_0007_0023.uasset" 10105
"../../../Engine/Content/EngineMaterials/Substrate/Glints2/dict_0007_0021.uasset" 10106
"../../../Engine/Content/EngineMaterials/Substrate/Glints2/dict_0007_0026.uasset" 10107
"../../../Engine/Content/EngineMaterials/Substrate/Glints2/dict_0007_0025.uasset" 10108
"../../../Engine/Content/EngineMaterials/Substrate/Glints2/dict_0007_0024.uasset" 10109
"../../../Engine/Content/EngineMaterials/Substrate/Glints2/dict_0007_0022.uasset" 10110
"../../../Engine/Content/EngineMaterials/Substrate/Glints2/dict_0007_0028.uasset" 10111
"../../../Engine/Content/EngineMaterials/Substrate/Glints2/dict_0007_0018.uasset" 10112
"../../../Engine/Content/EngineMaterials/Substrate/Glints2/dict_0007_0029.uasset" 10113
"../../../Engine/Content/EngineMaterials/Substrate/Glints2/dict_0007_0031.uasset" 10114
"/Engine/EngineMaterials/Substrate/Glints2/dict_0007_0027" 10115
"../../../Engine/Content/EngineMaterials/Substrate/Glints2/dict_0007_0034.uasset" 10116
"/Engine/EngineMaterials/Substrate/Glints2/dict_0007_0018" 10117
"/Engine/EngineMaterials/Substrate/Glints2/dict_0007_0017" 10118
"/Engine/EngineMaterials/Substrate/Glints2/dict_0007_0026" 10119
"../../../Engine/Content/EngineMaterials/Substrate/Glints2/dict_0007_0039.uasset" 10120
"../../../Engine/Content/EngineMaterials/Substrate/Glints2/dict_0007_0035.uasset" 10121
"../../../Engine/Content/EngineMaterials/Substrate/Glints2/dict_0007_0040.uasset" 10122
"/Engine/EngineMaterials/Substrate/Glints2/dict_0007_0016" 10123
"../../../Engine/Content/EngineMaterials/Substrate/Glints2/dict_0007_0030.uasset" 10124
"/Engine/EngineMaterials/Substrate/Glints2/dict_0007_0025" 10125
"/Engine/EngineMaterials/Substrate/Glints2/dict_0007_0015" 10126
"/Engine/EngineMaterials/Substrate/Glints2/dict_0007_0024" 10127
"/Engine/EngineMaterials/Substrate/Glints2/dict_0007_0023" 10128
"../../../Engine/Content/EngineMaterials/Substrate/Glints2/dict_0007_0033.uasset" 10129
"/Engine/EngineMaterials/Substrate/Glints2/dict_0007_0014" 10130
"../../../Engine/Content/EngineMaterials/Substrate/Glints2/dict_0007_0032.uasset" 10131
"/Engine/EngineMaterials/Substrate/Glints2/dict_0007_0013" 10132
"../../../Engine/Content/EngineMaterials/Substrate/Glints2/dict_0007_0037.uasset" 10133
"/Engine/EngineMaterials/Substrate/Glints2/dict_0007_0022" 10134
"/Engine/EngineMaterials/Substrate/Glints2/dict_0007_0012" 10135
"/Engine/EngineMaterials/Substrate/Glints2/dict_0007_0011" 10136
"../../../Engine/Content/EngineMaterials/Substrate/Glints2/dict_0007_0038.uasset" 10137
"/Engine/EngineMaterials/Substrate/Glints2/dict_0007_0010" 10138
"/Engine/EngineMaterials/Substrate/Glints2/dict_0007_0021" 10139
"../../../Engine/Content/EngineMaterials/Substrate/Glints2/dict_0007_0036.uasset" 10140
"/Engine/EngineMaterials/Substrate/Glints2/dict_0007_0020" 10141
"/Engine/EngineMaterials/Substrate/Glints2/dict_0007_0019" 10142
"/Engine/EngineMaterials/Substrate/Glints2/dict_0007_0031" 10143
"/Engine/EngineMaterials/Substrate/Glints2/dict_0007_0029" 10144
"/Engine/EngineMaterials/Substrate/Glints2/dict_0007_0028" 10145
"/Engine/EngineMaterials/Substrate/Glints2/dict_0007_0037" 10146
"/Engine/EngineMaterials/Substrate/Glints2/dict_0007_0036" 10147
"/Engine/EngineMaterials/Substrate/Glints2/dict_0007_0035" 10148
"/Engine/EngineMaterials/Substrate/Glints2/dict_0007_0034" 10149
"/Engine/EngineMaterials/Substrate/Glints2/dict_0007_0033" 10150
"/Engine/EngineMaterials/Substrate/Glints2/dict_0007_0040" 10151
"/Engine/EngineMaterials/Substrate/Glints2/dict_0007_0032" 10152
"/Engine/EngineMaterials/Substrate/Glints2/dict_0007_0039" 10153
"/Engine/EngineMaterials/Substrate/Glints2/dict_0007_0038" 10154
"/Engine/EngineMaterials/Substrate/Glints2/dict_0007_0030" 10155
"../../../Engine/Content/EngineMaterials/Substrate/Glints2/dict_0007_0041.uasset" 10156
"/Engine/EngineMaterials/Substrate/Glints2/dict_0007_0041" 10157
"../../../Engine/Content/EngineMaterials/Substrate/Glints2/dict_0007_0046.uasset" 10158
"../../../Engine/Content/EngineMaterials/Substrate/Glints2/dict_0007_0043.uasset" 10159
"../../../Engine/Content/EngineMaterials/Substrate/Glints2/dict_0007_0050.uasset" 10160
"../../../Engine/Content/EngineMaterials/Substrate/Glints2/dict_0007_0049.uasset" 10161
"../../../Engine/Content/EngineMaterials/Substrate/Glints2/dict_0007_0042.uasset" 10162
"../../../Engine/Content/EngineMaterials/Substrate/Glints2/dict_0007_0048.uasset" 10163
"../../../Engine/Content/EngineMaterials/Substrate/Glints2/dict_0007_0054.uasset" 10164
"../../../Engine/Content/EngineMaterials/Substrate/Glints2/dict_0007_0052.uasset" 10165
"../../../Engine/Content/EngineMaterials/Substrate/Glints2/dict_0007_0044.uasset" 10166
"../../../Engine/Content/EngineMaterials/Substrate/Glints2/dict_0007_0051.uasset" 10167
"../../../Engine/Content/EngineMaterials/Substrate/Glints2/dict_0007_0047.uasset" 10168
"../../../Engine/Content/EngineMaterials/Substrate/Glints2/dict_0007_0055.uasset" 10169
"../../../Engine/Content/EngineMaterials/Substrate/Glints2/dict_0007_0045.uasset" 10170
"../../../Engine/Content/EngineMaterials/Substrate/Glints2/dict_0007_0053.uasset" 10171
"../../../Engine/Content/EngineMaterials/Substrate/Glints2/dict_0007_0057.uasset" 10172
"../../../Engine/Content/EngineMaterials/Substrate/Glints2/dict_0007_0059.uasset" 10173
"../../../Engine/Content/EngineMaterials/Substrate/Glints2/dict_0007_0058.uasset" 10174
"../../../Engine/Content/EngineMaterials/Substrate/Glints2/dict_0007_0060.uasset" 10175
"../../../Engine/Content/EngineMaterials/Substrate/Glints2/dict_0007_0061.uasset" 10176
"/Engine/EngineMaterials/Substrate/Glints2/dict_0007_0061" 10177
"../../../Engine/Content/EngineMaterials/Substrate/Glints2/dict_0007_0065.uasset" 10178
"../../../Engine/Content/EngineMaterials/Substrate/Glints2/dict_0007_0067.uasset" 10179
"../../../Engine/Content/EngineMaterials/Substrate/Glints2/dict_0007_0062.uasset" 10180
"../../../Engine/Content/EngineMaterials/Substrate/Glints2/dict_0007_0056.uasset" 10181
"/Engine/EngineMaterials/Substrate/Glints2/dict_0007_0060" 10182
"../../../Engine/Content/EngineMaterials/Substrate/Glints2/dict_0007_0063.uasset" 10183
"../../../Engine/Content/EngineMaterials/Substrate/Glints2/dict_0007_0066.uasset" 10184
"../../../Engine/Content/EngineMaterials/Substrate/Glints2/dict_0007_0064.uasset" 10185
"../../../Engine/Content/EngineMaterials/Substrate/Glints2/dict_0007_0068.uasset" 10186
"/Engine/EngineMaterials/Substrate/Glints2/dict_0007_0059" 10187
"../../../Engine/Content/EngineMaterials/Substrate/Glints2/dict_0007_0072.uasset" 10188
"/Engine/EngineMaterials/Substrate/Glints2/dict_0007_0058" 10189
"../../../Engine/Content/EngineMaterials/Substrate/Glints2/dict_0007_0071.uasset" 10190
"/Engine/EngineMaterials/Substrate/Glints2/dict_0007_0057" 10191
"../../../Engine/Content/EngineMaterials/Substrate/Glints2/dict_0007_0070.uasset" 10192
"/Engine/EngineMaterials/Substrate/Glints2/dict_0007_0055" 10193
"/Engine/EngineMaterials/Substrate/Glints2/dict_0007_0054" 10194
"/Engine/EngineMaterials/Substrate/Glints2/dict_0007_0053" 10195
"/Engine/EngineMaterials/Substrate/Glints2/dict_0007_0052" 10196
"../../../Engine/Content/EngineMaterials/Substrate/Glints2/dict_0007_0073.uasset" 10197
"/Engine/EngineMaterials/Substrate/Glints2/dict_0007_0051" 10198
"../../../Engine/Content/EngineMaterials/Substrate/Glints2/dict_0007_0069.uasset" 10199
"/Engine/EngineMaterials/Substrate/Glints2/dict_0007_0050" 10200
"/Engine/EngineMaterials/Substrate/Glints2/dict_0007_0049" 10201
"/Engine/EngineMaterials/Substrate/Glints2/dict_0007_0048" 10202
"/Engine/EngineMaterials/Substrate/Glints2/dict_0007_0047" 10203
"/Engine/EngineMaterials/Substrate/Glints2/dict_0007_0046" 10204
"/Engine/EngineMaterials/Substrate/Glints2/dict_0007_0045" 10205
"/Engine/EngineMaterials/Substrate/Glints2/dict_0007_0044" 10206
"/Engine/EngineMaterials/Substrate/Glints2/dict_0007_0043" 10207
"/Engine/EngineMaterials/Substrate/Glints2/dict_0007_0042" 10208
"/Engine/EngineMaterials/Substrate/Glints2/dict_0007_0062" 10209
"/Engine/EngineMaterials/Substrate/Glints2/dict_0007_0056" 10210
"/Engine/EngineMaterials/Substrate/Glints2/dict_0007_0072" 10211
"/Engine/EngineMaterials/Substrate/Glints2/dict_0007_0071" 10212
"/Engine/EngineMaterials/Substrate/Glints2/dict_0007_0070" 10213
"/Engine/EngineMaterials/Substrate/Glints2/dict_0007_0073" 10214
"/Engine/EngineMaterials/Substrate/Glints2/dict_0007_0069" 10215
"/Engine/EngineMaterials/Substrate/Glints2/dict_0007_0068" 10216
"/Engine/EngineMaterials/Substrate/Glints2/dict_0007_0067" 10217
"/Engine/EngineMaterials/Substrate/Glints2/dict_0007_0066" 10218
"/Engine/EngineMaterials/Substrate/Glints2/dict_0007_0065" 10219
"/Engine/EngineMaterials/Substrate/Glints2/dict_0007_0064" 10220
"/Engine/EngineMaterials/Substrate/Glints2/dict_0007_0063" 10221
"../../../Engine/Content/EngineMaterials/Substrate/Glints2/dict_0007_0084.uasset" 10222
"../../../Engine/Content/EngineMaterials/Substrate/Glints2/dict_0007_0081.uasset" 10223
"../../../Engine/Content/EngineMaterials/Substrate/Glints2/dict_0007_0085.uasset" 10224
"../../../Engine/Content/EngineMaterials/Substrate/Glints2/dict_0007_0077.uasset" 10225
"../../../Engine/Content/EngineMaterials/Substrate/Glints2/dict_0007_0078.uasset" 10226
"../../../Engine/Content/EngineMaterials/Substrate/Glints2/dict_0007_0074.uasset" 10227
"../../../Engine/Content/EngineMaterials/Substrate/Glints2/dict_0007_0082.uasset" 10228
"../../../Engine/Content/EngineMaterials/Substrate/Glints2/dict_0007_0076.uasset" 10229
"../../../Engine/Content/EngineMaterials/Substrate/Glints2/dict_0007_0086.uasset" 10230
"../../../Engine/Content/EngineMaterials/Substrate/Glints2/dict_0007_0092.uasset" 10231
"../../../Engine/Content/EngineMaterials/Substrate/Glints2/dict_0007_0093.uasset" 10232
"../../../Engine/Content/EngineMaterials/Substrate/Glints2/dict_0007_0090.uasset" 10233
"../../../Engine/Content/EngineMaterials/Substrate/Glints2/dict_0007_0089.uasset" 10234
"../../../Engine/Content/EngineMaterials/Substrate/Glints2/dict_0007_0087.uasset" 10235
"../../../Engine/Content/EngineMaterials/Substrate/Glints2/dict_0007_0088.uasset" 10236
"../../../Engine/Content/EngineMaterials/Substrate/Glints2/dict_0007_0079.uasset" 10237
"/Engine/EngineMaterials/Substrate/Glints2/dict_0007_0092" 10238
"../../../Engine/Content/EngineMaterials/Substrate/Glints2/dict_0007_0096.uasset" 10239
"../../../Engine/Content/EngineMaterials/Substrate/Glints2/dict_0007_0091.uasset" 10240
"/Engine/EngineMaterials/Substrate/Glints2/dict_0007_0090" 10241
"/Engine/EngineMaterials/Substrate/Glints2/dict_0007_0089" 10242
"../../../Engine/Content/EngineMaterials/Substrate/Glints2/dict_0007_0098.uasset" 10243
"../../../Engine/Content/EngineMaterials/Substrate/Glints2/dict_0007_0101.uasset" 10244
"../../../Engine/Content/EngineMaterials/Substrate/Glints2/dict_0007_0097.uasset" 10245
"../../../Engine/Content/EngineMaterials/Substrate/Glints2/dict_0007_0099.uasset" 10246
"../../../Engine/Content/EngineMaterials/Substrate/Glints2/dict_0007_0102.uasset" 10247
"../../../Engine/Content/EngineMaterials/Substrate/Glints2/dict_0007_0094.uasset" 10248
"../../../Engine/Content/EngineMaterials/Substrate/Glints2/dict_0007_0095.uasset" 10249
"/Engine/EngineMaterials/Substrate/Glints2/dict_0007_0088" 10250
"/Engine/EngineMaterials/Substrate/Glints2/dict_0007_0087" 10251
"../../../Engine/Content/EngineMaterials/Substrate/Glints2/dict_0007_0083.uasset" 10252
"../../../Engine/Content/EngineMaterials/Substrate/Glints2/dict_0007_0075.uasset" 10253
"../../../Engine/Content/EngineMaterials/Substrate/Glints2/dict_0007_0080.uasset" 10254
"/Engine/EngineMaterials/Substrate/Glints2/dict_0007_0086" 10255
"/Engine/EngineMaterials/Substrate/Glints2/dict_0007_0085" 10256
"../../../Engine/Content/EngineMaterials/Substrate/Glints2/dict_0007_0105.uasset" 10257
"/Engine/EngineMaterials/Substrate/Glints2/dict_0007_0084" 10258
"../../../Engine/Content/EngineMaterials/Substrate/Glints2/dict_0007_0104.uasset" 10259
"../../../Engine/Content/EngineMaterials/Substrate/Glints2/dict_0007_0100.uasset" 10260
"/Engine/EngineMaterials/Substrate/Glints2/dict_0007_0082" 10261
"/Engine/EngineMaterials/Substrate/Glints2/dict_0007_0081" 10262
"../../../Engine/Content/EngineMaterials/Substrate/Glints2/dict_0007_0103.uasset" 10263
"/Engine/EngineMaterials/Substrate/Glints2/dict_0007_0079" 10264
"/Engine/EngineMaterials/Substrate/Glints2/dict_0007_0078" 10265
"/Engine/EngineMaterials/Substrate/Glints2/dict_0007_0077" 10266
"/Engine/EngineMaterials/Substrate/Glints2/dict_0007_0076" 10267
"/Engine/EngineMaterials/Substrate/Glints2/dict_0007_0093" 10268
"/Engine/EngineMaterials/Substrate/Glints2/dict_0007_0074" 10269
"/Engine/EngineMaterials/Substrate/Glints2/dict_0007_0105" 10270
"/Engine/EngineMaterials/Substrate/Glints2/dict_0007_0091" 10271
"/Engine/EngineMaterials/Substrate/Glints2/dict_0007_0104" 10272
"/Engine/EngineMaterials/Substrate/Glints2/dict_0007_0083" 10273
"../../../Engine/Content/EngineMaterials/Substrate/Glints2/dict_0007_0112.uasset" 10274
"../../../Engine/Content/EngineMaterials/Substrate/Glints2/dict_0007_0115.uasset" 10275
"../../../Engine/Content/EngineMaterials/Substrate/Glints2/dict_0007_0114.uasset" 10276
"../../../Engine/Content/EngineMaterials/Substrate/Glints2/dict_0007_0113.uasset" 10277
"../../../Engine/Content/EngineMaterials/Substrate/Glints2/dict_0007_0118.uasset" 10278
"../../../Engine/Content/EngineMaterials/Substrate/Glints2/dict_0007_0107.uasset" 10279
"../../../Engine/Content/EngineMaterials/Substrate/Glints2/dict_0007_0106.uasset" 10280
"/Engine/EngineMaterials/Substrate/Glints2/dict_0007_0080" 10281
"../../../Engine/Content/EngineMaterials/Substrate/Glints2/dict_0007_0109.uasset" 10282
"/Engine/EngineMaterials/Substrate/Glints2/dict_0007_0103" 10283
"../../../Engine/Content/EngineMaterials/Substrate/Glints2/dict_0007_0110.uasset" 10284
"../../../Engine/Content/EngineMaterials/Substrate/Glints2/dict_0007_0117.uasset" 10285
"/Engine/EngineMaterials/Substrate/Glints2/dict_0007_0102" 10286
"/Engine/EngineMaterials/Substrate/Glints2/dict_0007_0101" 10287
"/Engine/EngineMaterials/Substrate/Glints2/dict_0007_0100" 10288
"/Engine/EngineMaterials/Substrate/Glints2/dict_0007_0099" 10289
"/Engine/EngineMaterials/Substrate/Glints2/dict_0007_0098" 10290
"/Engine/EngineMaterials/Substrate/Glints2/dict_0007_0097" 10291
"../../../Engine/Content/EngineMaterials/Substrate/Glints2/dict_0007_0121.uasset" 10292
"../../../Engine/Content/EngineMaterials/Substrate/Glints2/dict_0007_0120.uasset" 10293
"/Engine/EngineMaterials/Substrate/Glints2/dict_0007_0096" 10294
"/Engine/EngineMaterials/Substrate/Glints2/dict_0007_0095" 10295
"/Engine/EngineMaterials/Substrate/Glints2/dict_0007_0094" 10296
"/Engine/EngineMaterials/Substrate/Glints2/dict_0007_0075" 10297
"/Engine/EngineMaterials/Substrate/Glints2/dict_0007_0121" 10298
"../../../Engine/Content/EngineMaterials/Substrate/Glints2/dict_0007_0119.uasset" 10299
"../../../Engine/Content/EngineMaterials/Substrate/Glints2/dict_0007_0111.uasset" 10300
"/Engine/EngineMaterials/Substrate/Glints2/dict_0007_0120" 10301
"../../../Engine/Content/EngineMaterials/Substrate/Glints2/dict_0007_0108.uasset" 10302
"/Engine/EngineMaterials/Substrate/Glints2/dict_0007_0118" 10303
"/Engine/EngineMaterials/Substrate/Glints2/dict_0007_0117" 10304
"/Engine/EngineMaterials/Substrate/Glints2/dict_0007_0115" 10305
"/Engine/EngineMaterials/Substrate/Glints2/dict_0007_0114" 10306
"/Engine/EngineMaterials/Substrate/Glints2/dict_0007_0113" 10307
"/Engine/EngineMaterials/Substrate/Glints2/dict_0007_0112" 10308
"/Engine/EngineMaterials/Substrate/Glints2/dict_0007_0110" 10309
"../../../Engine/Content/EngineMaterials/Substrate/Glints2/dict_0007_0116.uasset" 10310
"/Engine/EngineMaterials/Substrate/Glints2/dict_0007_0109" 10311
"/Engine/EngineMaterials/Substrate/Glints2/dict_0007_0107" 10312
"/Engine/EngineMaterials/Substrate/Glints2/dict_0007_0106" 10313
"../../../Engine/Content/EngineMaterials/Substrate/Glints2/dict_0007_0125.uasset" 10314
"../../../Engine/Content/EngineMaterials/Substrate/Glints2/dict_0007_0129.uasset" 10315
"../../../Engine/Content/EngineMaterials/Substrate/Glints2/dict_0007_0124.uasset" 10316
"../../../Engine/Content/EngineMaterials/Substrate/Glints2/dict_0007_0123.uasset" 10317
"../../../Engine/Content/EngineMaterials/Substrate/Glints2/dict_0007_0130.uasset" 10318
"../../../Engine/Content/EngineMaterials/Substrate/Glints2/dict_0007_0122.uasset" 10319
"../../../Engine/Content/EngineMaterials/Substrate/Glints2/dict_0007_0128.uasset" 10320
"/Engine/EngineMaterials/Substrate/Glints2/dict_0007_0119" 10321
"/Engine/EngineMaterials/Substrate/Glints2/dict_0007_0116" 10322
"../../../Engine/Content/EngineMaterials/Substrate/Glints2/dict_0007_0132.uasset" 10323
"/Engine/EngineMaterials/Substrate/Glints2/dict_0007_0111" 10324
"/Engine/EngineMaterials/Substrate/Glints2/dict_0007_0130" 10325
"/Engine/EngineMaterials/Substrate/Glints2/dict_0007_0129" 10326
"/Engine/EngineMaterials/Substrate/Glints2/dict_0007_0125" 10327
"/Engine/EngineMaterials/Substrate/Glints2/dict_0007_0124" 10328
"/Engine/EngineMaterials/Substrate/Glints2/dict_0007_0108" 10329
"/Engine/EngineMaterials/Substrate/Glints2/dict_0007_0123" 10330
"/Engine/EngineMaterials/Substrate/Glints2/dict_0007_0122" 10331
"/Engine/EngineMaterials/Substrate/Glints2/dict_0007_0132" 10332
"/Engine/EngineMaterials/Substrate/Glints2/dict_0007_0128" 10333
"../../../Engine/Content/EngineMaterials/Substrate/Glints2/dict_0007_0127.uasset" 10334
"../../../Engine/Content/EngineMaterials/Substrate/Glints2/dict_0007_0126.uasset" 10335
"../../../Engine/Content/EngineMaterials/Substrate/Glints2/dict_0007_0136.uasset" 10336
"../../../Engine/Content/EngineMaterials/Substrate/Glints2/dict_0007_0134.uasset" 10337
"../../../Engine/Content/EngineMaterials/Substrate/Glints2/dict_0007_0139.uasset" 10338
"../../../Engine/Content/EngineMaterials/Substrate/Glints2/dict_0007_0138.uasset" 10339
"../../../Engine/Content/EngineMaterials/Substrate/Glints2/dict_0007_0140.uasset" 10340
"../../../Engine/Content/EngineMaterials/Substrate/Glints2/dict_0007_0142.uasset" 10341
"../../../Engine/Content/EngineMaterials/Substrate/Glints2/dict_0007_0141.uasset" 10342
"../../../Engine/Content/EngineMaterials/Substrate/Glints2/dict_0007_0137.uasset" 10343
"../../../Engine/Content/EngineMaterials/Substrate/Glints2/dict_0007_0133.uasset" 10344
"../../../Engine/Content/EngineMaterials/Substrate/Glints2/dict_0007_0143.uasset" 10345
"../../../Engine/Content/EngineMaterials/Substrate/Glints2/dict_0007_0131.uasset" 10346
"../../../Engine/Content/EngineMaterials/Substrate/Glints2/dict_0007_0147.uasset" 10347
"../../../Engine/Content/EngineMaterials/Substrate/Glints2/dict_0007_0145.uasset" 10348
"../../../Engine/Content/EngineMaterials/Substrate/Glints2/dict_0007_0144.uasset" 10349
"../../../Engine/Content/EngineMaterials/Substrate/Glints2/dict_0007_0151.uasset" 10350
"../../../Engine/Content/EngineMaterials/Substrate/Glints2/dict_0007_0149.uasset" 10351
"../../../Engine/Content/EngineMaterials/Substrate/Glints2/dict_0007_0148.uasset" 10352
"../../../Engine/Content/EngineMaterials/Substrate/Glints2/dict_0007_0152.uasset" 10353
"../../../Engine/Content/EngineMaterials/Substrate/Glints2/dict_0007_0146.uasset" 10354
"../../../Engine/Content/EngineMaterials/Substrate/Glints2/dict_0007_0155.uasset" 10355
"../../../Engine/Content/EngineMaterials/Substrate/Glints2/dict_0007_0135.uasset" 10356
"../../../Engine/Content/EngineMaterials/Substrate/Glints2/dict_0007_0150.uasset" 10357
"/Engine/EngineMaterials/Substrate/Glints2/dict_0007_0137" 10358
"../../../Engine/Content/EngineMaterials/Substrate/Glints2/dict_0007_0161.uasset" 10359
"/Engine/EngineMaterials/Substrate/Glints2/dict_0007_0149" 10360
"../../../Engine/Content/EngineMaterials/Substrate/Glints2/dict_0007_0160.uasset" 10361
"../../../Engine/Content/EngineMaterials/Substrate/Glints2/dict_0007_0153.uasset" 10362
"../../../Engine/Content/EngineMaterials/Substrate/Glints2/dict_0007_0159.uasset" 10363
"/Engine/EngineMaterials/Substrate/Glints2/dict_0007_0136" 10364
"../../../Engine/Content/EngineMaterials/Substrate/Glints2/dict_0007_0157.uasset" 10365
"../../../Engine/Content/EngineMaterials/Substrate/Glints2/dict_0007_0154.uasset" 10366
"/Engine/EngineMaterials/Substrate/Glints2/dict_0007_0148" 10367
"/Engine/EngineMaterials/Substrate/Glints2/dict_0007_0147" 10368
"/Engine/EngineMaterials/Substrate/Glints2/dict_0007_0135" 10369
"/Engine/EngineMaterials/Substrate/Glints2/dict_0007_0146" 10370
"/Engine/EngineMaterials/Substrate/Glints2/dict_0007_0145" 10371
"/Engine/EngineMaterials/Substrate/Glints2/dict_0007_0144" 10372
"/Engine/EngineMaterials/Substrate/Glints2/dict_0007_0134" 10373
"/Engine/EngineMaterials/Substrate/Glints2/dict_0007_0143" 10374
"/Engine/EngineMaterials/Substrate/Glints2/dict_0007_0142" 10375
"/Engine/EngineMaterials/Substrate/Glints2/dict_0007_0133" 10376
"/Engine/EngineMaterials/Substrate/Glints2/dict_0007_0141" 10377
"../../../Engine/Content/EngineMaterials/Substrate/Glints2/dict_0007_0158.uasset" 10378
"../../../Engine/Content/EngineMaterials/Substrate/Glints2/dict_0007_0156.uasset" 10379
"/Engine/EngineMaterials/Substrate/Glints2/dict_0007_0131" 10380
"/Engine/EngineMaterials/Substrate/Glints2/dict_0007_0140" 10381
"/Engine/EngineMaterials/Substrate/Glints2/dict_0007_0155" 10382
"/Engine/EngineMaterials/Substrate/Glints2/dict_0007_0127" 10383
"/Engine/EngineMaterials/Substrate/Glints2/dict_0007_0126" 10384
"/Engine/EngineMaterials/Substrate/Glints2/dict_0007_0152" 10385
"/Engine/EngineMaterials/Substrate/Glints2/dict_0007_0151" 10386
"/Engine/EngineMaterials/Substrate/Glints2/dict_0007_0139" 10387
"/Engine/EngineMaterials/Substrate/Glints2/dict_0007_0150" 10388
"/Engine/EngineMaterials/Substrate/Glints2/dict_0007_0138" 10389
"/Engine/EngineMaterials/Substrate/Glints2/dict_0007_0159" 10390
"/Engine/EngineMaterials/Substrate/Glints2/dict_0007_0158" 10391
"/Engine/EngineMaterials/Substrate/Glints2/dict_0007_0161" 10392
"/Engine/EngineMaterials/Substrate/Glints2/dict_0007_0157" 10393
"/Engine/EngineMaterials/Substrate/Glints2/dict_0007_0156" 10394
"/Engine/EngineMaterials/Substrate/Glints2/dict_0007_0160" 10395
"/Engine/EngineMaterials/Substrate/Glints2/dict_0007_0154" 10396
"/Engine/EngineMaterials/Substrate/Glints2/dict_0007_0153" 10397
"../../../Engine/Content/EngineMaterials/Substrate/Glints2/dict_0007_0167.uasset" 10398
"../../../Engine/Content/EngineMaterials/Substrate/Glints2/dict_0007_0165.uasset" 10399
"../../../Engine/Content/EngineMaterials/Substrate/Glints2/dict_0007_0171.uasset" 10400
"../../../Engine/Content/EngineMaterials/Substrate/Glints2/dict_0007_0166.uasset" 10401
"../../../Engine/Content/EngineMaterials/Substrate/Glints2/dict_0007_0169.uasset" 10402
"../../../Engine/Content/EngineMaterials/Substrate/Glints2/dict_0007_0163.uasset" 10403
"../../../Engine/Content/EngineMaterials/Substrate/Glints2/dict_0007_0174.uasset" 10404
"../../../Engine/Content/EngineMaterials/Substrate/Glints2/dict_0007_0168.uasset" 10405
"../../../Engine/Content/EngineMaterials/Substrate/Glints2/dict_0007_0180.uasset" 10406
"../../../Engine/Content/EngineMaterials/Substrate/Glints2/dict_0007_0177.uasset" 10407
"../../../Engine/Content/EngineMaterials/Substrate/Glints2/dict_0007_0170.uasset" 10408
"../../../Engine/Content/EngineMaterials/Substrate/Glints2/dict_0007_0178.uasset" 10409
"../../../Engine/Content/EngineMaterials/Substrate/Glints2/dict_0007_0175.uasset" 10410
"../../../Engine/Content/EngineMaterials/Substrate/Glints2/dict_0007_0162.uasset" 10411
"../../../Engine/Content/EngineMaterials/Substrate/Glints2/dict_0007_0183.uasset" 10412
"../../../Engine/Content/EngineMaterials/Substrate/Glints2/dict_0007_0176.uasset" 10413
"../../../Engine/Content/EngineMaterials/Substrate/Glints2/dict_0007_0181.uasset" 10414
"../../../Engine/Content/EngineMaterials/Substrate/Glints2/dict_0007_0185.uasset" 10415
"../../../Engine/Content/EngineMaterials/Substrate/Glints2/dict_0007_0187.uasset" 10416
"../../../Engine/Content/EngineMaterials/Substrate/Glints2/dict_0007_0186.uasset" 10417
"../../../Engine/Content/EngineMaterials/Substrate/Glints2/dict_0007_0172.uasset" 10418
"../../../Engine/Content/EngineMaterials/Substrate/Glints2/dict_0007_0179.uasset" 10419
"/Engine/EngineMaterials/Substrate/Glints2/dict_0007_0185" 10420
"../../../Engine/Content/EngineMaterials/Substrate/Glints2/dict_0007_0189.uasset" 10421
"../../../Engine/Content/EngineMaterials/Substrate/Glints2/dict_0007_0164.uasset" 10422
"../../../Engine/Content/EngineMaterials/Substrate/Glints2/dict_0007_0182.uasset" 10423
"../../../Engine/Content/EngineMaterials/Substrate/Glints2/dict_0007_0184.uasset" 10424
"../../../Engine/Content/EngineMaterials/Substrate/Glints2/dict_0007_0173.uasset" 10425
"../../../Engine/Content/EngineMaterials/Substrate/Glints2/dict_0007_0190.uasset" 10426
"/Engine/EngineMaterials/Substrate/Glints2/dict_0007_0183" 10427
"/Engine/EngineMaterials/Substrate/Glints2/dict_0007_0181" 10428
"../../../Engine/Content/EngineMaterials/Substrate/Glints2/dict_0007_0193.uasset" 10429
"../../../Engine/Content/EngineMaterials/Substrate/Glints2/dict_0007_0192.uasset" 10430
"../../../Engine/Content/EngineMaterials/Substrate/Glints2/dict_0007_0191.uasset" 10431
"/Engine/EngineMaterials/Substrate/Glints2/dict_0007_0180" 10432
"/Engine/EngineMaterials/Substrate/Glints2/dict_0007_0179" 10433
"/Engine/EngineMaterials/Substrate/Glints2/dict_0007_0178" 10434
"/Engine/EngineMaterials/Substrate/Glints2/dict_0007_0177" 10435
"/Engine/EngineMaterials/Substrate/Glints2/dict_0007_0176" 10436
"/Engine/EngineMaterials/Substrate/Glints2/dict_0007_0175" 10437
"/Engine/EngineMaterials/Substrate/Glints2/dict_0007_0174" 10438
"/Engine/EngineMaterials/Substrate/Glints2/dict_0007_0172" 10439
"/Engine/EngineMaterials/Substrate/Glints2/dict_0007_0171" 10440
"/Engine/EngineMaterials/Substrate/Glints2/dict_0007_0170" 10441
"/Engine/EngineMaterials/Substrate/Glints2/dict_0007_0169" 10442
"/Engine/EngineMaterials/Substrate/Glints2/dict_0007_0168" 10443
"/Engine/EngineMaterials/Substrate/Glints2/dict_0007_0167" 10444
"/Engine/EngineMaterials/Substrate/Glints2/dict_0007_0187" 10445
"/Engine/EngineMaterials/Substrate/Glints2/dict_0007_0186" 10446
"/Engine/EngineMaterials/Substrate/Glints2/dict_0007_0166" 10447
"../../../Engine/Content/EngineMaterials/Substrate/Glints2/dict_0007_0188.uasset" 10448
"/Engine/EngineMaterials/Substrate/Glints2/dict_0007_0165" 10449
"/Engine/EngineMaterials/Substrate/Glints2/dict_0007_0163" 10450
"/Engine/EngineMaterials/Substrate/Glints2/dict_0007_0162" 10451
"/Engine/EngineMaterials/Substrate/Glints2/dict_0007_0184" 10452
"/Engine/EngineMaterials/Substrate/Glints2/dict_0007_0182" 10453
"/Engine/EngineMaterials/Substrate/Glints2/dict_0007_0193" 10454
"/Engine/EngineMaterials/Substrate/Glints2/dict_0007_0192" 10455
"/Engine/EngineMaterials/Substrate/Glints2/dict_0007_0173" 10456
"/Engine/EngineMaterials/Substrate/Glints2/dict_0007_0191" 10457
"/Engine/EngineMaterials/Substrate/Glints2/dict_0007_0190" 10458
"/Engine/EngineMaterials/Substrate/Glints2/dict_0007_0189" 10459
"../../../Engine/Content/EngineMaterials/Substrate/Glints2/dict_0007_0205.uasset" 10460
"../../../Engine/Content/EngineMaterials/Substrate/Glints2/dict_0007_0199.uasset" 10461
"../../../Engine/Content/EngineMaterials/Substrate/Glints2/dict_0007_0200.uasset" 10462
"../../../Engine/Content/EngineMaterials/Substrate/Glints2/dict_0007_0206.uasset" 10463
"/Engine/EngineMaterials/Substrate/Glints2/dict_0007_0188" 10464
"../../../Engine/Content/EngineMaterials/Substrate/Glints2/dict_0007_0197.uasset" 10465
"../../../Engine/Content/EngineMaterials/Substrate/Glints2/dict_0007_0198.uasset" 10466
"../../../Engine/Content/EngineMaterials/Substrate/Glints2/dict_0007_0201.uasset" 10467
"/Engine/EngineMaterials/Substrate/Glints2/dict_0007_0164" 10468
"../../../Engine/Content/EngineMaterials/Substrate/Glints2/dict_0007_0194.uasset" 10469
"/Engine/EngineMaterials/Substrate/Glints2/dict_0007_0206" 10470
"../../../Engine/Content/EngineMaterials/Substrate/Glints2/dict_0007_0207.uasset" 10471
"/Engine/EngineMaterials/Substrate/Glints2/dict_0007_0205" 10472
"/Engine/EngineMaterials/Substrate/Glints2/dict_0007_0201" 10473
"/Engine/EngineMaterials/Substrate/Glints2/dict_0007_0200" 10474
"../../../Engine/Content/EngineMaterials/Substrate/Glints2/dict_0007_0195.uasset" 10475
"../../../Engine/Content/EngineMaterials/Substrate/Glints2/dict_0007_0204.uasset" 10476
"/Engine/EngineMaterials/Substrate/Glints2/dict_0007_0199" 10477
"/Engine/EngineMaterials/Substrate/Glints2/dict_0007_0198" 10478
"/Engine/EngineMaterials/Substrate/Glints2/dict_0007_0197" 10479
"/Engine/EngineMaterials/Substrate/Glints2/dict_0007_0194" 10480
"/Engine/EngineMaterials/Substrate/Glints2/dict_0007_0207" 10481
"/Engine/EngineMaterials/Substrate/Glints2/dict_0007_0204" 10482
"/Engine/EngineMaterials/Substrate/Glints2/dict_0007_0195" 10483
"../../../Engine/Content/EngineMaterials/Substrate/Glints2/dict_0007_0209.uasset" 10484
"../../../Engine/Content/EngineMaterials/Substrate/Glints2/dict_0007_0208.uasset" 10485
"../../../Engine/Content/EngineMaterials/Substrate/Glints2/dict_0007_0212.uasset" 10486
"../../../Engine/Content/EngineMaterials/Substrate/Glints2/dict_0007_0211.uasset" 10487
"../../../Engine/Content/EngineMaterials/Substrate/Glints2/dict_0007_0214.uasset" 10488
"../../../Engine/Content/EngineMaterials/Substrate/Glints2/dict_0007_0210.uasset" 10489
"../../../Engine/Content/EngineMaterials/Substrate/Glints2/dict_0007_0215.uasset" 10490
"../../../Engine/Content/EngineMaterials/Substrate/Glints2/dict_0007_0216.uasset" 10491
"../../../Engine/Content/EngineMaterials/Substrate/Glints2/dict_0007_0196.uasset" 10492
"../../../Engine/Content/EngineMaterials/Substrate/Glints2/dict_0007_0213.uasset" 10493
"../../../Engine/Content/EngineMaterials/Substrate/Glints2/dict_0007_0217.uasset" 10494
"../../../Engine/Content/EngineMaterials/Substrate/Glints2/dict_0007_0222.uasset" 10495
"../../../Engine/Content/EngineMaterials/Substrate/Glints2/dict_0007_0221.uasset" 10496
"../../../Engine/Content/EngineMaterials/Substrate/Glints2/dict_0007_0223.uasset" 10497
"../../../Engine/Content/EngineMaterials/Substrate/Glints2/dict_0007_0220.uasset" 10498
"../../../Engine/Content/EngineMaterials/Substrate/Glints2/dict_0007_0219.uasset" 10499
"../../../Engine/Content/EngineMaterials/Substrate/Glints2/dict_0007_0226.uasset" 10500
"../../../Engine/Content/EngineMaterials/Substrate/Glints2/dict_0007_0225.uasset" 10501
"../../../Engine/Content/EngineMaterials/Substrate/Glints2/dict_0007_0224.uasset" 10502
"../../../Engine/Content/EngineMaterials/Substrate/Glints2/dict_0007_0203.uasset" 10503
"../../../Engine/Content/EngineMaterials/Substrate/Glints2/dict_0007_0202.uasset" 10504
"../../../Engine/Content/EngineMaterials/Substrate/Glints2/dict_0007_0218.uasset" 10505
"/Engine/EngineMaterials/Substrate/Glints2/dict_0007_0215" 10506
"../../../Engine/Content/EngineMaterials/Substrate/Glints2/dict_0007_0233.uasset" 10507
"../../../Engine/Content/EngineMaterials/Substrate/Glints2/dict_0007_0234.uasset" 10508
"../../../Engine/Content/EngineMaterials/Substrate/Glints2/dict_0007_0235.uasset" 10509
"../../../Engine/Content/EngineMaterials/Substrate/Glints2/dict_0007_0230.uasset" 10510
"../../../Engine/Content/EngineMaterials/Substrate/Glints2/dict_0007_0231.uasset" 10511
"../../../Engine/Content/EngineMaterials/Substrate/Glints2/dict_0007_0228.uasset" 10512
"../../../Engine/Content/EngineMaterials/Substrate/Glints2/dict_0007_0232.uasset" 10513
"/Engine/EngineMaterials/Substrate/Glints2/dict_0007_0225" 10514
"/Engine/EngineMaterials/Substrate/Glints2/dict_0007_0214" 10515
"/Engine/EngineMaterials/Substrate/Glints2/dict_0007_0224" 10516
"../../../Engine/Content/EngineMaterials/Substrate/Glints2/dict_0007_0236.uasset" 10517
"../../../Engine/Content/EngineMaterials/Substrate/Glints2/dict_0007_0227.uasset" 10518
"/Engine/EngineMaterials/Substrate/Glints2/dict_0007_0223" 10519
"/Engine/EngineMaterials/Substrate/Glints2/dict_0007_0213" 10520
"/Engine/EngineMaterials/Substrate/Glints2/dict_0007_0212" 10521
"/Engine/EngineMaterials/Substrate/Glints2/dict_0007_0211" 10522
"/Engine/EngineMaterials/Substrate/Glints2/dict_0007_0222" 10523
"/Engine/EngineMaterials/Substrate/Glints2/dict_0007_0210" 10524
"/Engine/EngineMaterials/Substrate/Glints2/dict_0007_0209" 10525
"/Engine/EngineMaterials/Substrate/Glints2/dict_0007_0208" 10526
"/Engine/EngineMaterials/Substrate/Glints2/dict_0007_0221" 10527
"/Engine/EngineMaterials/Substrate/Glints2/dict_0007_0220" 10528
"/Engine/EngineMaterials/Substrate/Glints2/dict_0007_0219" 10529
"/Engine/EngineMaterials/Substrate/Glints2/dict_0007_0203" 10530
"/Engine/EngineMaterials/Substrate/Glints2/dict_0007_0218" 10531
"/Engine/EngineMaterials/Substrate/Glints2/dict_0007_0202" 10532
"/Engine/EngineMaterials/Substrate/Glints2/dict_0007_0217" 10533
"/Engine/EngineMaterials/Substrate/Glints2/dict_0007_0196" 10534
"/Engine/EngineMaterials/Substrate/Glints2/dict_0007_0216" 10535
"/Engine/EngineMaterials/Substrate/Glints2/dict_0007_0226" 10536
"/Engine/EngineMaterials/Substrate/Glints2/dict_0007_0236" 10537
"/Engine/EngineMaterials/Substrate/Glints2/dict_0007_0233" 10538
"/Engine/EngineMaterials/Substrate/Glints2/dict_0007_0232" 10539
"/Engine/EngineMaterials/Substrate/Glints2/dict_0007_0235" 10540
"/Engine/EngineMaterials/Substrate/Glints2/dict_0007_0231" 10541
"/Engine/EngineMaterials/Substrate/Glints2/dict_0007_0230" 10542
"/Engine/EngineMaterials/Substrate/Glints2/dict_0007_0228" 10543
"../../../Engine/Content/EngineMaterials/Substrate/Glints2/dict_0007_0243.uasset" 10544
"../../../Engine/Content/EngineMaterials/Substrate/Glints2/dict_0007_0246.uasset" 10545
"../../../Engine/Content/EngineMaterials/Substrate/Glints2/dict_0007_0240.uasset" 10546
"../../../Engine/Content/EngineMaterials/Substrate/Glints2/dict_0007_0239.uasset" 10547
"../../../Engine/Content/EngineMaterials/Substrate/Glints2/dict_0007_0241.uasset" 10548
"../../../Engine/Content/EngineMaterials/Substrate/Glints2/dict_0007_0244.uasset" 10549
"../../../Engine/Content/EngineMaterials/Substrate/Glints2/dict_0007_0249.uasset" 10550
"../../../Engine/Content/EngineMaterials/Substrate/Glints2/dict_0007_0247.uasset" 10551
"/Engine/EngineMaterials/Substrate/Glints2/dict_0007_0227" 10552
"../../../Engine/Content/EngineMaterials/Substrate/Glints2/dict_0007_0242.uasset" 10553
"../../../Engine/Content/EngineMaterials/Substrate/Glints2/dict_0007_0245.uasset" 10554
"../../../Engine/Content/EngineMaterials/Substrate/Glints2/dict_0007_0238.uasset" 10555
"/Engine/EngineMaterials/Substrate/Glints2/dict_0007_0234" 10556
"../../../Engine/Content/EngineMaterials/Substrate/Glints2/dict_0007_0237.uasset" 10557
"/Engine/EngineMaterials/Substrate/Glints2/dict_0007_0249" 10558
"/Engine/EngineMaterials/Substrate/Glints2/dict_0007_0247" 10559
"/Engine/EngineMaterials/Substrate/Glints2/dict_0007_0246" 10560
"/Engine/EngineMaterials/Substrate/Glints2/dict_0007_0245" 10561
"/Engine/EngineMaterials/Substrate/Glints2/dict_0007_0244" 10562
"/Engine/EngineMaterials/Substrate/Glints2/dict_0007_0243" 10563
"/Engine/EngineMaterials/Substrate/Glints2/dict_0007_0242" 10564
"/Engine/EngineMaterials/Substrate/Glints2/dict_0007_0241" 10565
"/Engine/EngineMaterials/Substrate/Glints2/dict_0007_0240" 10566
"/Engine/EngineMaterials/Substrate/Glints2/dict_0007_0239" 10567
"/Engine/EngineMaterials/Substrate/Glints2/dict_0007_0238" 10568
"/Engine/EngineMaterials/Substrate/Glints2/dict_0007_0237" 10569
"../../../Engine/Content/EngineMaterials/Substrate/Glints2/dict_0007_0251.uasset" 10570
"../../../Engine/Content/EngineMaterials/Substrate/Glints2/dict_0007_0255.uasset" 10571
"../../../Engine/Content/EngineMaterials/Substrate/Glints2/dict_0007_0252.uasset" 10572
"../../../Engine/Content/EngineMaterials/Substrate/Volume/SubstrateSimpleVolumeLUT3D.uasset" 10573
"../../../Engine/Content/EngineMaterials/Substrate/Glints2/dict_0007_0250.uasset" 10574
"../../../Engine/Content/EngineMaterials/Substrate/Glints2/dict_0007_0254.uasset" 10575
"../../../Engine/Content/MobileResources/HUD/DefaultVirtualJoysticks.uasset" 10576
"../../../Engine/Content/EngineMaterials/PPM_DefaultCalibrationColor.uasset" 10577
"../../../Engine/Content/EngineMaterials/PPM_DefaultCalibrationGrayscale.uasset" 10578
"../../../Engine/Content/EngineMaterials/Substrate/Glints2/dict_0007_0248.uasset" 10579
"/Engine/EngineMaterials/Substrate/Glints2/dict_0007_0255" 10580
"/Engine/EngineMaterials/Substrate/Glints2/dict_0007_0254" 10581
"/Engine/EngineMaterials/Substrate/Glints2/dict_0007_0252" 10582
"/Engine/EngineMaterials/Substrate/Glints2/dict_0007_0251" 10583
"/Engine/EngineMaterials/Substrate/Glints2/dict_0007_0250" 10584
"../../../Engine/Content/EngineMaterials/Substrate/Glints2/dict_0007_0253.uasset" 10585
"/Engine/EngineMaterials/Substrate/Glints2/dict_0007_0248" 10586
"../../../Engine/Content/EngineMaterials/Substrate/Glints2/AGlintTex2dArray2.uasset" 10587
"/Engine/EngineMaterials/Substrate/Glints2/dict_0007_0253" 10588
"../../../Engine/Content/EngineMaterials/DefaultCalibrationColor.uasset" 10589
"../../../Engine/Content/Functions/MaterialLayerFunctions/MatLayerBlend_OverrideOpacity.uasset" 10590
"../../../Engine/Content/MobileResources/HUD/VirtualJoystick_Background.uasset" 10591
"../../../Engine/Content/EngineMaterials/DefaultCalibrationGrayscale.uasset" 10592
"../../../Engine/Content/EngineMaterials/Substrate/Volume/SubstrateSimpleVolumeEnvLUT2D.uasset" 10593
"../../../Engine/Content/EngineMaterials/Substrate/Volume/SubstrateSimpleVolumeLUT2D.uasset" 10594
"../../../Engine/Plugins/NNE/NNEDenoiser/Content/NNEDIM_HighQuality_Alpha.uasset" 10595
"../../../Engine/Plugins/NNE/NNEDenoiser/Content/NNEDIM_ColorAlbedoNormal_Default.uasset" 10596
"../../../Engine/Plugins/NNE/NNEDenoiser/Content/NNEDIM_ColorAlbedoNormal_Alpha.uasset" 10597
"../../../Engine/Plugins/Interchange/Assets/Content/Functions/MX_Displacement.uasset" 10598
"../../../Engine/Plugins/Interchange/Assets/Content/Functions/MX_Surface.uasset" 10599
"../../../Engine/Content/EngineMaterials/Substrate/Volume/SubstrateSimpleVolumeEnvLUT3D.uasset" 10600
"../../../Engine/Content/Functions/Engine_MaterialFunctions03/Procedurals/HeightToNormalSmooth.uasset" 10601
"../../../Engine/Content/MobileResources/HUD/VirtualJoystick_Thumb.uasset" 10602
"../../../Engine/Plugins/NNE/NNEDenoiser/Content/NNEDTOM_Output_Alpha.uasset" 10603
"../../../Engine/Plugins/NNE/NNEDenoiser/Content/NNEDIM_HighQuality_Default.uasset" 10604
"../../../Engine/Plugins/NNE/NNEDenoiser/Content/NNEDOM_Output_Alpha.uasset" 10605
"../../../Engine/Plugins/NNE/NNEDenoiser/Content/NNEDTIM_ColorAlbedoNormal_Alpha.uasset" 10606
"/Engine/EngineMaterials/Substrate/Volume/SubstrateSimpleVolumeLUT3D" 10607
"../../../Engine/Content/EngineMaterials/Substrate/Glints2/dict_0007_0229.uasset" 10608
"../../../Engine/Content/Functions/Engine_MaterialFunctions02/Utility/BlendAngleCorrectedNormals.uasset" 10609
"../../../Engine/Plugins/NNE/NNEDenoiser/Content/NNEDT_Oidn2-3_Balanced.uasset" 10610
"/Engine/EngineMaterials/PPM_DefaultCalibrationGrayscale" 10611
"../../../Engine/Plugins/NNE/NNEDenoiser/Content/NNED_Oidn2-3_Balanced_Alpha.uasset" 10612
"../../../Engine/Plugins/NNE/NNEDenoiser/Content/NNEDOM_Output_Default.uasset" 10613
"../../../Engine/Plugins/NNE/NNEDenoiser/Content/NNEDTOM_Output_Default.uasset" 10614
"../../../Engine/Plugins/NNE/NNEDenoiser/Content/NNED_Oidn2-3_Balanced.uasset" 10615
"/NNEDenoiser/NNEDIM_HighQuality_Alpha" 10616
"/NNEDenoiser/NNEDIM_ColorAlbedoNormal_Default" 10617
"/Engine/EngineMaterials/PPM_DefaultCalibrationColor" 10618
"/NNEDenoiser/NNEDIM_ColorAlbedoNormal_Alpha" 10619
"/Engine/Functions/Engine_MaterialFunctions03/Procedurals/HeightToNormalSmooth" 10620
"../../../Engine/Plugins/NNE/NNEDenoiser/Content/NNEDTIM_ColorAlbedoNormal_Default.uasset" 10621
"../../../Engine/Plugins/NNE/NNEDenoiser/Content/NNEDT_Oidn2-3_Balanced_Alpha.uasset" 10622
"/Engine/MobileResources/HUD/DefaultVirtualJoysticks" 10623
"/Engine/EngineMaterials/Substrate/Volume/SubstrateSimpleVolumeEnvLUT3D" 10624
"/InterchangeAssets/Functions/MX_Surface" 10625
"/Engine/EngineMaterials/Substrate/Glints2/AGlintTex2dArray2" 10626
"../../../Engine/Content/EditorResources/BSPVertex.uasset" 10627
"/NNEDenoiser/NNEDT_Oidn2-3_Balanced_Alpha" 10628
"/NNEDenoiser/NNEDT_Oidn2-3_Balanced" 10629
"../../../Engine/Plugins/NNE/NNEDenoiser/Content/NNED_Oidn2-3_HighQuality_Alpha.uasset" 10630
"../../../Engine/Plugins/NNE/NNEDenoiser/Content/NNED_Oidn2-3_Fast_Alpha.uasset" 10631
"../../../Engine/Plugins/NNE/NNEDenoiser/Content/NNED_Oidn2-3_HighQuality.uasset" 10632
"../../../Engine/Plugins/NNE/NNEDenoiser/Content/NNED_Oidn2-3_Fast.uasset" 10633
"../../../Engine/Plugins/NNE/NNEDenoiser/Content/NNE_oidn2-3-0_rt_hdr_calb_cnrm_large__dyn__fp16_opset11_ForwardAlpha.uasset" 10634
"../../../Engine/Plugins/NNE/NNEDenoiser/Content/NNE_oidn2-3-0_rt_hdr_alb_nrm_small__dyn__fp16_opset11_DenoiseAlpha.uasset" 10635
"../../../Engine/Plugins/NNE/NNEDenoiser/Content/NNE_oidn2-3-0_rt_hdr_alb_nrm__dyn__fp16_opset11_ForwardAlpha.uasset" 10636
"../../../Engine/Plugins/NNE/NNEDenoiser/Content/NNE_oidn2-3-0_rt_hdr_alb_nrm__dyn__fp16_opset11_DenoiseAlpha.uasset" 10637
"../../../Engine/Content/EngineDebugMaterials/DebugEditorMaterial.uasset" 10638
"/NNEDenoiser/NNED_Oidn2-3_Balanced_Alpha" 10639
"/NNEDenoiser/NNEDTOM_Output_Default" 10640
"/NNEDenoiser/NNEDTOM_Output_Alpha" 10641
"../../../Engine/Plugins/NNE/NNEDenoiser/Content/NNE_oidn2-3-0_rt_hdr_calb_cnrm_large__dyn__fp16_opset11_DenoiseAlpha.uasset" 10642
"../../../Engine/Content/EngineMaterials/FastBlueNoise_scalar_128x128x8.uasset" 10643
"/NNEDenoiser/NNEDTIM_ColorAlbedoNormal_Default" 10644
"/NNEDenoiser/NNEDOM_Output_Default" 10645
"/NNEDenoiser/NNED_Oidn2-3_Balanced" 10646
"../../../Engine/Content/EngineResources/FilmGrains/Marcie_Grain_v3_128_M2_000.uasset" 10647
"/NNEDenoiser/NNEDOM_Output_Alpha" 10648
"/NNEDenoiser/NNEDIM_HighQuality_Default" 10649
"/InterchangeAssets/Functions/MX_Displacement" 10650
"../../../Engine/Content/EngineResources/Development/ZenLogo_64.uasset" 10651
"../../../Engine/Content/EngineMaterials/FastBlueNoise_scalar_128x128x64.uasset" 10652
"/NNEDenoiser/NNEDTIM_ColorAlbedoNormal_Alpha" 10653
"../../../Engine/Plugins/Interchange/Runtime/Content/Pipelines/DefaultMaterialXPipeline.uasset" 10654
"../../../Engine/Plugins/Interchange/Runtime/Content/Pipelines/DefaultAssetsPipeline.uasset" 10655
"../../../Engine/Plugins/Interchange/Runtime/Content/Pipelines/DefaultGLTFAssetsPipeline.uasset" 10656
"../../../Engine/Plugins/Interchange/Runtime/Content/Pipelines/DefaultGLTFPipeline.uasset" 10657
"../../../Engine/Content/EngineSounds/Master.uasset" 10658
"/Engine/EngineMaterials/FastBlueNoise_scalar_128x128x8" 10659
"../../../Engine/Plugins/Interchange/Runtime/Content/Pipelines/DefaultMaterialPipeline.uasset" 10660
"../../../Engine/Plugins/Interchange/Runtime/Content/Pipelines/DefaultSceneLevelPipeline.uasset" 10661
"../../../Engine/Plugins/Interchange/Runtime/Content/Pipelines/DefaultSceneAssetsPipeline.uasset" 10662
"../../../Engine/Plugins/Interchange/Runtime/Content/Pipelines/DefaultGLTFSceneAssetsPipeline.uasset" 10663
"../../../Engine/Plugins/Interchange/Runtime/Content/Pipelines/DefaultTexturePipeline.uasset" 10664
"/Engine/EngineMaterials/FastBlueNoise_scalar_128x128x64" 10665
"/Engine/EngineDebugMaterials/DebugEditorMaterial" 10666
"/Engine/EngineResources/Development/ZenLogo_64" 10667
"../../../Engine/Plugins/NNE/NNEDenoiser/Content/NNE_oidn2-3-0_rt_hdr_alb_nrm_small__dyn__fp16_opset11_ForwardAlpha.uasset" 10668
"/Engine/EngineResources/FilmGrains/Marcie_Grain_v3_128_M2_000" 10669
"../../../Engine/Content/EngineMaterials/DefaultBloomKernel.uasset" 10670
"/Engine/EditorResources/BSPVertex" 10671
"../../../Engine/Content/EngineMaterials/EnergyConservation/Diffuse_Energy.uasset" 10672
"../../../Engine/Content/EngineMaterials/EnergyConservation/Sheen_Energy.uasset" 10673
"../../../Engine/Content/EngineMaterials/LTC/Sheen_LTC.uasset" 10674
"../../../Engine/Plugins/Interchange/Assets/Content/Functions/MX_SurfaceUnlit.uasset" 10675
"../../../Engine/Content/EngineMaterials/FastBlueNoise_vec2_128x128x64.uasset" 10676
"/NNEDenoiser/NNE_oidn2-3-0_rt_hdr_calb_cnrm_large__dyn__fp16_opset11_ForwardAlpha" 10677
"/NNEDenoiser/NNE_oidn2-3-0_rt_hdr_calb_cnrm_large__dyn__fp16_opset11_DenoiseAlpha" 10678
"C:/Users/EnekoMartinGomez/AppData/Local/Temp/UnrealShaderWorkingDir/1326FC684A63CE071D03AEA6D3BEA282/10/WorkerOutputOnly.out" 10679
"/NNEDenoiser/NNE_oidn2-3-0_rt_hdr_alb_nrm__dyn__fp16_opset11_ForwardAlpha" 10680
"/NNEDenoiser/NNE_oidn2-3-0_rt_hdr_alb_nrm__dyn__fp16_opset11_DenoiseAlpha" 10681
"/NNEDenoiser/NNE_oidn2-3-0_rt_hdr_alb_nrm_small__dyn__fp16_opset11_DenoiseAlpha" 10682
"/NNEDenoiser/NNED_Oidn2-3_HighQuality_Alpha" 10683
"/NNEDenoiser/NNED_Oidn2-3_HighQuality" 10684
"/NNEDenoiser/NNED_Oidn2-3_Fast_Alpha" 10685
"/NNEDenoiser/NNED_Oidn2-3_Fast" 10686
"/InterchangeAssets/Functions/MX_SurfaceUnlit" 10687
"/Interchange/Pipelines/DefaultGLTFSceneAssetsPipeline" 10688
"/Interchange/Pipelines/DefaultSceneLevelPipeline" 10689
"/Interchange/Pipelines/DefaultSceneAssetsPipeline" 10690
"/Interchange/Pipelines/DefaultTexturePipeline" 10691
"/Interchange/Pipelines/DefaultMaterialPipeline" 10692
"/Interchange/Pipelines/DefaultGLTFPipeline" 10693
"../../../Engine/Plugins/Interchange/Assets/Content/Functions/MX_UniformEDF.uasset" 10694
"../../../Engine/Plugins/Interchange/Assets/Content/Functions/MX_ConicalEDF.uasset" 10695
"../../../Engine/Plugins/Interchange/Assets/Content/Functions/MX_GeneralizedSchlickBSDF.uasset" 10696
"../../../Engine/Plugins/Interchange/Assets/Content/Functions/MX_SubsurfaceBSDF.uasset" 10697
"../../../Engine/Plugins/Interchange/Assets/Content/Functions/MX_SheenBSDF.uasset" 10698
"../../../Engine/Plugins/Interchange/Assets/Content/Functions/MX_OrenNayarBSDF.uasset" 10699
"../../../Engine/Plugins/Interchange/Assets/Content/Functions/MX_AbsorptionVDF.uasset" 10700
"../../../Engine/Plugins/Interchange/Assets/Content/Functions/MX_MeasuredEDF.uasset" 10701
"../../../Engine/Plugins/Interchange/Assets/Content/Functions/MX_ConductorBSDF.uasset" 10702
"../../../Engine/Plugins/Interchange/Assets/Content/Functions/MX_TranslucentBSDF.uasset" 10703
"../../../Engine/Plugins/Interchange/Assets/Content/Functions/MX_BurleyDiffuseBSDF.uasset" 10704
"../../../Engine/Plugins/Interchange/Assets/Content/Functions/MX_ThinFilmBSDF.uasset" 10705
"../../../Engine/Plugins/Interchange/Assets/Content/Functions/MX_DielectricBSDF.uasset" 10706
"../../../Engine/Plugins/Interchange/Assets/Content/Functions/MX_UsdPreviewSurface.uasset" 10707
"../../../Engine/Plugins/Interchange/Assets/Content/Functions/MX_AnisotropicVDF.uasset" 10708
"C:/Users/EnekoMartinGomez/AppData/Local/Temp/UnrealShaderWorkingDir/1326FC684A63CE071D03AEA6D3BEA282/8/WorkerOutputOnly.out" 10709
"C:/Users/EnekoMartinGomez/AppData/Local/Temp/UnrealShaderWorkingDir/1326FC684A63CE071D03AEA6D3BEA282/6/WorkerOutputOnly.out" 10710
"C:/Users/EnekoMartinGomez/AppData/Local/Temp/UnrealShaderWorkingDir/1326FC684A63CE071D03AEA6D3BEA282/12/WorkerOutputOnly.out" 10711
"C:/Users/EnekoMartinGomez/Desktop/Proyecto III/Casita/Casita/Intermediate/ORTOptimizerPass_OptimizedB21235B94B2A53EC706B9FB7EDDCAE34.onnx" 10712
"C:/Users/EnekoMartinGomez/Desktop/Proyecto III/Casita/Casita/Intermediate/ORTOptimizerPass_Optimized2D621DF149B99CB114FF528A3BD19A66.onnx" 10713
"C:/Users/EnekoMartinGomez/AppData/Local/Temp/UnrealShaderWorkingDir/1326FC684A63CE071D03AEA6D3BEA282/4/WorkerOutputOnly.out" 10714
"C:/Users/EnekoMartinGomez/AppData/Local/Temp/UnrealShaderWorkingDir/1326FC684A63CE071D03AEA6D3BEA282/7/WorkerOutputOnly.out" 10715
"C:/Users/EnekoMartinGomez/Desktop/Proyecto III/Casita/Casita/Intermediate/ORTOptimizerPass_OptimizedA8555C22458EBAF73C60448219D6FCD5.onnx" 10716
"C:/Users/EnekoMartinGomez/Desktop/Proyecto III/Casita/Casita/Intermediate/ORTOptimizerPass_OptimizedD5E8DBB349E2E4EEBD25A2B63C894EEF.onnx" 10717
"C:/Users/EnekoMartinGomez/AppData/Local/Temp/UnrealShaderWorkingDir/1326FC684A63CE071D03AEA6D3BEA282/3/WorkerOutputOnly.out" 10718
"C:/Users/EnekoMartinGomez/AppData/Local/Temp/UnrealShaderWorkingDir/1326FC684A63CE071D03AEA6D3BEA282/11/WorkerOutputOnly.out" 10719
"C:/Users/EnekoMartinGomez/Desktop/Proyecto III/Casita/Casita/Intermediate/ORTOptimizerPass_Optimized8570DFE747787C4175A710ABFE0BB833.onnx" 10720
"C:/Users/EnekoMartinGomez/Desktop/Proyecto III/Casita/Casita/Intermediate/ORTOptimizerPass_Optimized2AB1843D4E88CD4E9CA8FDBA3751437D.onnx" 10721
"C:/Users/EnekoMartinGomez/Desktop/Proyecto III/Casita/Casita/Intermediate/ORTOptimizerPass_OptimizedBB1403AC4E4FCC4DB795B992712013B5.onnx" 10722
"C:/Users/EnekoMartinGomez/Desktop/Proyecto III/Casita/Casita/Intermediate/ORTOptimizerPass_OptimizedEA9499F64B350EF9BD73A4A772BAB574.onnx" 10723
"C:/Users/EnekoMartinGomez/Desktop/Proyecto III/Casita/Casita/Intermediate/ORTOptimizerPass_Optimized2CE577C0437ACFC91CA8418ADA43E7A1.onnx" 10724
"C:/Users/EnekoMartinGomez/Desktop/Proyecto III/Casita/Casita/Intermediate/ORTOptimizerPass_OptimizedA551C84E4E558B32F99256AD05AD6B3A.onnx" 10725
"/Interchange/Pipelines/DefaultGLTFAssetsPipeline" 10726
"/Interchange/Pipelines/DefaultMaterialXPipeline" 10727
"/Interchange/Pipelines/DefaultAssetsPipeline" 10728
"/Engine/EngineSounds/Master" 10729
"/Engine/EngineMaterials/DefaultBloomKernel" 10730
"/Engine/EngineMaterials/EnergyConservation/Diffuse_Energy" 10731
"/Engine/EngineMaterials/EnergyConservation/Sheen_Energy" 10732
"/NNEDenoiser/NNE_oidn2-3-0_rt_hdr_alb_nrm_small__dyn__fp16_opset11_ForwardAlpha" 10733
"/Engine/EngineMaterials/LTC/Sheen_LTC" 10734
"/Engine/EngineMaterials/FastBlueNoise_vec2_128x128x64" 10735
"/InterchangeAssets/Functions/MX_AnisotropicVDF" 10736
"/InterchangeAssets/Functions/MX_AbsorptionVDF" 10737
"/InterchangeAssets/Functions/MX_MeasuredEDF" 10738
"/InterchangeAssets/Functions/MX_ConicalEDF" 10739
"/InterchangeAssets/Functions/MX_UniformEDF" 10740
"/InterchangeAssets/Functions/MX_ThinFilmBSDF" 10741
"../../../Engine/Plugins/Animation/ControlRig/Content/Controls/ControlRigGizmoMaterial.uasset" 10742
"C:/Users/EnekoMartinGomez/Desktop/Proyecto III/Casita/Casita/Intermediate/ORTOptimizerPass_Optimized76BCA59A4D1A03047194BCAD0F45F363.onnx" 10743
"C:/Users/EnekoMartinGomez/Desktop/Proyecto III/Casita/Casita/Intermediate/ORTOptimizerPass_OptimizedD10163B04A80AB03336C9B8298FF833C.onnx" 10744
"/InterchangeAssets/Functions/MX_SheenBSDF" 10745
"/InterchangeAssets/Functions/MX_SubsurfaceBSDF" 10746
"/InterchangeAssets/Functions/MX_GeneralizedSchlickBSDF" 10747
"/InterchangeAssets/Functions/MX_ConductorBSDF" 10748
"/InterchangeAssets/Functions/MX_DielectricBSDF" 10749
"/InterchangeAssets/Functions/MX_TranslucentBSDF" 10750
"/InterchangeAssets/Functions/MX_BurleyDiffuseBSDF" 10751
"/InterchangeAssets/Functions/MX_OrenNayarBSDF" 10752
"/InterchangeAssets/Functions/MX_UsdPreviewSurface" 10753
"/ControlRig/Controls/ControlRigGizmoMaterial" 10754
"C:/Users/EnekoMartinGomez/AppData/Local/Temp/UnrealShaderWorkingDir/1326FC684A63CE071D03AEA6D3BEA282/0/WorkerOutputOnly.out" 10755
"C:/Users/EnekoMartinGomez/AppData/Local/Temp/UnrealShaderWorkingDir/1326FC684A63CE071D03AEA6D3BEA282/2/WorkerOutputOnly.out" 10756
"C:/Users/EnekoMartinGomez/AppData/Local/Temp/UnrealShaderWorkingDir/1326FC684A63CE071D03AEA6D3BEA282/1/WorkerOutputOnly.out" 10757
"C:/Users/EnekoMartinGomez/Desktop/Proyecto III/Casita/Casita/Saved/Cooked/Windows/Casita/Metadata/CookedSettings.txt" 10758
